ik	7.589
je	7.543
het	7.438
de	7.420
dat	7.367
is	7.341
een	7.291
niet	7.267
en	7.159
van	7.057
wat	7.031
we	7.018
in	7.001
ze	6.979
hij	6.956
te	6.954
zijn	6.932
op	6.920
maar	6.916
er	6.899
met	6.857
voor	6.857
die	6.855
heb	6.836
me	6.834
als	6.815
was	6.762
ben	6.729
om	6.709
dit	6.688
mijn	6.676
aan	6.661
u	6.659
dan	6.643
n	6.642
naar	6.641
weet	6.638
hier	6.624
zo	6.610
jij	6.607
kan	6.606
geen	6.597
nog	6.586
ja	6.580
hem	6.576
heeft	6.575
wel	6.570
moet	6.569
wil	6.562
hebben	6.555
goed	6.537
haar	6.527
nee	6.521
hoe	6.493
nu	6.487
waar	6.477
over	6.461
ook	6.454
doen	6.442
uit	6.433
zou	6.429
ga	6.421
of	6.417
gaan	6.415
bent	6.414
mij	6.412
bij	6.405
al	6.389
ons	6.368
had	6.355
iets	6.354
daar	6.353
jullie	6.352
gaat	6.344
zal	6.343
m	6.342
hebt	6.341
kom	6.336
waarom	6.334
meer	6.333
deze	6.301
moeten	6.263
t	6.262
laat	6.261
kunnen	6.259
dus	6.252
jou	6.240
denk	6.231
wie	6.227
alles	6.219
echt	6.216
doe	6.210
door	6.209
alleen	6.198
s	6.192
toch	6.183
zien	6.172
weg	6.164
eens	6.158
man	6.144
misschien	6.144
laten	6.137
nooit	6.133
nou	6.129
zei	6.123
terug	6.123
oké	6.121
mee	6.115
niets	6.106
iemand	6.105
komt	6.084
toen	6.084
veel	6.076
even	6.073
onze	6.066
gewoon	6.059
weten	6.056
komen	6.053
nodig	6.053
mensen	6.051
tot	6.049
worden	6.037
zeggen	6.033
tijd	6.033
weer	6.029
leven	6.027
twee	6.019
net	6.015
tegen	6.012
maken	6.000
uw	5.998
zeg	5.993
omdat	5.991
zit	5.989
wordt	5.987
z	5.986
hou	5.981
kijk	5.974
heel	5.974
wij	5.973
altijd	5.959
mag	5.957
gedaan	5.956
dood	5.948
zeker	5.947
af	5.931
jaar	5.922
hun	5.921
wilde	5.919
dag	5.917
allemaal	5.912
jouw	5.912
huis	5.912
dacht	5.911
doet	5.907
vader	5.906
kunt	5.900
wacht	5.897
zie	5.887
vrouw	5.886
keer	5.881
andere	5.879
zoals	5.879
zij	5.875
dank	5.867
anders	5.866
geef	5.865
waren	5.864
willen	5.864
zich	5.860
bedankt	5.856
één	5.854
mr	5.852
erg	5.852
wilt	5.850
praten	5.843
spijt	5.842
geld	5.841
kon	5.841
werk	5.840
oh	5.838
iedereen	5.836
beter	5.836
werd	5.833
moeder	5.831
niemand	5.830
vinden	5.827
staat	5.827
gezien	5.822
niks	5.821
binnen	5.812
zitten	5.811
zullen	5.806
na	5.799
helpen	5.798
wist	5.797
vind	5.792
genoeg	5.783
sorry	5.775
vast	5.772
elkaar	5.772
ging	5.771
uur	5.770
klaar	5.767
hele	5.766
neem	5.763
leuk	5.759
natuurlijk	5.757
alle	5.755
god	5.750
maak	5.749
lang	5.748
kwam	5.742
graag	5.740
hé	5.739
toe	5.738
drie	5.738
zegt	5.737
bedoel	5.737
deed	5.733
dingen	5.732
maakt	5.731
alsjeblieft	5.730
eerste	5.728
krijgen	5.728
zonder	5.722
steeds	5.721
hallo	5.718
houden	5.716
vertellen	5.715
ziet	5.715
idee	5.712
geven	5.708
achter	5.707
geweest	5.699
blijven	5.697
helemaal	5.697
mooi	5.695
onder	5.694
kijken	5.691
zag	5.690
goede	5.688
naam	5.686
moest	5.685
blijf	5.682
kun	5.680
auto	5.680
luister	5.678
grote	5.677
lijkt	5.677
snel	5.675
ooit	5.672
vragen	5.671
paar	5.666
wanneer	5.664
want	5.661
meneer	5.660
nieuwe	5.659
gebeurd	5.659
zorgen	5.658
vriend	5.657
beetje	5.655
kinderen	5.652
gek	5.650
hand	5.647
vraag	5.643
laatste	5.642
geweldig	5.637
hadden	5.636
zelfs	5.630
enige	5.626
bang	5.623
nemen	5.620
samen	5.616
eten	5.615
o	5.614
zelf	5.613
hoor	5.607
geleden	5.607
staan	5.602
gevonden	5.597
jongen	5.596
denken	5.591
vandaag	5.591
denkt	5.586
beste	5.586
gezegd	5.583
thuis	5.581
wereld	5.580
jongens	5.579
heen	5.578
ken	5.571
hen	5.570
eerst	5.569
eigen	5.564
zoon	5.561
gelijk	5.560
buiten	5.559
vertel	5.559
morgen	5.556
meisje	5.555
probleem	5.553
alsof	5.552
geloof	5.551
halen	5.549
familie	5.549
elke	5.548
zouden	5.546
hoop	5.545
politie	5.542
mannen	5.534
bijna	5.533
vermoord	5.532
eigenlijk	5.529
werken	5.527
verdomme	5.527
horen	5.524
manier	5.524
zat	5.524
vrienden	5.523
precies	5.519
kind	5.515
hè	5.512
kleine	5.511
begrijp	5.509
wou	5.508
geeft	5.507
orde	5.504
houdt	5.502
verder	5.500
vroeg	5.497
stop	5.497
wachten	5.497
rustig	5.496
hoofd	5.493
krijg	5.491
daarom	5.489
gebeurt	5.488
soms	5.487
volgens	5.484
dagen	5.481
vond	5.477
krijgt	5.476
gemaakt	5.475
kant	5.475
werkt	5.473
open	5.471
gehad	5.471
voel	5.470
zaak	5.468
blij	5.467
volgende	5.467
zoek	5.467
kans	5.466
vanavond	5.462
bel	5.462
probeer	5.460
zoeken	5.454
oude	5.453
ding	5.453
moment	5.453
best	5.451
tussen	5.448
plaats	5.447
pas	5.447
gehoord	5.447
vijf	5.446
verteld	5.442
zet	5.436
prima	5.433
hulp	5.433
stad	5.432
vindt	5.429
brengen	5.427
pijn	5.426
slecht	5.424
geloven	5.423
eruit	5.423
minuten	5.421
school	5.420
plan	5.419
broer	5.419
pak	5.419
jezelf	5.415
hoeveel	5.415
kamer	5.409
betekent	5.407
spreken	5.407
juist	5.404
heet	5.403
soort	5.403
haal	5.400
ergens	5.400
vier	5.400
gebruiken	5.399
ligt	5.397
blijft	5.396
welke	5.395
proberen	5.394
dokter	5.393
agent	5.391
help	5.391
later	5.388
voordat	5.388
ogen	5.387
vrij	5.387
klopt	5.385
gaf	5.385
foto	5.384
word	5.384
zodat	5.382
dochter	5.380
problemen	5.377
plek	5.373
water	5.372
kent	5.372
week	5.372
beginnen	5.371
praat	5.370
eerder	5.370
lk	5.369
mis	5.368
handen	5.367
deur	5.364
baby	5.361
bellen	5.359
boven	5.359
groot	5.359
echte	5.359
hoeft	5.356
ie	5.356
doden	5.354
stoppen	5.353
moeilijk	5.353
dr	5.349
sinds	5.346
land	5.345
spelen	5.344
zoveel	5.342
hetzelfde	5.337
mevrouw	5.335
snap	5.334
breng	5.334
pakken	5.330
druk	5.329
verhaal	5.329
lekker	5.329
vrouwen	5.328
schat	5.328
vergeten	5.327
gebeuren	5.325
ervan	5.325
kreeg	5.324
waarschijnlijk	5.323
hoi	5.323
mogelijk	5.320
mooie	5.319
bloed	5.319
wees	5.315
nacht	5.315
nieuws	5.315
bed	5.314
liet	5.314
lopen	5.311
gelukkig	5.311
waarheid	5.311
reden	5.309
papa	5.309
hoorde	5.307
klinkt	5.305
maanden	5.305
vermoorden	5.304
zorg	5.304
dollar	5.302
bezig	5.301
voorbij	5.300
terwijl	5.299
sta	5.299
zaken	5.298
avond	5.298
tien	5.297
schuld	5.296
veilig	5.295
redden	5.292
hart	5.292
zult	5.292
duidelijk	5.290
stel	5.289
the	5.288
schiet	5.287
eraan	5.287
zes	5.287
begin	5.284
gekomen	5.283
vol	5.282
vriendin	5.282
rond	5.279
voelt	5.279
baas	5.278
moord	5.277
ander	5.277
klein	5.276
fijn	5.275
jaren	5.275
mam	5.270
lichaam	5.268
eerlijk	5.268
gezicht	5.268
ver	5.268
wakker	5.267
ouders	5.266
zoiets	5.266
leren	5.264
telefoon	5.264
los	5.262
per	5.260
mama	5.259
nummer	5.256
fout	5.256
mogen	5.254
meteen	5.253
slapen	5.252
zeer	5.252
dezelfde	5.250
liefde	5.249
alstublieft	5.248
deel	5.248
liggen	5.246
erop	5.245
vaak	5.245
vallen	5.244
belangrijk	5.240
sterven	5.238
oud	5.238
neer	5.237
buurt	5.237
langs	5.237
houd	5.235
rest	5.235
stond	5.233
sir	5.232
begrepen	5.231
drinken	5.230
team	5.226
vertelde	5.225
beneden	5.224
vergeet	5.224
vooruit	5.223
mrs	5.223
hoort	5.223
baan	5.221
dicht	5.221
inderdaad	5.221
geval	5.220
zetten	5.217
oorlog	5.216
mezelf	5.213
tijdens	5.212
john	5.211
maakte	5.211
kennen	5.210
gebruikt	5.210
oke	5.205
geluk	5.203
hey	5.202
hield	5.201
wapen	5.199
kop	5.198
vertrouwen	5.198
rust	5.198
mond	5.196
weken	5.194
elk	5.191
betalen	5.191
anderen	5.190
neemt	5.189
recht	5.189
nam	5.188
jack	5.187
kantoor	5.186
gegeven	5.185
ermee	5.185
overal	5.185
eén	5.183
daarna	5.183
tweede	5.182
onderzoek	5.181
welkom	5.181
hard	5.181
liever	5.180
bewijs	5.179
vanaf	5.179
aardig	5.176
klootzak	5.170
stuk	5.169
woord	5.169
veranderen	5.165
zin	5.164
straks	5.163
vent	5.162
zus	5.161
haat	5.161
vandaan	5.157
miss	5.156
lieverd	5.156
zichzelf	5.156
nieuw	5.154
ontmoeten	5.153
werden	5.148
allebei	5.147
minder	5.147
pap	5.146
nergens	5.146
kwaad	5.145
sam	5.145
erin	5.143
ervoor	5.143
kerel	5.143
gisteren	5.142
ontmoet	5.142
miljoen	5.140
ok	5.139
film	5.139
verloren	5.138
probeerde	5.137
gebeld	5.137
new	5.136
antwoord	5.134
noemen	5.133
informatie	5.133
boek	5.132
stil	5.132
kapitein	5.131
kwijt	5.130
enkel	5.129
valt	5.125
boos	5.121
licht	5.121
geworden	5.121
pa	5.119
persoon	5.118
konden	5.118
beschermen	5.117
slechte	5.116
ziekenhuis	5.116
gevoel	5.116
gegaan	5.115
voorzichtig	5.115
hond	5.114
rijden	5.113
eindelijk	5.113
gesproken	5.113
meisjes	5.112
aarde	5.110
ten	5.110
normaal	5.109
grappig	5.108
heren	5.107
voelen	5.107
moordenaar	5.103
mens	5.103
president	5.103
nogal	5.102
gevangenis	5.102
loopt	5.101
degene	5.101
prachtig	5.099
hoezo	5.097
kopen	5.096
vechten	5.096
punt	5.095
vreemd	5.095
trouwen	5.095
contact	5.094
verkeerd	5.093
meen	5.091
koffie	5.090
verwacht	5.090
schip	5.090
ziek	5.089
plezier	5.089
einde	5.088
stap	5.087
advocaat	5.085
begint	5.084
begon	5.084
enkele	5.083
erbij	5.083
gang	5.082
gebeurde	5.079
heer	5.075
herinner	5.074
jezus	5.074
opnieuw	5.073
serieus	5.073
zomaar	5.072
pardon	5.071
gevraagd	5.070
controle	5.069
getrouwd	5.069
daarmee	5.067
spel	5.067
bedoelt	5.065
perfect	5.064
stellen	5.064
juiste	5.061
koning	5.061
beloof	5.059
grond	5.058
waard	5.058
winnen	5.057
nadat	5.057
gebruik	5.055
naartoe	5.054
begrijpen	5.053
veranderd	5.053
acht	5.053
he	5.052
gingen	5.050
kwamen	5.049
leeft	5.047
leg	5.045
gekregen	5.045
langer	5.045
verliezen	5.041
vroeger	5.040
lucht	5.040
wapens	5.039
verlaten	5.039
probeert	5.038
dames	5.038
seks	5.037
schieten	5.037
toekomst	5.036
behalve	5.034
slim	5.033
meest	5.032
stuur	5.032
leger	5.032
woorden	5.031
zeven	5.031
brengt	5.030
charlie	5.028
half	5.027
hierheen	5.027
trots	5.026
spullen	5.025
geheim	5.024
helpt	5.023
vraagt	5.023
michael	5.022
weinig	5.022
ongeveer	5.021
schatje	5.021
sommige	5.020
makkelijk	5.020
kracht	5.020
gedood	5.020
gestolen	5.018
tenminste	5.018
lange	5.017
ongeluk	5.016
frank	5.016
zodra	5.015
werkte	5.015
wilden	5.015
eet	5.014
slechts	5.014
lief	5.013
nietwaar	5.013
relatie	5.012
trek	5.012
afgelopen	5.012
val	5.011
volgen	5.011
ter	5.011
voelde	5.010
bekend	5.008
bewijzen	5.007
hoef	5.006
via	5.005
oom	5.005
loop	5.005
belde	5.004
lijken	5.003
sturen	5.002
men	5.001
slachtoffer	5.000
george	5.000
genomen	5.000
maand	4.999
onzin	4.998
meid	4.998
york	4.998
erger	4.997
idioot	4.997
ziens	4.996
dienst	4.996
erover	4.995
feest	4.994
leek	4.994
vreselijk	4.994
eentje	4.994
gevaar	4.994
wonen	4.994
grootste	4.993
succes	4.993
vertrekken	4.992
jawel	4.991
muziek	4.991
mocht	4.990
raar	4.989
slaap	4.988
joe	4.986
absoluut	4.986
vorige	4.986
ruimte	4.984
ieder	4.983
schuldig	4.982
goeie	4.981
begonnen	4.981
luisteren	4.981
sterk	4.980
omhoog	4.979
totdat	4.979
afspraak	4.979
lezen	4.978
zwarte	4.976
vanwege	4.976
hemel	4.976
tenzij	4.976
gisteravond	4.975
begrijpt	4.975
ene	4.975
lag	4.975
naast	4.975
vooral	4.974
fantastisch	4.971
gered	4.971
viel	4.971
trouwens	4.970
uh	4.969
bank	4.969
pistool	4.965
noem	4.965
bedrijf	4.964
camera	4.964
blijkbaar	4.964
woont	4.961
verkopen	4.961
beide	4.961
zolang	4.961
straat	4.961
mike	4.959
geest	4.958
david	4.958
vuur	4.958
peter	4.957
verkeerde	4.957
moesten	4.957
lieve	4.954
tom	4.953
geprobeerd	4.953
meeste	4.952
kijkt	4.952
stierf	4.951
hotel	4.951
droom	4.951
verliefd	4.951
jammer	4.950
gedacht	4.949
let	4.948
rug	4.947
vertaling	4.947
slaan	4.946
gaten	4.946
doel	4.946
meter	4.945
drugs	4.944
gevaarlijk	4.942
geweldige	4.942
lijst	4.941
fbi	4.940
namen	4.938
deden	4.937
jonge	4.936
schelen	4.935
goedemorgen	4.934
dragen	4.934
iedere	4.934
excuseer	4.933
stom	4.932
jong	4.931
zover	4.931
betaald	4.931
kende	4.931
kleren	4.931
gesprek	4.930
lukt	4.929
welk	4.929
vertelt	4.928
prijs	4.928
voorstellen	4.927
huwelijk	4.927
tv	4.926
missen	4.926
schrijven	4.926
groep	4.926
herinneren	4.924
regels	4.924
vonden	4.923
vliegtuig	4.921
onderweg	4.920
delen	4.920
geleerd	4.920
stomme	4.920
bestaat	4.919
james	4.918
vertrouw	4.917
daarvoor	4.917
shit	4.916
trekken	4.916
zak	4.914
vanuit	4.913
gebracht	4.912
stem	4.912
gezin	4.912
keuze	4.911
raken	4.910
direct	4.910
verdomde	4.910
boot	4.908
dom	4.907
verleden	4.907
gemist	4.906
duurt	4.906
gedachten	4.905
situatie	4.905
moe	4.904
deal	4.904
tafel	4.903
band	4.903
generaal	4.903
reis	4.901
partner	4.900
leuke	4.899
raad	4.899
honger	4.898
geraakt	4.897
gebouw	4.897
zwaar	4.897
gast	4.896
gestuurd	4.896
geboren	4.895
bracht	4.895
rechter	4.895
agenten	4.894
bureau	4.893
macht	4.893
spreek	4.892
derde	4.890
regel	4.890
kolonel	4.890
ruzie	4.889
oma	4.889
zeiden	4.888
speelt	4.888
dronken	4.888
vliegen	4.887
luitenant	4.886
gelooft	4.886
arme	4.886
seconden	4.883
liep	4.882
tuurlijk	4.882
red	4.882
gefeliciteerd	4.882
koud	4.879
regelen	4.879
henry	4.878
bericht	4.877
vlucht	4.877
moeite	4.876
hel	4.876
dame	4.875
oog	4.874
ma	4.873
dansen	4.873
teken	4.872
onmogelijk	4.871
gewerkt	4.871
helaas	4.870
grapje	4.870
arm	4.870
show	4.870
lachen	4.869
leggen	4.869
sleutel	4.869
wet	4.869
liefje	4.868
keek	4.867
paul	4.866
alex	4.866
aantal	4.864
zoekt	4.864
extra	4.863
zweer	4.862
leiden	4.861
harry	4.859
mary	4.859
lijk	4.858
kapot	4.857
bleef	4.857
sneller	4.857
gebroken	4.857
uiteindelijk	4.856
verdwenen	4.856
kaart	4.855
kerk	4.854
mijne	4.854
dode	4.853
brand	4.853
i	4.852
max	4.852
betrokken	4.851
wegwezen	4.851
plannen	4.850
volg	4.850
lastig	4.850
tijdje	4.849
negen	4.848
gebied	4.847
beiden	4.847
eind	4.845
operatie	4.845
diep	4.843
persoonlijk	4.842
liegen	4.841
zwanger	4.841
club	4.840
respect	4.839
steek	4.839
waarvoor	4.838
missie	4.838
cool	4.837
danny	4.837
amerika	4.837
zon	4.835
kost	4.835
paard	4.834
waarop	4.834
maat	4.834
brief	4.834
raak	4.834
rijk	4.833
rij	4.833
risico	4.833
meestal	4.832
witte	4.832
getuige	4.831
kwalijk	4.831
rechercheur	4.830
schoenen	4.829
bar	4.829
hoeven	4.828
midden	4.828
hopelijk	4.828
lijn	4.827
eer	4.826
gezet	4.826
zuster	4.825
bal	4.825
a	4.824
sprak	4.824
aanval	4.823
aandacht	4.822
kiezen	4.822
komaan	4.821
rode	4.821
meiden	4.820
amerikaanse	4.820
adres	4.819
zee	4.816
hoog	4.814
feestje	4.814
gekocht	4.814
bevel	4.814
wedstrijd	4.813
sluiten	4.812
daarvan	4.812
jimmy	4.812
volledig	4.811
rot	4.811
les	4.810
ziel	4.810
interessant	4.809
slag	4.809
sluit	4.809
zelfmoord	4.808
computer	4.807
planeet	4.806
bereiken	4.805
verdachte	4.805
sarah	4.804
gelezen	4.804
uitleggen	4.804
beloofd	4.804
laatst	4.803
winkel	4.803
zul	4.802
wagen	4.802
angst	4.802
muur	4.802
leeg	4.801
bezoek	4.800
stelen	4.799
gewonnen	4.799
positie	4.798
wisten	4.798
sheriff	4.798
bekijken	4.797
helft	4.796
r	4.796
warm	4.795
keus	4.795
vanmorgen	4.795
park	4.793
zulke	4.793
nick	4.793
heerlijk	4.792
gevallen	4.792
zaten	4.791
rennen	4.791
gewond	4.791
sergeant	4.791
volk	4.790
dieren	4.790
kort	4.789
spreekt	4.789
ah	4.789
allen	4.789
tony	4.788
verdient	4.788
onderzoeken	4.787
haast	4.787
dromen	4.787
systeem	4.786
meester	4.786
kont	4.785
enig	4.785
ontdekt	4.785
verkocht	4.784
tante	4.783
bewegen	4.782
geschreven	4.782
groter	4.782
neus	4.781
ach	4.781
verklaring	4.781
broek	4.781
verdienen	4.780
speel	4.780
hangt	4.780
vijand	4.779
gelukt	4.778
verschillende	4.778
speciale	4.777
verrassing	4.777
vreemde	4.776
sla	4.776
geschiedenis	4.775
erachter	4.775
lul	4.775
bezorgd	4.774
hoogte	4.773
vrede	4.771
meegenomen	4.770
zagen	4.770
liegt	4.769
bus	4.769
belachelijk	4.768
betere	4.768
raam	4.768
wijn	4.767
mes	4.766
ontslagen	4.766
geheime	4.765
gehouden	4.764
weggaan	4.764
weekend	4.763
eh	4.763
excuses	4.762
getuigen	4.762
jim	4.761
bom	4.761
inspecteur	4.761
gehaald	4.761
spoor	4.760
held	4.759
benen	4.758
dachten	4.758
waarvan	4.758
tas	4.758
thee	4.758
ray	4.757
jane	4.757
overleven	4.757
belt	4.757
meenemen	4.757
nek	4.757
gevecht	4.755
bestaan	4.755
ongelooflijk	4.755
slachtoffers	4.754
drink	4.754
ring	4.754
donker	4.753
links	4.753
dichtbij	4.752
bereid	4.752
feit	4.752
vriendje	4.751
professor	4.749
verschil	4.749
collega	4.749
spul	4.749
boeken	4.748
slaat	4.748
will	4.748
alweer	4.747
rekening	4.747
gooi	4.747
beslissing	4.746
verlies	4.746
been	4.746
verjaardag	4.746
lift	4.746
tommy	4.746
bob	4.745
koningin	4.745
teveel	4.744
levend	4.744
waarmee	4.744
raakt	4.743
draagt	4.743
verandert	4.742
trein	4.742
da	4.742
monster	4.742
raakte	4.741
sporen	4.741
opa	4.741
zingen	4.741
voeten	4.739
lot	4.739
richting	4.739
knap	4.738
duren	4.737
speciaal	4.737
gebruikte	4.737
gestopt	4.737
hoge	4.736
gesloten	4.736
boord	4.736
bedoelde	4.736
gepakt	4.734
you	4.733
draai	4.732
vannacht	4.732
ijs	4.732
enorme	4.731
reed	4.731
beurt	4.731
koop	4.731
appartement	4.730
cel	4.730
d	4.730
begraven	4.729
indruk	4.729
vlees	4.728
strijd	4.728
ochtend	4.728
keuken	4.726
energie	4.726
vernietigen	4.726
geregeld	4.725
plaatsen	4.725
gevoelens	4.725
last	4.724
la	4.724
bedanken	4.724
ophouden	4.724
hangen	4.724
kennis	4.723
bill	4.723
patiënt	4.722
zware	4.721
basis	4.721
kat	4.721
glas	4.720
sloeg	4.720
dankzij	4.720
dader	4.720
gasten	4.719
zwart	4.718
betaal	4.718
adem	4.718
richard	4.717
boodschap	4.715
grap	4.715
bos	4.715
geholpen	4.714
godsnaam	4.713
prachtige	4.713
neergeschoten	4.713
werkelijk	4.713
gestorven	4.712
huilen	4.711
commandant	4.711
billy	4.711
soldaten	4.711
jake	4.711
jurk	4.710
gevangen	4.710
veiligheid	4.709
hoek	4.709
hiermee	4.708
afstand	4.708
kilometer	4.708
regering	4.708
stoel	4.708
onschuldig	4.707
kogel	4.707
londen	4.707
vlak	4.707
stuurde	4.707
fijne	4.707
waarin	4.706
voet	4.706
haalt	4.706
ontsnappen	4.706
gooien	4.706
rechts	4.706
ineens	4.706
ouwe	4.705
test	4.705
toestemming	4.705
wraak	4.705
breken	4.704
rol	4.704
opschieten	4.704
kalm	4.703
goud	4.703
verantwoordelijk	4.703
enorm	4.702
bespreken	4.702
noemt	4.702
verdorie	4.702
ervaring	4.702
soldaat	4.702
gepraat	4.702
steve	4.702
mark	4.701
totaal	4.701
and	4.700
gratis	4.700
overleden	4.700
moorden	4.699
eiland	4.697
beeld	4.696
passen	4.696
leeftijd	4.696
noemde	4.696
tekenen	4.695
doorgaan	4.695
boom	4.695
uitzoeken	4.695
dak	4.694
besloten	4.694
lunch	4.693
ryan	4.692
vele	4.692
schoon	4.692
controleren	4.692
gearresteerd	4.692
schoot	4.692
eraf	4.691
achteruit	4.691
johnny	4.691
belangrijke	4.691
lees	4.691
perfecte	4.691
dorp	4.690
eikel	4.690
bobby	4.690
dossier	4.689
past	4.689
code	4.689
vieren	4.689
geluid	4.688
homo	4.687
verschrikkelijk	4.687
stelt	4.687
slaapt	4.687
bier	4.686
dna	4.686
hoelang	4.684
eenmaal	4.684
simpel	4.684
zocht	4.684
blauwe	4.684
stukje	4.683
vermist	4.683
zorgt	4.683
gat	4.682
ouder	4.682
kate	4.682
schrijf	4.682
schreef	4.682
wens	4.682
geslagen	4.682
parijs	4.681
toevallig	4.681
leiding	4.680
edelachtbare	4.680
bouwen	4.680
geweten	4.679
heilige	4.679
restaurant	4.678
sterft	4.678
toegang	4.678
verbergen	4.677
draait	4.677
leidt	4.677
armen	4.677
luke	4.676
taak	4.676
ware	4.675
lab	4.674
misdaad	4.674
nadenken	4.674
vakantie	4.674
behoorlijk	4.673
sleutels	4.673
video	4.672
levens	4.672
geniet	4.671
draaien	4.671
vertrek	4.670
betreft	4.669
eric	4.669
slot	4.669
ms	4.668
verpest	4.668
proces	4.668
opdracht	4.668
programma	4.668
klote	4.667
leider	4.667
actie	4.666
waardoor	4.666
antwoorden	4.666
gezeten	4.666
bruiloft	4.665
vorm	4.664
woon	4.664
directeur	4.663
cliënt	4.660
goedenavond	4.660
advies	4.660
hoewel	4.660
eddie	4.660
chris	4.659
uren	4.659
welterusten	4.658
tijden	4.658
volwassen	4.658
vuile	4.658
majoor	4.657
radio	4.657
aangenaam	4.657
drankje	4.656
maan	4.656
kregen	4.655
gemakkelijk	4.655
vergeef	4.655
klas	4.655
krant	4.654
langzaam	4.654
kosten	4.654
martin	4.654
procent	4.653
mist	4.653
pad	4.653
vrijheid	4.652
verdwijnen	4.652
gelogen	4.652
beweging	4.651
twijfel	4.651
neef	4.650
gemeen	4.649
fles	4.649
dol	4.649
draag	4.649
vis	4.648
waarover	4.648
rood	4.648
hersenen	4.647
der	4.647
verloor	4.647
taxi	4.647
voorkomen	4.647
medicijnen	4.646
okay	4.646
binnenkort	4.645
doos	4.645
terecht	4.645
mening	4.645
geweer	4.645
bezit	4.644
top	4.644
wonder	4.643
vergeven	4.642
stopt	4.642
hopen	4.640
thomas	4.640
ophalen	4.640
wind	4.640
oplossen	4.640
jaloers	4.640
kevin	4.640
rachel	4.640
onmiddellijk	4.639
gedrag	4.638
charles	4.638
stemmen	4.638
ontbijt	4.637
lol	4.637
walter	4.637
honden	4.636
ontvangen	4.636
verhalen	4.636
rivier	4.636
twaalf	4.636
voedsel	4.636
gauw	4.636
volgt	4.635
vaker	4.635
adam	4.635
keren	4.635
klanten	4.634
chef	4.634
wint	4.634
brian	4.634
minuut	4.634
anna	4.633
detective	4.633
verraden	4.633
don	4.633
geweld	4.632
akkoord	4.631
tonen	4.631
genoemd	4.631
gewone	4.631
papieren	4.630
verband	4.630
hoopte	4.630
rare	4.630
brug	4.630
jas	4.629
bloemen	4.629
daniel	4.629
trap	4.629
mijnheer	4.629
aanvallen	4.629
leer	4.629
street	4.629
opnemen	4.629
robert	4.628
schade	4.628
blijkt	4.627
bijzonder	4.627
huid	4.626
krachten	4.626
zakken	4.625
openen	4.625
arts	4.624
hoer	4.624
gestoord	4.623
scott	4.623
gegeten	4.622
echtgenoot	4.622
bedoeling	4.622
durf	4.621
trouw	4.621
bedenken	4.621
ergste	4.621
bedacht	4.621
tegenhouden	4.620
vermoordde	4.620
nachts	4.620
vertrokken	4.620
knul	4.619
engels	4.618
start	4.618
favoriete	4.618
persoonlijke	4.618
bepaalde	4.617
sommigen	4.617
yeah	4.617
momentje	4.616
medische	4.616
sexy	4.615
burgemeester	4.615
lee	4.615
officier	4.614
kussen	4.613
date	4.613
ster	4.613
gezocht	4.612
captain	4.612
wezen	4.611
roep	4.611
details	4.611
zomer	4.609
dikke	4.609
ruikt	4.609
eigenaar	4.609
motor	4.609
universiteit	4.609
hielp	4.609
kus	4.608
luistert	4.608
gegevens	4.608
claire	4.608
beveiliging	4.608
nagedacht	4.608
lisa	4.608
gekozen	4.607
betaalt	4.607
betekenen	4.607
verborgen	4.606
publiek	4.606
carrière	4.606
tanden	4.605
amy	4.605
rapport	4.605
super	4.602
vrije	4.602
geheimen	4.601
opeens	4.601
beest	4.601
afgesproken	4.601
halve	4.600
rijdt	4.600
belangrijkste	4.599
kamp	4.598
leef	4.598
washington	4.597
steun	4.597
afdeling	4.596
honderd	4.596
vorig	4.595
rook	4.595
boel	4.595
vecht	4.595
strand	4.594
jason	4.594
magie	4.594
oplossing	4.593
type	4.592
rusten	4.592
droeg	4.591
wellicht	4.591
beelden	4.591
genaamd	4.590
terugkomen	4.590
voeren	4.590
waardeer	4.590
nauwelijks	4.589
bad	4.589
bieden	4.589
geïnteresseerd	4.589
verlaat	4.588
duivel	4.588
overkomen	4.587
speelde	4.586
pond	4.585
ballen	4.584
duizenden	4.584
gedoe	4.584
city	4.584
nerveus	4.584
locatie	4.583
blik	4.582
doelwit	4.582
gekke	4.582
meegemaakt	4.581
twintig	4.580
emily	4.580
klant	4.580
kerels	4.580
loog	4.579
post	4.579
aangevallen	4.579
oren	4.579
emma	4.578
springen	4.578
gevolgd	4.577
releases	4.576
lach	4.576
ontmoette	4.576
zwak	4.576
engeland	4.575
ziekte	4.575
sterren	4.575
kyle	4.575
trekt	4.575
toilet	4.574
steen	4.574
logisch	4.574
landen	4.574
geloofde	4.574
fouten	4.572
verwachten	4.572
leo	4.571
dankbaar	4.570
veroorzaakt	4.570
duizend	4.570
wow	4.569
aangedaan	4.569
andy	4.569
jury	4.569
verslaan	4.569
vangen	4.568
christus	4.568
maria	4.568
testen	4.568
grens	4.568
paniek	4.567
nogmaals	4.567
telefoontje	4.567
steken	4.566
jesse	4.566
pete	4.565
ontsnapt	4.565
herinnert	4.565
paarden	4.564
vaders	4.564
theorie	4.564
kleur	4.564
prins	4.564
vissen	4.564
bron	4.563
lid	4.563
drank	4.563
vergadering	4.563
gebleven	4.563
meerdere	4.563
ondanks	4.563
machine	4.563
moeders	4.563
signaal	4.562
geslapen	4.562
lijden	4.562
stappen	4.562
carter	4.561
eeuwig	4.561
vreselijke	4.561
km	4.561
matt	4.560
doodde	4.560
dik	4.560
verkoop	4.560
rechtbank	4.559
harde	4.559
genezen	4.559
begrafenis	4.557
veld	4.557
straf	4.557
uitgenodigd	4.556
laag	4.556
grace	4.556
kies	4.556
wiens	4.555
william	4.555
schattig	4.555
dr.	4.555
schot	4.554
vijanden	4.554
neuken	4.554
broers	4.553
jagen	4.553
tevreden	4.553
gaven	4.553
taart	4.553
domme	4.552
flat	4.551
manieren	4.551
afmaken	4.550
vriendelijk	4.550
san	4.550
sterker	4.550
vluchten	4.550
pers	4.550
project	4.549
st	4.549
vertrekt	4.549
belang	4.549
frankrijk	4.549
lukken	4.548
geschoten	4.548
prinses	4.547
zwaard	4.547
aandoen	4.547
arthur	4.547
annie	4.547
makkelijker	4.546
gedragen	4.546
bende	4.546
ernstig	4.546
gezond	4.545
jouwe	4.545
vingers	4.545
las	4.544
arresteren	4.542
tuin	4.542
ideeën	4.542
korte	4.541
gelaten	4.541
sean	4.541
duitse	4.541
vrijdag	4.540
opstaan	4.540
kunst	4.540
sterke	4.540
afscheid	4.539
menselijke	4.539
minister	4.539
clark	4.539
coach	4.538
verboden	4.538
kelder	4.537
gezelschap	4.536
bijvoorbeeld	4.535
achtergelaten	4.535
duur	4.535
compleet	4.535
to	4.535
eng	4.535
toeval	4.534
snapt	4.534
hiervan	4.534
miljoenen	4.534
simon	4.533
jerry	4.533
war	4.533
melk	4.533
kelly	4.533
lui	4.533
genieten	4.533
aannemen	4.532
uitstekend	4.532
tegenover	4.532
dichterbij	4.532
chicago	4.532
kocht	4.532
stuurt	4.531
volle	4.530
schijnt	4.530
lenen	4.529
moed	4.528
alice	4.527
vergissing	4.527
patiënten	4.526
toon	4.526
normale	4.526
broeder	4.526
kaarten	4.526
films	4.525
reizen	4.524
ruim	4.524
herinneringen	4.524
gedachte	4.524
saai	4.523
joey	4.523
roken	4.523
truck	4.522
gaaf	4.522
tegenwoordig	4.521
kwestie	4.521
zette	4.521
opzij	4.521
gaande	4.521
omgeving	4.520
kip	4.520
verstopt	4.520
leerde	4.520
vanochtend	4.520
kast	4.519
officieel	4.519
aanbod	4.519
sms	4.519
vernietigd	4.518
verliest	4.518
menselijk	4.518
contract	4.517
lady	4.517
mooiste	4.517
flink	4.517
majesteit	4.517
cia	4.517
carl	4.517
sukkel	4.516
stopte	4.516
haalde	4.516
verdiend	4.516
genoegen	4.515
senator	4.514
buren	4.514
alan	4.514
internet	4.514
vloer	4.514
zwemmen	4.514
taylor	4.514
bedoeld	4.514
opgesloten	4.514
ontslag	4.513
bekijk	4.513
borst	4.512
schreeuwen	4.512
bevalt	4.512
hoger	4.512
blanke	4.512
redenen	4.511
harder	4.511
ed	4.511
ontvoerd	4.511
vasthouden	4.511
dave	4.510
lucy	4.510
behandelen	4.510
berg	4.509
noorden	4.509
opgeven	4.509
bepaald	4.508
spelletje	4.508
maatje	4.507
daardoor	4.507
omstandigheden	4.507
opgelost	4.506
heus	4.506
koken	4.506
vingerafdrukken	4.506
trut	4.506
eenvoudig	4.505
hiervoor	4.505
stukken	4.505
tent	4.505
pauze	4.505
raden	4.505
roepen	4.505
leugenaar	4.504
bek	4.504
vervangen	4.504
alarm	4.504
interesse	4.504
talent	4.504
bereikt	4.504
amerikanen	4.503
kanker	4.503
ted	4.503
aangezien	4.502
beslissen	4.502
des	4.502
rose	4.502
cadeau	4.501
mexico	4.501
kerst	4.501
louis	4.501
invloed	4.500
geheugen	4.500
station	4.499
doorheen	4.499
vogel	4.499
verantwoordelijkheid	4.499
pillen	4.499
rome	4.498
diner	4.498
besluit	4.498
vlug	4.498
deuren	4.497
woonde	4.497
west	4.497
huh	4.497
verstand	4.496
moeilijke	4.496
juffrouw	4.496
bescherming	4.496
quality	4.495
stilte	4.494
bak	4.494
papier	4.494
erom	4.494
volledige	4.494
zojuist	4.493
kilo	4.493
chuck	4.493
vormen	4.493
vaarwel	4.493
storm	4.492
hoed	4.492
leugen	4.492
ambulance	4.492
opgenomen	4.491
beslist	4.491
pizza	4.491
verdween	4.491
ontdekken	4.490
eenheid	4.490
verzoek	4.490
overtuigen	4.490
militaire	4.489
kogels	4.489
toegeven	4.489
smith	4.488
gedronken	4.488
high	4.488
quantity	4.488
gekeken	4.487
phil	4.487
cent	4.487
punten	4.487
reet	4.487
garage	4.486
vrees	4.486
big	4.486
kluis	4.486
slaapkamer	4.486
vandoor	4.486
wit	4.486
bezoeken	4.485
politiek	4.485
mogelijkheid	4.485
vertrok	4.484
jackson	4.484
verdomd	4.484
vervelend	4.483
vs	4.483
rekenen	4.482
klap	4.481
aanbieden	4.481
abby	4.481
streek	4.481
zaterdag	4.480
uwe	4.480
zicht	4.480
jones	4.479
elf	4.479
gewend	4.479
reactie	4.479
jazeker	4.478
blauw	4.478
herken	4.478
verbonden	4.478
reken	4.478
schoonheid	4.477
ho	4.477
hank	4.477
klus	4.477
verandering	4.477
vermoordt	4.476
accepteren	4.475
biertje	4.475
roger	4.474
helen	4.474
gebouwd	4.474
aankomen	4.474
trok	4.474
larry	4.474
verhuizen	4.472
waarde	4.472
troep	4.472
kust	4.472
graf	4.471
dans	4.471
verdediging	4.471
bleek	4.471
taal	4.471
grotere	4.471
dier	4.470
aanklacht	4.470
overheid	4.470
wed	4.470
lossen	4.469
huizen	4.469
uiteraard	4.469
gerust	4.469
manager	4.468
verdedigen	4.468
valse	4.468
lieten	4.468
westen	4.467
amper	4.467
bekeken	4.467
stal	4.467
job	4.467
maakten	4.466
niveau	4.466
binnenkomen	4.465
poging	4.464
behandeld	4.464
overtuigd	4.464
gewacht	4.464
stroom	4.464
wetenschap	4.464
momenteel	4.464
wauw	4.464
liedje	4.463
vals	4.463
vincent	4.463
onderzocht	4.463
duurde	4.463
lily	4.463
josh	4.462
keel	4.462
schepen	4.462
gouden	4.462
blind	4.462
achterlaten	4.462
gevangene	4.461
robin	4.461
voordeel	4.461
gevangenen	4.461
eieren	4.461
verbrand	4.461
geduld	4.461
eeuw	4.461
europa	4.461
gescheiden	4.460
snelheid	4.460
aardige	4.460
gary	4.460
rotzooi	4.459
heette	4.459
brak	4.459
lichamen	4.459
bidden	4.458
natuur	4.458
maggie	4.458
wijs	4.457
buik	4.457
vinger	4.457
king	4.457
gespeeld	4.457
feiten	4.457
virus	4.457
ha	4.457
jeff	4.457
plus	4.456
groene	4.456
bomen	4.455
personeel	4.455
patrick	4.455
karen	4.455
pakt	4.455
plekken	4.455
commissaris	4.454
sara	4.454
zuiden	4.454
rechten	4.454
veranderde	4.454
stof	4.454
badkamer	4.454
leugens	4.454
zondag	4.454
erheen	4.454
smaak	4.452
aanwezig	4.452
leraar	4.452
maandag	4.452
verliet	4.452
leefde	4.451
it	4.451
pakte	4.450
franse	4.450
bergen	4.450
duitsers	4.450
woede	4.450
studeren	4.450
sliep	4.449
kleding	4.449
stonden	4.448
troepen	4.448
eindigen	4.448
feite	4.448
hemelsnaam	4.447
groeien	4.447
dean	4.447
piloot	4.447
geesten	4.447
controleer	4.447
verslag	4.447
ex	4.446
julia	4.446
heks	4.446
daarbij	4.446
waarschuwen	4.446
julie	4.446
victor	4.445
jenny	4.445
melden	4.445
elizabeth	4.445
oceaan	4.445
gas	4.445
goden	4.445
mogelijke	4.444
voorlopig	4.444
verslagen	4.444
gepland	4.443
verdacht	4.443
opgepakt	4.443
susan	4.442
privé	4.442
voren	4.442
stan	4.442
knappe	4.442
koffer	4.442
zonde	4.442
naakt	4.441
neen	4.441
plegen	4.440
excuus	4.440
verrast	4.440
dienen	4.440
graden	4.439
ongelofelijk	4.439
haten	4.439
ervandoor	4.439
opgewonden	4.438
sterf	4.438
dubbele	4.438
tim	4.438
boerderij	4.438
rijke	4.438
morgan	4.438
bord	4.438
honderden	4.437
klootzakken	4.437
herstellen	4.437
schrijft	4.437
wc	4.437
ernaar	4.437
lord	4.437
besloot	4.436
behandeling	4.436
morgenochtend	4.436
doc	4.436
orders	4.436
tong	4.436
hitler	4.435
vanmiddag	4.435
redt	4.435
ruil	4.435
nathan	4.435
verklaren	4.434
lieg	4.433
kim	4.433
sync	4.432
leert	4.432
tegelijk	4.432
marine	4.432
champagne	4.431
liefste	4.431
genade	4.431
chauffeur	4.431
wensen	4.431
verdien	4.430
qoq	4.430
godverdomme	4.430
eenzaam	4.429
wegens	4.429
voorstel	4.428
gouverneur	4.428
graven	4.428
terrein	4.428
ontmoeting	4.428
telt	4.427
handel	4.427
zwijgen	4.426
ademen	4.426
koos	4.426
um	4.426
horloge	4.426
staten	4.426
ronde	4.425
daarover	4.425
verloofde	4.425
pot	4.425
donkere	4.424
afspraakje	4.424
pensioen	4.424
vrolijk	4.423
poort	4.423
hoefde	4.423
gunst	4.423
artikel	4.423
overval	4.423
belangrijker	4.423
netjes	4.423
knieën	4.422
slimme	4.422
aanraken	4.422
reputatie	4.422
ontdekte	4.422
ruik	4.422
brood	4.422
russische	4.422
vogels	4.421
partij	4.421
verstoppen	4.420
komst	4.420
verdieping	4.420
dief	4.419
voorbeeld	4.419
geur	4.419
dichter	4.419
vliegveld	4.419
markt	4.419
burgers	4.418
centrum	4.418
volgde	4.418
ontzettend	4.418
beer	4.418
alibi	4.417
terugkomt	4.417
brieven	4.416
minstens	4.416
whisky	4.416
onschuldige	4.416
stenen	4.416
universum	4.416
gezondheid	4.415
daarheen	4.415
wijze	4.414
britse	4.414
b	4.413
komende	4.413
kerstmis	4.413
haven	4.412
huur	4.412
plicht	4.412
assistent	4.412
omgaan	4.411
ross	4.410
fan	4.410
materiaal	4.410
laura	4.409
hartelijk	4.409
doug	4.409
charlotte	4.408
online	4.408
onszelf	4.407
stelde	4.407
shirt	4.407
sally	4.407
bevelen	4.407
vergat	4.407
priester	4.406
meent	4.406
zelfde	4.406
dossiers	4.406
proost	4.406
kloppen	4.406
gekend	4.405
vierde	4.405
kaas	4.405
opzoeken	4.405
schrikken	4.405
amanda	4.404
gepleegd	4.404
daarin	4.404
optreden	4.404
april	4.404
veilige	4.403
marcus	4.403
beroep	4.403
black	4.403
motief	4.403
molly	4.402
betaalde	4.402
lucas	4.402
verderop	4.402
jacht	4.402
scheiden	4.402
jeugd	4.402
lokale	4.402
engel	4.401
kerstman	4.400
doei	4.400
toestand	4.400
technologie	4.400
gebaseerd	4.400
lichten	4.400
mars	4.399
bovendien	4.399
cijfers	4.399
bewaren	4.399
belofte	4.399
vertaald	4.399
teleurgesteld	4.399
vriendschap	4.398
medelijden	4.398
fred	4.398
chloe	4.398
ramp	4.397
vegas	4.397
ren	4.396
verzet	4.396
richten	4.396
steunen	4.396
wolf	4.396
advocaten	4.396
dwars	4.395
oefenen	4.395
bezwaar	4.395
bevestigen	4.394
wijzen	4.394
china	4.394
nachtmerrie	4.393
jackie	4.393
groen	4.392
minst	4.392
eindigt	4.392
verkoopt	4.391
zwembad	4.391
verdriet	4.391
winter	4.391
afgesloten	4.391
geheel	4.391
min	4.391
verwijderd	4.390
donder	4.390
mobiel	4.390
monsters	4.390
okee	4.389
interesseert	4.389
leden	4.389
gooide	4.389
muren	4.389
koers	4.388
nat	4.388
bekende	4.388
waarheen	4.387
hierin	4.387
uniform	4.387
voorbereid	4.386
wild	4.386
regen	4.386
drinkt	4.384
studenten	4.383
bepalen	4.383
briefje	4.382
fuck	4.382
berichten	4.381
gok	4.381
voldoende	4.381
samenwerken	4.381
lekkere	4.380
ruiken	4.380
klok	4.380
duitsland	4.380
gemeenschap	4.380
redelijk	4.380
wezens	4.379
echter	4.379
getekend	4.379
overwinning	4.378
rebecca	4.378
klonk	4.378
onderwerp	4.378
verklaart	4.377
olie	4.377
bewust	4.377
bemanning	4.377
tellen	4.377
degenen	4.376
overkomt	4.376
vertrouwt	4.376
hang	4.376
tyler	4.376
schoten	4.376
seconde	4.375
geldt	4.375
delict	4.375
gibbs	4.375
groeten	4.375
maag	4.375
beantwoorden	4.374
allerlei	4.374
wandelen	4.374
howard	4.374
waarschuwing	4.373
gewaarschuwd	4.373
begreep	4.372
johnson	4.372
kist	4.372
barry	4.372
middelbare	4.371
jay	4.371
michelle	4.371
training	4.370
texas	4.370
pik	4.370
race	4.370
geliefde	4.369
nationale	4.368
gedeelte	4.368
wassen	4.367
verwachtte	4.367
scheelt	4.367
ophangen	4.367
douche	4.367
greg	4.366
reageren	4.366
zwijg	4.366
alcohol	4.365
stoor	4.365
verdiende	4.365
gave	4.364
sprong	4.364
bewakers	4.364
aangenomen	4.363
model	4.363
data	4.363
oor	4.363
hi	4.363
jeetje	4.362
spelletjes	4.362
noch	4.362
wedden	4.362
meedoen	4.361
winst	4.361
gereed	4.361
middag	4.360
lijf	4.360
oliver	4.360
donna	4.359
onthouden	4.359
daarop	4.358
identiteit	4.358
crimineel	4.358
openbaar	4.358
verpesten	4.357
moordenaars	4.357
bewaker	4.357
andrew	4.357
beloofde	4.356
gods	4.356
zowel	4.356
media	4.356
angela	4.356
letten	4.355
breekt	4.355
sprake	4.355
kansen	4.355
explosie	4.355
indrukwekkend	4.355
plotseling	4.355
schutter	4.355
hekel	4.355
fort	4.355
ingewikkeld	4.354
lied	4.354
vriendinnen	4.354
besef	4.354
spiegel	4.354
gevochten	4.353
lege	4.353
onlangs	4.353
stand	4.353
woestijn	4.352
gedwongen	4.352
russen	4.352
jamie	4.352
idioten	4.352
gezellig	4.352
lunchen	4.351
hielden	4.351
cooper	4.351
seizoen	4.351
resultaten	4.351
pagina	4.351
frans	4.350
vlieg	4.350
bril	4.350
spannend	4.350
doodt	4.350
mensheid	4.350
botten	4.350
busje	4.349
herinnering	4.349
olivia	4.349
kaartje	4.349
pop	4.349
verschuldigd	4.349
gesteld	4.348
hee	4.348
tweeën	4.348
zielig	4.348
my	4.348
terry	4.348
parker	4.347
hal	4.347
letterlijk	4.346
banden	4.346
route	4.346
vliegt	4.346
walgelijk	4.346
gegooid	4.345
smerig	4.345
verwijderen	4.345
uitzien	4.345
beweegt	4.345
hierover	4.345
mannetje	4.345
genie	4.344
burger	4.344
bedreiging	4.344
lef	4.343
wilson	4.343
vlakbij	4.343
gevolgen	4.343
gedag	4.343
ontslaan	4.343
nummers	4.343
verzamelen	4.343
jongeman	4.342
huiswerk	4.342
house	4.342
koude	4.342
verontschuldigen	4.342
gevaarlijke	4.341
lelijk	4.341
verbaasd	4.341
vuil	4.340
ondertussen	4.340
gelukkige	4.339
leest	4.339
at	4.339
cole	4.339
verplaatsen	4.338
starten	4.338
gerechtigheid	4.338
onderdeel	4.338
wijst	4.338
rick	4.338
ls	4.338
afrika	4.337
scheiding	4.337
lewis	4.337
linda	4.337
nate	4.337
welnee	4.337
partners	4.336
hoogste	4.336
snijden	4.336
soorten	4.336
touw	4.336
zijde	4.336
ellende	4.336
harvey	4.336
nep	4.335
joden	4.335
klagen	4.335
zacht	4.334
aap	4.334
won	4.334
dringend	4.334
teruggaan	4.334
eisen	4.334
veroordeeld	4.333
neerschieten	4.333
vloek	4.333
stijl	4.333
smeek	4.332
rand	4.332
verrader	4.332
tel	4.332
romantisch	4.332
zorgde	4.332
gordon	4.332
stelletje	4.332
hersens	4.332
verdwijnt	4.332
middelen	4.332
roept	4.331
bruce	4.331
leveren	4.331
dekking	4.331
onthoud	4.331
hof	4.331
toby	4.331
politieke	4.331
cheque	4.331
schaduw	4.330
kasteel	4.330
lagen	4.330
dertig	4.329
branden	4.329
leidde	4.329
resultaat	4.329
catherine	4.329
aangekomen	4.329
constant	4.328
hannah	4.328
waarbij	4.328
wanhopig	4.328
verkracht	4.328
jessica	4.328
winnaar	4.327
waardeloos	4.327
merken	4.327
californië	4.327
brown	4.327
doctor	4.327
ongerust	4.327
snelle	4.326
slet	4.326
fiets	4.326
vocht	4.326
opruimen	4.325
chief	4.325
ethan	4.325
daaraan	4.325
gsm	4.324
gewild	4.324
overeenkomst	4.323
spring	4.323
schilderij	4.323
middernacht	4.323
brein	4.323
richt	4.323
onbekende	4.323
vervolgens	4.323
iemands	4.323
fabriek	4.323
geschikt	4.322
ontspannen	4.322
anne	4.322
win	4.322
broertje	4.322
gelopen	4.321
davis	4.321
apparaat	4.321
storen	4.321
handelen	4.321
dwingen	4.321
optie	4.321
slang	4.320
amen	4.320
student	4.320
hoorden	4.320
opdagen	4.320
volkomen	4.320
makker	4.319
katie	4.319
duisternis	4.319
briljant	4.319
schouder	4.318
miller	4.318
godzijdank	4.318
lacht	4.318
dwaas	4.317
wachtte	4.317
mac	4.317
verdrietig	4.317
bereik	4.317
gozer	4.317
gezorgd	4.317
spion	4.317
roy	4.317
wond	4.316
campagne	4.316
boston	4.316
mogelijkheden	4.316
dinsdag	4.315
lever	4.315
avonds	4.315
weggegaan	4.315
verbinding	4.315
dek	4.315
meegaan	4.315
nieuwsgierig	4.315
helder	4.314
omlaag	4.314
borsten	4.314
oosten	4.313
namelijk	4.313
schande	4.313
ondertiteling	4.312
overeen	4.312
kanten	4.312
warme	4.311
gewicht	4.311
bedrijven	4.311
derek	4.311
stront	4.311
vet	4.310
geschenk	4.310
negeren	4.310
goeds	4.310
justitie	4.309
sneeuw	4.309
aanklager	4.309
zand	4.309
sport	4.308
besefte	4.308
versie	4.308
minste	4.308
hartaanval	4.307
bo	4.307
c	4.307
as	4.306
illegaal	4.306
vertrouwde	4.305
voort	4.305
varken	4.305
prettig	4.305
jacob	4.305
moge	4.305
donderdag	4.304
straten	4.304
hout	4.304
bovenop	4.304
etentje	4.304
sindsdien	4.303
vaste	4.302
moeilijker	4.302
merk	4.302
verdachten	4.302
durft	4.301
opgegeven	4.301
weggaat	4.301
truc	4.301
frankie	4.301
el	4.301
wegen	4.301
planten	4.301
pen	4.301
beth	4.301
aanwezigheid	4.300
stemming	4.299
bravo	4.299
overleefd	4.299
gedurende	4.299
magische	4.299
levende	4.298
therapie	4.298
geplaatst	4.298
grijp	4.298
gericht	4.298
voorafging	4.298
duwen	4.298
tip	4.298
sociale	4.298
euh	4.298
opeten	4.298
daarbinnen	4.297
beloning	4.297
dapper	4.297
concentreren	4.297
heleboel	4.297
beschikbaar	4.296
seksuele	4.296
bezorgen	4.296
koopt	4.296
hek	4.296
lois	4.296
bied	4.295
huidige	4.295
on	4.295
achterna	4.295
verenigde	4.295
golf	4.295
café	4.295
suiker	4.294
lippen	4.294
zuurstof	4.294
gevoelig	4.293
herhaal	4.293
hmm	4.293
gras	4.293
gekwetst	4.293
smerige	4.292
filmen	4.292
daisy	4.292
tunnel	4.292
rock	4.292
verstandig	4.292
organisatie	4.292
voorgoed	4.292
families	4.292
betwijfel	4.291
meekomen	4.291
geruchten	4.291
angeles	4.290
redde	4.290
doorbrengen	4.290
puur	4.289
stak	4.289
diamanten	4.289
lading	4.288
miami	4.288
bevestigd	4.288
stinkt	4.288
inclusief	4.288
oudere	4.288
verraad	4.288
interview	4.287
middel	4.287
geboorte	4.287
nicht	4.287
momenten	4.287
podium	4.286
effect	4.286
vijftien	4.286
houding	4.286
veroorzaken	4.286
verpleegster	4.286
lig	4.286
bibliotheek	4.286
schrijver	4.285
beloven	4.285
identificeren	4.285
hut	4.285
goedenacht	4.285
volgend	4.284
gecontroleerd	4.284
beroemd	4.284
masker	4.284
scherp	4.284
sophie	4.284
trainen	4.284
kamers	4.284
quinn	4.283
kampioen	4.283
graaf	4.283
oscar	4.283
oproep	4.283
carrie	4.283
achterin	4.283
beters	4.283
veroorloven	4.283
helikopter	4.282
zekere	4.282
gelegd	4.282
miljard	4.282
vies	4.282
geintje	4.282
uitgaan	4.282
weleens	4.281
bruid	4.281
voer	4.281
praatte	4.281
marshall	4.280
aanwijzingen	4.280
nina	4.280
rusland	4.280
eva	4.280
benzine	4.280
wegging	4.280
keizer	4.279
vrouwelijke	4.279
marie	4.279
vince	4.279
voeden	4.279
studio	4.278
gif	4.278
edward	4.278
uitnodiging	4.278
elena	4.277
grant	4.277
probeerden	4.276
datje	4.276
ketting	4.275
schitterend	4.275
velen	4.275
zekerheid	4.275
kliniek	4.275
dylan	4.275
museum	4.275
handtekening	4.275
bevrijden	4.274
ramen	4.274
russell	4.274
rechtszaak	4.274
dokters	4.274
rijd	4.274
kopie	4.273
rende	4.273
vampier	4.273
personen	4.273
tieten	4.273
expert	4.273
jess	4.273
feesten	4.272
white	4.272
zegen	4.271
travis	4.271
rommel	4.271
mijl	4.271
daarbuiten	4.271
opleiding	4.271
bedenk	4.271
jordan	4.271
carlos	4.270
live	4.270
beschermd	4.270
roze	4.270
legt	4.270
walker	4.270
flauw	4.270
gewoonlijk	4.270
telefoontjes	4.270
pech	4.270
grootvader	4.269
junior	4.269
voorzitter	4.269
miste	4.269
owen	4.269
bodem	4.269
gevoeld	4.269
repareren	4.269
bewusteloos	4.268
bommen	4.268
zusje	4.268
opname	4.268
pols	4.268
herkennen	4.268
hartslag	4.268
hete	4.267
behoefte	4.267
oorzaak	4.267
kiest	4.267
hill	4.267
brave	4.267
centrale	4.266
dochters	4.266
bewezen	4.266
danken	4.266
gestoken	4.266
rat	4.266
koekjes	4.266
weglopen	4.266
leuker	4.266
medisch	4.266
kopje	4.265
gelegenheid	4.265
zijne	4.265
grenzen	4.265
betrapt	4.264
achteren	4.264
bijeenkomst	4.264
uitdaging	4.264
onderhandelen	4.264
overvallen	4.264
wayne	4.263
triest	4.263
slagen	4.263
kruis	4.263
technisch	4.263
gooit	4.263
fantastische	4.262
beschermt	4.262
beantwoord	4.262
positief	4.262
vieze	4.262
bewijst	4.262
brigadier	4.262
ogenblik	4.261
kalmeer	4.261
hoogheid	4.261
droog	4.261
admiraal	4.261
schaam	4.261
excuseren	4.260
vroegen	4.260
kleed	4.260
leid	4.259
blake	4.259
maaltijd	4.259
gereden	4.259
interessante	4.258
chinese	4.258
vuren	4.258
gezichten	4.258
ooh	4.258
fantasie	4.258
aanpakken	4.257
namens	4.257
jeremy	4.257
afhandelen	4.257
stress	4.257
waarschuw	4.257
bijbel	4.256
studie	4.256
kenny	4.256
ofwel	4.256
kaartjes	4.256
schema	4.255
gelul	4.255
vers	4.255
biedt	4.255
aangeraakt	4.255
besteld	4.255
overnemen	4.255
waarderen	4.255
tranen	4.254
ontspan	4.254
geopend	4.254
documenten	4.253
mammie	4.253
groots	4.253
eventjes	4.253
boeten	4.253
staart	4.253
prettige	4.253
ondervragen	4.253
schedel	4.253
tijdelijk	4.253
overleed	4.252
klinken	4.252
demon	4.252
morgenavond	4.252
vergist	4.252
aanslag	4.251
florida	4.251
proef	4.251
steven	4.251
ontstaan	4.251
kennelijk	4.251
beslissingen	4.251
sammy	4.251
vóór	4.251
smaakt	4.250
soep	4.250
nul	4.250
green	4.250
oordeel	4.250
bloeddruk	4.250
wegkomt	4.250
hoofdpijn	4.250
vijfde	4.250
brad	4.250
penny	4.249
hieruit	4.249
terroristen	4.249
rekeningen	4.249
pijnlijk	4.248
fase	4.248
blazen	4.248
teef	4.248
jo	4.248
bot	4.248
ei	4.248
mr.	4.248
beroemde	4.248
chaos	4.248
verbaast	4.248
gedumpt	4.248
tekst	4.248
scène	4.247
uitzicht	4.247
vooruitgang	4.247
maagd	4.247
mevr	4.247
bijzondere	4.247
sex	4.247
e-mail	4.247
lafaard	4.247
mei	4.247
dodelijk	4.247
ian	4.246
carol	4.246
geleid	4.246
bestellen	4.246
plassen	4.245
opgegroeid	4.245
teddy	4.245
ontvoering	4.245
boze	4.244
affaire	4.244
kreng	4.244
verzinnen	4.244
sigaret	4.244
vat	4.243
diane	4.243
dennis	4.243
verspreiden	4.243
vullen	4.242
vermogen	4.242
realiteit	4.242
doodgaan	4.242
diegene	4.242
betekend	4.241
pakje	4.241
buitenlandse	4.241
telkens	4.241
slechter	4.241
verander	4.240
promotie	4.239
margaret	4.239
overstuur	4.239
one	4.239
dominee	4.239
keuzes	4.239
bekennen	4.238
levert	4.238
williams	4.238
verdwaald	4.238
federale	4.238
kranten	4.237
patroon	4.237
relaties	4.237
bedreigd	4.236
matthew	4.236
wetten	4.236
herkent	4.236
boodschappen	4.236
zenuwachtig	4.236
koninkrijk	4.236
aanwijzing	4.236
betty	4.236
breek	4.236
chinees	4.235
uitvoeren	4.235
haatte	4.235
vrachtwagen	4.235
tank	4.234
vanzelf	4.234
francis	4.234
schone	4.233
beschadigd	4.233
marty	4.233
realiseerde	4.233
verbranden	4.233
e	4.233
klasse	4.233
riep	4.232
onbekend	4.232
humor	4.232
theater	4.232
koorts	4.232
overheen	4.232
ingang	4.232
stabiel	4.231
riley	4.231
openbare	4.231
dure	4.231
maya	4.231
noodgeval	4.231
reageert	4.231
uitweg	4.231
jennifer	4.231
psychiater	4.230
gedraagt	4.230
datum	4.230
correct	4.230
gedraag	4.230
nood	4.230
wiet	4.230
little	4.229
woning	4.229
caroline	4.229
betekende	4.229
instructies	4.229
natuurlijke	4.229
ali	4.228
wonden	4.228
afdrukken	4.228
netwerk	4.228
info	4.227
martha	4.227
periode	4.227
uitziet	4.227
meende	4.226
doorlopen	4.226
simpele	4.226
achtergrond	4.226
bijzonders	4.226
broeders	4.225
dubbel	4.225
afgewezen	4.225
kerstfeest	4.225
lou	4.225
hartstikke	4.225
schuur	4.225
veronderstel	4.225
emoties	4.225
achterkant	4.224
schudden	4.224
beschuldigd	4.224
kwetsen	4.224
negatief	4.224
dick	4.224
engelse	4.223
arrestatie	4.223
communicatie	4.223
vloog	4.223
nachten	4.223
uitmaken	4.223
vermiste	4.223
hierbij	4.223
hebbes	4.222
allang	4.222
trappen	4.221
langskomen	4.221
coma	4.221
daad	4.221
kut	4.221
knop	4.221
bevriend	4.221
geraken	4.221
malcolm	4.220
creëren	4.220
beslag	4.220
artsen	4.220
nancy	4.220
japan	4.220
logan	4.219
beet	4.219
doodsbang	4.219
bewaar	4.219
casino	4.219
afschuwelijk	4.218
diefstal	4.218
legende	4.218
joseph	4.218
grot	4.217
proeven	4.217
gesprekken	4.217
grijpen	4.217
oppakken	4.216
terugtrekken	4.216
bart	4.216
applaus	4.216
zoenen	4.216
toren	4.216
eeuwen	4.215
eigendom	4.215
verschrikkelijke	4.215
criminelen	4.215
bood	4.215
verplicht	4.215
zieke	4.215
beweert	4.214
strafblad	4.214
hollywood	4.214
voorbereiden	4.214
vijftig	4.214
zone	4.214
loslaten	4.214
casey	4.214
connor	4.214
portemonnee	4.214
audrey	4.214
longen	4.214
ingehuurd	4.214
meegebracht	4.213
gebrek	4.213
ruilen	4.213
mankeert	4.213
zwakke	4.213
aantrekkelijk	4.212
verplaatst	4.212
albert	4.212
no	4.212
uitgeschakeld	4.211
vliegtuigen	4.211
spencer	4.211
tja	4.211
dronk	4.211
riskeren	4.211
weghalen	4.210
passie	4.210
kandidaat	4.210
smeerlap	4.210
sigaretten	4.210
toont	4.210
serie	4.210
status	4.210
voorzien	4.209
mooier	4.209
rit	4.209
bescherm	4.209
discussie	4.209
medicijn	4.209
booth	4.209
rijbewijs	4.208
miles	4.208
televisie	4.208
meld	4.208
verzonnen	4.208
h	4.208
aangeboden	4.208
ellen	4.208
ministerie	4.208
daden	4.208
krankzinnig	4.208
populair	4.207
whoa	4.207
allison	4.207
indianen	4.207
verzekering	4.206
virginia	4.206
koelkast	4.206
duistere	4.206
pest	4.206
lemand	4.205
overgeven	4.205
arresteer	4.205
nut	4.205
stervende	4.205
ondergoed	4.205
euro	4.205
incident	4.205
zing	4.204
mijzelf	4.204
homer	4.204
commentaar	4.204
ervaren	4.204
doorzoeken	4.204
vak	4.204
vriendjes	4.203
dorst	4.203
koe	4.203
tenslotte	4.203
vandaar	4.203
jonger	4.203
flinke	4.203
check	4.202
titel	4.202
privacy	4.202
heelal	4.202
verspillen	4.202
justin	4.202
speelgoed	4.202
bonnie	4.202
dagboek	4.202
voorwaarden	4.201
gemerkt	4.201
tape	4.201
hol	4.201
bewustzijn	4.201
evan	4.200
aaron	4.200
vlag	4.200
werkten	4.200
moderne	4.200
rollen	4.200
angel	4.199
gespannen	4.199
terugkeren	4.199
crisis	4.198
zoektocht	4.198
emotioneel	4.198
overkant	4.197
premier	4.197
harris	4.197
greep	4.197
eenheden	4.197
beseft	4.197
rechtstreeks	4.196
love	4.196
weigeren	4.195
avontuur	4.195
lust	4.195
tevoorschijn	4.195
roman	4.195
glimlach	4.195
groeit	4.195
ras	4.195
amerikaan	4.195
plat	4.194
goedkoop	4.194
strak	4.194
spanning	4.194
inbraak	4.194
karakter	4.194
opzet	4.194
lessen	4.193
college	4.193
boy	4.193
ernstige	4.193
geweren	4.193
island	4.193
todd	4.193
verlegen	4.193
toestaan	4.192
paspoort	4.192
county	4.192
vleugels	4.192
madame	4.192
juni	4.192
snoep	4.191
apart	4.191
italië	4.191
oudste	4.191
liam	4.191
uitschakelen	4.191
voertuig	4.191
kostte	4.191
september	4.190
ron	4.190
jochie	4.189
link	4.189
puinhoop	4.189
agenda	4.189
steekt	4.189
nazi	4.189
spraken	4.189
leonard	4.189
chirurg	4.188
jee	4.188
mochten	4.188
misdaden	4.188
brachten	4.188
bekentenis	4.188
laptop	4.187
vergeleken	4.187
diepe	4.187
stukjes	4.187
robot	4.187
nuttig	4.187
uitslag	4.187
zout	4.187
ratten	4.187
slimmer	4.187
afval	4.186
murphy	4.186
wendy	4.186
gebeurtenissen	4.186
temperatuur	4.186
bemoei	4.186
ongelukkig	4.186
bezocht	4.186
financiële	4.186
tijdstip	4.185
overste	4.185
verbergt	4.185
drukken	4.185
snappen	4.185
knuffel	4.185
diensten	4.185
erdoor	4.184
betekenis	4.184
veiliger	4.184
aard	4.184
opgegeten	4.183
gevolg	4.183
moedig	4.183
duke	4.183
teruggekomen	4.183
eli	4.183
paige	4.183
loon	4.183
frisse	4.183
daarboven	4.183
herkende	4.183
lelijke	4.183
ruth	4.182
woensdag	4.182
handig	4.182
harold	4.182
fortuin	4.182
nicole	4.182
vrijgelaten	4.182
ashley	4.182
journalist	4.181
vielen	4.181
wennen	4.181
megan	4.181
bleven	4.181
ambassadeur	4.181
acteur	4.181
geslaagd	4.181
hing	4.181
computers	4.180
francisco	4.180
schoonmaken	4.180
mickey	4.180
snelweg	4.180
plastic	4.180
experiment	4.179
monica	4.179
morgenvroeg	4.179
undercover	4.179
commando	4.179
gekleed	4.178
star	4.178
gemak	4.178
overleeft	4.178
boss	4.178
eerwaarde	4.178
motel	4.177
long	4.177
tweeling	4.177
draak	4.177
schakel	4.177
diana	4.176
stephen	4.176
favoriet	4.176
heten	4.176
officiële	4.176
legde	4.176
zusters	4.176
kooi	4.176
opgehangen	4.176
beheersen	4.175
demonen	4.175
drankjes	4.175
wetenschappers	4.175
concert	4.175
vermijden	4.175
irak	4.175
katten	4.175
kwetsbaar	4.175
kleuren	4.175
raket	4.174
mitch	4.174
straffen	4.174
bestuur	4.174
verloofd	4.173
zonden	4.173
verspreid	4.173
draaide	4.173
heerlijke	4.173
mason	4.172
india	4.172
augustus	4.172
cadeautje	4.172
centimeter	4.172
contant	4.171
testament	4.170
meesten	4.170
juli	4.170
waanzin	4.170
gedroomd	4.170
handschoenen	4.170
zender	4.170
wreed	4.169
pappa	4.169
eerlijke	4.169
rotzak	4.169
jules	4.169
mysterie	4.169
symbool	4.168
tess	4.168
profiel	4.168
opties	4.168
traditie	4.168
schulden	4.168
hup	4.168
waag	4.167
go	4.167
massa	4.167
gewonden	4.167
ontkennen	4.167
getrokken	4.166
bezet	4.166
opgevoed	4.166
lincoln	4.166
verkeer	4.166
knie	4.166
heuvel	4.165
bid	4.165
verdwijn	4.165
accepteer	4.165
liz	4.165
timing	4.165
slechtste	4.165
crane	4.165
penis	4.165
benieuwd	4.164
steden	4.164
aangeven	4.164
uitkomen	4.164
glazen	4.164
hitte	4.164
set	4.164
maling	4.164
victoria	4.164
wade	4.164
ton	4.164
mm	4.164
chocolade	4.163
bedrogen	4.163
brandstof	4.163
verwoest	4.163
verf	4.163
k	4.163
hector	4.163
munitie	4.163
paleis	4.162
werkelijkheid	4.162
yo	4.162
zoe	4.162
gewapend	4.162
gekost	4.162
nelson	4.162
toespraak	4.161
recept	4.161
helden	4.161
enthousiast	4.161
scherm	4.161
goedemiddag	4.161
gele	4.160
actief	4.160
politieagent	4.160
kleiner	4.159
raymond	4.159
joch	4.159
lokken	4.159
oefening	4.158
harper	4.158
road	4.158
varen	4.158
kwart	4.158
commissie	4.158
stiekem	4.157
afsluiten	4.157
inpakken	4.157
bewaard	4.157
neil	4.157
winkelen	4.156
beesten	4.156
vrijen	4.156
techniek	4.156
brandt	4.156
lane	4.155
mobiele	4.155
luisterde	4.155
interne	4.155
toegestaan	4.155
hall	4.155
beleefd	4.155
stanley	4.155
blok	4.155
zielen	4.155
keith	4.155
generatie	4.154
verlangen	4.154
jean	4.154
revolutie	4.154
pastoor	4.154
drama	4.154
maal	4.154
laden	4.154
moeilijkheden	4.153
bedrag	4.153
aandelen	4.153
bevallen	4.152
willie	4.152
schoft	4.152
lawaai	4.152
eeuwige	4.151
uzelf	4.151
alicia	4.151
attentie	4.151
plant	4.151
staren	4.151
christian	4.150
konijn	4.150
beroofd	4.150
zussen	4.150
huren	4.150
misdrijf	4.150
clay	4.150
overlijden	4.150
doodgeschoten	4.150
toekomstige	4.150
procedure	4.149
trouwde	4.149
douchen	4.149
stierven	4.149
tina	4.149
jongetje	4.149
gokken	4.149
thanksgiving	4.149
beweeg	4.149
duiken	4.149
shane	4.148
kindje	4.148
fruit	4.148
bevroren	4.148
erbuiten	4.148
sloot	4.148
steelt	4.147
berlijn	4.147
grappen	4.147
vloot	4.146
uiterlijk	4.146
verhuisd	4.146
spanje	4.145
carla	4.145
norman	4.145
doof	4.145
alexander	4.145
mitchell	4.145
terugbrengen	4.145
schamen	4.145
machtige	4.145
all	4.145
tempel	4.144
walt	4.144
volwassenen	4.144
holly	4.144
wetenschapper	4.144
weduwe	4.144
kanaal	4.144
gemeld	4.143
watje	4.143
dient	4.143
speech	4.143
goedendag	4.142
versterking	4.142
voorraad	4.142
legaal	4.142
bevat	4.142
dollars	4.142
korporaal	4.142
overwegen	4.142
vee	4.142
metro	4.142
afhankelijk	4.142
weigerde	4.142
ricky	4.141
speler	4.141
gereedschap	4.141
mcgee	4.141
misbruik	4.141
besproken	4.140
aflevering	4.140
chip	4.140
barbara	4.140
anthony	4.140
mobieltje	4.139
santa	4.139
japanse	4.139
reclame	4.139
combinatie	4.139
behouden	4.138
durven	4.138
gebouwen	4.138
goedmaken	4.138
philip	4.138
verkrachting	4.138
jersey	4.138
pure	4.137
weggelopen	4.137
opgeblazen	4.137
getraind	4.137
illegale	4.136
website	4.136
firma	4.136
bloeden	4.136
schop	4.136
wiskunde	4.136
originele	4.136
ann	4.136
verwondingen	4.136
nest	4.136
kostuum	4.135
hoofdinspecteur	4.135
meg	4.135
standaard	4.135
zochten	4.135
stok	4.134
blaas	4.134
gloria	4.134
batman	4.134
weigert	4.134
time	4.134
afspreken	4.134
hoofdkwartier	4.134
heroïne	4.134
gus	4.134
bossen	4.134
julian	4.133
verzeker	4.133
rex	4.133
zenuwen	4.133
vermoeden	4.133
noah	4.133
jonathan	4.133
hoofdstuk	4.133
symptomen	4.133
samantha	4.133
plekje	4.133
bemoeien	4.133
kern	4.133
b.	4.133
behandelt	4.133
bagage	4.132
gehele	4.132
bay	4.132
castle	4.132
voorgesteld	4.132
jasje	4.132
begrip	4.132
sowieso	4.131
braaf	4.131
opsluiten	4.131
gij	4.131
misverstand	4.131
damon	4.131
laarzen	4.131
dutch	4.131
uitgevoerd	4.131
borg	4.130
doodsoorzaak	4.130
football	4.130
bevrijd	4.130
gewoonte	4.130
nederlandse	4.130
cirkel	4.130
moordwapen	4.130
telefoons	4.130
boeren	4.130
gerucht	4.129
bijten	4.129
stone	4.129
explosieven	4.129
motoren	4.129
heather	4.129
miranda	4.129
opzetten	4.129
trekker	4.128
vermoed	4.128
von	4.128
internationale	4.128
lesje	4.128
blue	4.128
wegkomen	4.128
flikker	4.128
collins	4.128
craig	4.127
lager	4.127
schoppen	4.127
fans	4.127
opereren	4.127
borrel	4.127
noemden	4.127
vanessa	4.126
seth	4.126
kok	4.126
dozen	4.126
hoeren	4.126
broodje	4.126
zingt	4.126
dieper	4.126
halloween	4.126
diego	4.126
toestel	4.125
happy	4.125
belangrijks	4.125
hogere	4.125
stevig	4.125
hoeveelheid	4.125
waaraan	4.124
hufter	4.124
ontworpen	4.124
dankjewel	4.124
mamma	4.124
rots	4.124
boer	4.124
buurman	4.124
bouw	4.124
versieren	4.124
trevor	4.124
ontploffen	4.123
ochtends	4.123
make-up	4.123
dumpen	4.123
gisterenavond	4.123
gevuld	4.123
klacht	4.122
bestond	4.122
dodelijke	4.122
strategie	4.121
volhouden	4.121
begaan	4.121
das	4.121
informant	4.121
verwerken	4.121
trouwt	4.121
halt	4.121
auditie	4.121
randy	4.120
lijdt	4.120
canada	4.120
draad	4.119
ertoe	4.119
south	4.119
uitgeput	4.119
pikken	4.119
ellie	4.119
ruimen	4.119
inzet	4.119
haren	4.119
slaaf	4.118
tara	4.118
schreeuw	4.118
koninklijke	4.117
lage	4.117
liepen	4.117
bewerkt	4.117
concentreer	4.117
zaal	4.116
jarig	4.116
grapjes	4.116
piano	4.116
finn	4.116
ontwikkeld	4.116
ronnie	4.116
l.a.	4.116
kou	4.116
vaardigheden	4.116
gestraft	4.116
omdraaien	4.116
besmet	4.116
spoedig	4.116
beurs	4.116
schietpartij	4.116
opblazen	4.115
up	4.115
vergiftigd	4.115
leerling	4.115
algemeen	4.115
zonen	4.115
ongemakkelijk	4.115
indien	4.115
prooi	4.115
bevindt	4.114
aankomt	4.114
uitgang	4.114
jongedame	4.114
goedkope	4.114
bewaking	4.114
franklin	4.114
by	4.113
huil	4.113
kurt	4.113
lauren	4.113
barney	4.113
klimmen	4.113
november	4.112
uitkomt	4.112
spelers	4.112
bijt	4.112
schreeuwde	4.112
professionele	4.112
bestanden	4.112
joan	4.112
voordeur	4.112
slaven	4.111
dana	4.111
regelmatig	4.111
mysterieuze	4.111
doorgeven	4.111
modder	4.111
ned	4.111
kroon	4.111
maffia	4.110
functie	4.110
verward	4.110
veranderingen	4.110
sectie	4.110
vreugde	4.110
serieuze	4.110
nuchter	4.110
typisch	4.110
rechtszaal	4.109
overdreven	4.109
beu	4.109
buitenaardse	4.109
vergelijken	4.109
gabriel	4.109
nagels	4.108
neal	4.108
melissa	4.108
mel	4.108
louise	4.108
telefoonnummer	4.108
snij	4.108
rory	4.108
droomde	4.108
zeep	4.108
accent	4.108
gefaald	4.108
drieën	4.108
werknemers	4.108
krachtig	4.107
cliënten	4.107
geneukt	4.107
bronnen	4.106
zelden	4.106
falen	4.106
congres	4.106
verlof	4.106
stefan	4.106
secretaresse	4.106
schouders	4.106
that	4.106
christopher	4.106
afleiding	4.106
schakelen	4.106
gestoorde	4.106
jungle	4.105
juwelen	4.105
felix	4.105
riem	4.105
geleefd	4.105
oproepen	4.104
schoen	4.104
colin	4.104
opgevallen	4.104
phoebe	4.104
herhalen	4.104
relax	4.104
exact	4.104
enge	4.104
caesar	4.104
alison	4.104
avenue	4.104
troost	4.104
aangeklaagd	4.104
shaw	4.103
verre	4.103
hakken	4.102
gewapende	4.102
oktober	4.102
uniek	4.102
professioneel	4.102
recente	4.102
duw	4.101
cocaïne	4.101
opsporen	4.101
lek	4.101
ralph	4.100
cellen	4.100
teams	4.100
allemachtig	4.100
kenden	4.100
voetbal	4.100
achternaam	4.100
levenslang	4.100
defensie	4.100
bond	4.100
turner	4.100
curtis	4.100
earl	4.099
afghanistan	4.099
opent	4.099
parkeerplaats	4.099
grazen	4.098
ambassade	4.098
verdragen	4.098
simpson	4.098
bloem	4.098
vrijwillig	4.098
geobsedeerd	4.098
pierce	4.097
pleegde	4.097
bloedt	4.097
lets	4.097
regelt	4.097
aanvaard	4.097
kalmeren	4.096
hersteld	4.096
veronica	4.096
tijger	4.096
monsieur	4.096
overeind	4.096
karl	4.096
klop	4.096
wenst	4.096
brooke	4.096
stille	4.096
spaans	4.095
terugkwam	4.095
pet	4.095
bud	4.095
kleintje	4.095
kwartier	4.095
amerikaans	4.095
rita	4.094
doorgaat	4.094
verblijf	4.094
script	4.094
sandra	4.093
chase	4.093
innemen	4.093
tekort	4.093
ritje	4.093
porno	4.093
vrouwtje	4.093
tof	4.093
streng	4.093
grootmoeder	4.093
britten	4.093
clown	4.093
loyaliteit	4.092
ln	4.092
zweet	4.092
cultuur	4.092
tiener	4.092
wijf	4.092
doorstaan	4.092
gina	4.092
tracy	4.091
drijven	4.091
plots	4.091
verhouding	4.091
geladen	4.090
totale	4.090
fransen	4.090
respecteren	4.090
doorzocht	4.090
beledigd	4.090
gebeten	4.090
verstop	4.090
coördinaten	4.090
complete	4.090
beleid	4.090
detail	4.090
wallace	4.089
apparatuur	4.089
achterhalen	4.089
voortdurend	4.089
scholen	4.089
traceren	4.089
praktijk	4.089
bewijsmateriaal	4.088
smeris	4.088
seksueel	4.088
klappen	4.088
keken	4.088
verstaan	4.088
troon	4.088
elkaars	4.088
verrassen	4.088
bedank	4.088
kwijtgeraakt	4.088
warren	4.088
liefst	4.088
for	4.087
se	4.087
bevolking	4.087
verbeteren	4.087
trauma	4.087
elektrische	4.087
cowboy	4.087
engelen	4.087
stuart	4.087
bitch	4.086
salaris	4.086
voortaan	4.086
bruin	4.086
emotionele	4.086
blank	4.086
lamp	4.086
district	4.085
vermoorde	4.085
arrest	4.085
bishop	4.085
elliot	4.084
stoer	4.084
verklaar	4.084
banen	4.084
lente	4.084
palmer	4.084
geniaal	4.084
beëindigen	4.084
achteraan	4.084
dekken	4.084
lake	4.083
onbeleefd	4.083
bestand	4.083
machines	4.083
radar	4.083
anderson	4.083
extreem	4.083
ingebroken	4.083
militair	4.083
gebruikten	4.083
morgens	4.083
getuigenis	4.082
bod	4.082
gebakken	4.082
stapel	4.082
jen	4.081
misselijk	4.081
front	4.081
bingo	4.081
wolven	4.081
plaat	4.081
rob	4.081
paus	4.081
overdag	4.081
sandy	4.081
beschuldigen	4.081
lex	4.081
getest	4.080
treffen	4.080
succesvol	4.080
opening	4.079
terrorist	4.079
dale	4.079
heksen	4.079
politiebureau	4.079
beroven	4.079
schaal	4.078
reageerde	4.078
ontsnapte	4.078
verschijnen	4.078
janet	4.077
maart	4.077
nicky	4.077
insecten	4.077
schok	4.076
zeldzaam	4.076
sydney	4.076
ford	4.076
seattle	4.076
kritiek	4.076
smeken	4.076
put	4.076
superman	4.075
ontbreekt	4.075
vietnam	4.075
bijeen	4.075
besparen	4.075
naaien	4.074
offer	4.074
mia	4.074
naomi	4.074
autopsie	4.074
manny	4.074
zowat	4.074
sebastian	4.074
eve	4.074
verse	4.074
zwaartekracht	4.073
vanwaar	4.073
stevie	4.073
helm	4.073
jill	4.073
gesneden	4.073
sue	4.073
regent	4.073
verhoor	4.072
riskant	4.072
dieven	4.072
leerlingen	4.072
natalie	4.072
inzetten	4.072
opstand	4.072
schild	4.072
sukkels	4.072
zinloos	4.071
versta	4.071
mannelijke	4.071
verkiezingen	4.071
fysiek	4.071
paradijs	4.071
actrice	4.071
jager	4.071
leiders	4.071
katherine	4.070
staf	4.070
aanklagen	4.070
toezicht	4.070
geluisterd	4.070
lichte	4.070
activiteiten	4.070
nutteloos	4.070
apen	4.070
moskou	4.070
sokken	4.070
opgezet	4.069
bailey	4.069
onzichtbaar	4.069
echo	4.069
wonderen	4.069
luid	4.069
straling	4.069
jenna	4.068
beseffen	4.068
nichtje	4.068
boeien	4.068
behoort	4.068
charmant	4.068
planeten	4.067
daag	4.067
verslaafd	4.067
voorkeur	4.067
genaaid	4.067
vredesnaam	4.067
kwade	4.066
brandon	4.066
noodzakelijk	4.066
vic	4.066
gebeden	4.066
tovenaar	4.066
prijzen	4.066
gemene	4.066
le	4.066
ontwikkelen	4.066
boyd	4.065
ademt	4.065
stapte	4.065
technische	4.065
dawson	4.065
praktisch	4.064
circus	4.064
ongeval	4.064
teruggeven	4.064
protocol	4.064
schut	4.064
biologische	4.064
duidelijkheid	4.064
rondje	4.063
checken	4.063
ai	4.063
doordat	4.063
blair	4.062
bruine	4.062
klaarmaken	4.062
leed	4.061
marge	4.061
schijn	4.061
brooklyn	4.061
infectie	4.061
zack	4.061
dagelijks	4.061
voert	4.061
mislukt	4.061
duits	4.061
stapt	4.061
daarnet	4.060
bedekt	4.060
becky	4.060
opwindend	4.060
zogenaamde	4.060
baker	4.060
ogenblikje	4.060
amber	4.060
autoriteiten	4.060
medicatie	4.060
ontploft	4.060
contacten	4.059
operaties	4.059
manhattan	4.059
raketten	4.059
prioriteit	4.059
special	4.059
intelligent	4.059
lawrence	4.058
therapeut	4.058
huilt	4.058
koper	4.058
vervloekt	4.058
tegenstander	4.058
au	4.058
satelliet	4.058
afnemen	4.058
uitleg	4.058
kofferbak	4.058
fascinerend	4.058
grand	4.058
service	4.057
schuilplaats	4.057
schilderen	4.057
mekaar	4.057
boekje	4.057
hope	4.056
kruipen	4.056
tempo	4.056
depressief	4.056
huisje	4.056
cameron	4.056
shock	4.055
joodse	4.055
afgeleid	4.055
product	4.055
passagiers	4.055
aanpassen	4.054
paranoïde	4.054
uitmaakt	4.054
ongetwijfeld	4.054
aankwam	4.054
overlevenden	4.054
bestemming	4.054
gewelddadig	4.054
winkelcentrum	4.053
doyle	4.053
sparen	4.053
spreuk	4.053
papierwerk	4.053
burke	4.053
tandarts	4.053
analyse	4.053
menigte	4.053
baard	4.052
oppas	4.052
goeiemorgen	4.052
ceremonie	4.052
omgekomen	4.052
bakken	4.052
kennedy	4.052
officieren	4.052
verknald	4.052
vrijwel	4.052
hanna	4.051
vergif	4.051
mariniers	4.051
scan	4.050
tenen	4.050
tegelijkertijd	4.050
gene	4.050
beschrijven	4.050
daphne	4.050
beach	4.050
shawn	4.050
east	4.050
eenzame	4.050
chips	4.049
grootte	4.049
freddy	4.049
verrot	4.049
gezonde	4.049
luxe	4.048
pijp	4.048
caleb	4.048
duncan	4.048
afgenomen	4.048
nikki	4.048
huilde	4.048
vampiers	4.047
speelden	4.047
am	4.047
bekijkt	4.047
veertig	4.046
terugkeer	4.046
oprecht	4.046
maten	4.046
gelegen	4.046
verzekeren	4.046
vergunning	4.046
geschorst	4.046
werelden	4.046
geleend	4.046
alvast	4.046
pil	4.046
beschermde	4.046
oppassen	4.046
egoïstisch	4.045
serena	4.045
uitnodigen	4.045
nucleaire	4.045
verklaard	4.045
winston	4.045
ofzo	4.045
minuutje	4.045
uitstappen	4.045
your	4.045
dadelijk	4.045
noord	4.044
vastgebonden	4.044
graham	4.044
woody	4.044
italiaanse	4.044
eikels	4.044
hunter	4.044
gijzelaars	4.044
mazzel	4.044
blinde	4.044
lost	4.043
lijkschouwer	4.043
naald	4.043
vreemden	4.043
koeien	4.043
pan	4.042
heilig	4.042
sterkste	4.042
leon	4.042
lukte	4.042
wachtwoord	4.042
wyatt	4.042
patty	4.042
instinct	4.042
harrison	4.042
beperkt	4.042
hamer	4.042
bewaken	4.042
slaag	4.041
adams	4.041
leeuw	4.041
wisselen	4.041
metaal	4.041
creditcard	4.041
jarenlang	4.041
troy	4.041
staal	4.041
chemische	4.040
x	4.040
zeuren	4.040
sector	4.040
vreemds	4.040
rondlopen	4.040
rosie	4.040
gênant	4.040
acties	4.040
tuig	4.040
genoten	4.040
toast	4.039
getroffen	4.039
zach	4.039
herinnerde	4.039
reeds	4.039
tegenstelling	4.039
gekken	4.039
transport	4.039
communiceren	4.039
koppig	4.039
benny	4.039
clyde	4.039
deken	4.038
doelen	4.038
hobby	4.038
lening	4.038
schei	4.038
vroege	4.038
rebellen	4.038
natie	4.038
figuur	4.038
nakijken	4.038
buck	4.038
redding	4.038
kirk	4.038
alhoewel	4.038
verbazingwekkend	4.037
kira	4.037
beschouw	4.037
bell	4.037
atmosfeer	4.037
lachte	4.037
id	4.037
twijfelen	4.037
examen	4.037
aantrekken	4.036
jagers	4.036
kalkoen	4.036
huwelijksreis	4.036
elektriciteit	4.036
marco	4.036
steeg	4.036
wodka	4.036
warmte	4.036
verdere	4.035
kwaliteit	4.035
uitstekende	4.035
be	4.035
rotsen	4.035
watson	4.035
tragedie	4.035
haley	4.035
doorgebracht	4.034
pat	4.034
politieman	4.033
simply	4.033
koppel	4.033
tumor	4.033
appel	4.033
jan	4.033
christine	4.033
treden	4.032
wolken	4.032
donald	4.032
gevlucht	4.032
stam	4.032
straal	4.032
liedjes	4.032
dwong	4.031
poten	4.031
afvragen	4.031
uitgevonden	4.031
gitaar	4.031
verzin	4.031
terugbellen	4.031
kletsen	4.031
december	4.031
uitzondering	4.030
plaatselijke	4.030
trui	4.030
organiseren	4.030
compliment	4.030
minnaar	4.030
enterprise	4.028
kudde	4.028
hierna	4.028
neuk	4.028
nora	4.028
adviseur	4.028
em	4.028
opgehaald	4.028
zesde	4.028
aankan	4.027
muis	4.027
lieveling	4.026
respecteer	4.026
spieren	4.026
haak	4.026
aangetrokken	4.026
violet	4.026
world	4.026
wijsheid	4.026
herstel	4.026
nachtmerries	4.026
connectie	4.025
cam	4.025
gehoopt	4.025
ticket	4.025
eenvoudige	4.025
blanken	4.025
harten	4.024
verzorgen	4.024
gedicht	4.024
inzien	4.024
freddie	4.024
kap	4.024
knal	4.024
intussen	4.024
kleinzoon	4.024
verzetten	4.023
jaagt	4.023
grey	4.023
eis	4.023
buitenland	4.023
ongeacht	4.023
g	4.023
krijt	4.023
oven	4.023
gps	4.023
januari	4.023
benjamin	4.023
roos	4.023
leuks	4.022
denise	4.022
zachte	4.022
douglas	4.022
air	4.022
grondig	4.022
bestuurder	4.022
vallei	4.022
aanvaarden	4.022
heden	4.021
hieraan	4.021
achtervolgen	4.021
database	4.021
weddenschap	4.021
dc	4.021
australië	4.021
achterlijk	4.021
vereerd	4.021
receptie	4.020
stoort	4.020
jessie	4.020
holmes	4.019
menu	4.019
opende	4.019
klere	4.019
klooster	4.019
oogje	4.019
voorstelling	4.019
gestaan	4.019
barnes	4.019
gebeurtenis	4.019
hoofden	4.018
balans	4.018
uitspraak	4.018
l	4.018
logeren	4.018
schrik	4.018
medewerkers	4.018
times	4.018
tatoeage	4.017
visioen	4.017
dealer	4.017
nieuwste	4.017
dekmantel	4.017
scheppen	4.017
guy	4.017
overtuigend	4.017
specifiek	4.017
stark	4.017
knopen	4.016
day	4.016
ranch	4.016
boter	4.016
golven	4.016
belasting	4.016
ridder	4.016
tanks	4.015
bezoekers	4.015
waaronder	4.015
gewoond	4.015
speciaals	4.015
mick	4.015
may	4.015
diploma	4.015
liter	4.014
ontwikkeling	4.014
wandeling	4.014
handboeien	4.014
zielige	4.014
inwoners	4.014
out	4.014
stoere	4.014
lance	4.014
garcia	4.013
rechterhand	4.013
geluiden	4.013
achterdeur	4.013
mode	4.013
afspraken	4.013
groepen	4.013
teleur	4.013
behandel	4.013
banken	4.013
hecht	4.013
springt	4.013
rosco	4.013
blonde	4.013
ex-vrouw	4.012
unieke	4.012
litteken	4.012
tapijt	4.012
kunstenaar	4.012
flessen	4.011
blond	4.011
systemen	4.011
schurk	4.011
claudia	4.011
teleurstellen	4.011
sullivan	4.010
termijn	4.010
eindigde	4.010
beschrijving	4.010
onderschat	4.010
kloten	4.009
slangen	4.009
nader	4.009
rent	4.009
gebieden	4.009
morris	4.009
alpha	4.009
publieke	4.009
maatschappij	4.009
opletten	4.009
positieve	4.008
vette	4.008
romantische	4.008
organen	4.008
pierre	4.008
beledigen	4.008
loser	4.008
cake	4.008
bestuderen	4.008
stort	4.008
stalen	4.008
robbie	4.008
harvard	4.008
cindy	4.007
varkens	4.007
verberg	4.007
drew	4.007
spook	4.007
hierop	4.007
ezel	4.007
jongeren	4.007
geïdentificeerd	4.006
diagnose	4.006
geroepen	4.006
kijkje	4.006
spijtig	4.006
duim	4.005
vertelden	4.005
tientallen	4.005
u.	4.005
economie	4.005
weerstaan	4.005
gebruikelijke	4.005
gigantische	4.005
finale	4.005
kitty	4.005
gezegend	4.004
directe	4.004
gewist	4.004
beweren	4.004
hechtenis	4.004
raadsel	4.004
langzamer	4.004
waardeloze	4.004
spionnen	4.003
piper	4.003
stoelen	4.003
beschaving	4.003
erna	4.003
bedriegen	4.003
foute	4.003
oranje	4.003
verbind	4.003
wijk	4.003
traag	4.003
eeuwigheid	4.002
eerlijkheid	4.002
woonkamer	4.002
hot	4.002
bereiden	4.002
vreemdeling	4.002
goedgekeurd	4.002
serveerster	4.002
fysieke	4.001
dappere	4.001
thompson	4.001
omkleden	4.001
sire	4.001
haai	4.001
klaus	4.001
ademhalen	4.001
zakenman	4.001
geopereerd	4.001
grijze	4.000
daten	4.000
kwijtraken	4.000
lengte	4.000
vereist	4.000
lijnen	4.000
houston	4.000
isaac	4.000
ontwerp	4.000
betrekken	4.000
ongewoon	3.999
elders	3.999
duister	3.999
bepaalt	3.999
zilveren	3.999
ondervraagd	3.999
handdoek	3.999
expres	3.999
luchthaven	3.998
coke	3.998
lerares	3.998
origineel	3.998
dosis	3.998
e-mails	3.998
machtig	3.998
voegen	3.998
mietje	3.998
gekust	3.998
inhoud	3.997
ego	3.997
nare	3.997
waardevol	3.997
voorkant	3.997
hopeloos	3.997
afgemaakt	3.997
avondeten	3.997
uiterste	3.997
spaanse	3.997
realiseer	3.997
lindsay	3.997
blad	3.997
geel	3.997
bewaakt	3.996
negeer	3.996
snor	3.996
eed	3.996
klopte	3.996
academie	3.996
afzetten	3.996
gewassen	3.996
verlopen	3.996
voorouders	3.996
dreiging	3.996
linker	3.995
tucker	3.995
griffin	3.995
jeffrey	3.995
lydia	3.995
record	3.995
vertrouwd	3.995
dieet	3.995
hoorzitting	3.995
bliksem	3.994
knoop	3.994
duwde	3.994
revolver	3.994
wissen	3.994
flynn	3.994
supermarkt	3.994
gevechten	3.994
ploeg	3.993
fisher	3.993
voormalige	3.993
samenzwering	3.993
kappen	3.993
zachtjes	3.993
clara	3.993
handje	3.993
stadje	3.993
lakens	3.992
tieners	3.992
vrijgezel	3.992
beschoten	3.992
campbell	3.992
boeit	3.991
voorwaarde	3.991
carmen	3.991
hiernaast	3.991
instappen	3.991
fox	3.991
geweigerd	3.991
schilderijen	3.991
mandy	3.991
gestudeerd	3.991
silver	3.991
activiteit	3.991
opgeroepen	3.991
uurtje	3.990
match	3.990
zilver	3.990
medaille	3.990
stoute	3.990
sid	3.990
weetje	3.990
letters	3.990
pappie	3.989
doodstraf	3.989
herrie	3.989
principe	3.989
leve	3.989
girl	3.989
cd	3.989
samenwerking	3.988
microfoon	3.988
bewonder	3.988
pissen	3.988
fris	3.988
perry	3.988
sperma	3.988
reeks	3.988
oneerlijk	3.988
dergelijke	3.988
boten	3.988
flash	3.988
mol	3.987
zonsondergang	3.987
afwachten	3.987
saus	3.987
ivan	3.987
borden	3.987
ruby	3.987
campus	3.987
seriemoordenaar	3.987
olifant	3.987
grof	3.987
bevatten	3.987
t-shirt	3.986
geboekt	3.986
hai	3.986
verrassingen	3.986
munt	3.986
blut	3.986
geschokt	3.986
agressief	3.986
vest	3.986
rondhangen	3.986
cody	3.986
merkte	3.985
vrezen	3.985
psychopaat	3.985
aanpak	3.985
hemd	3.985
queen	3.985
overdosis	3.985
bonen	3.985
stella	3.984
hunt	3.984
geleverd	3.984
belooft	3.984
schapen	3.984
uitgelegd	3.984
vrijuit	3.984
boem	3.984
alec	3.984
bernard	3.984
saaie	3.984
geregistreerd	3.983
grayson	3.983
visie	3.983
eronder	3.983
hare	3.983
sheldon	3.983
grappige	3.983
tegenovergestelde	3.982
pakhuis	3.982
invasie	3.982
debbie	3.982
river	3.982
koste	3.982
kroeg	3.982
honkbal	3.982
opslag	3.982
puppy	3.981
voordelen	3.981
halverwege	3.981
avery	3.981
tand	3.981
vaag	3.981
drake	3.981
geland	3.981
ontmoetten	3.980
buddy	3.980
cal	3.980
kraken	3.980
comfortabel	3.980
ongelijk	3.980
overhoop	3.979
geil	3.979
verscheen	3.979
stephanie	3.979
gezag	3.979
naderen	3.979
butler	3.979
can	3.979
schijf	3.979
what	3.979
jonas	3.979
jarige	3.979
verbroken	3.979
shuttle	3.978
twijfels	3.978
madison	3.978
bestwil	3.978
jood	3.978
geloofd	3.978
cash	3.978
ladder	3.978
onderdelen	3.978
allergisch	3.978
gemakkelijker	3.977
zakelijk	3.977
goedkeuring	3.977
uitgemaakt	3.977
beschuldigingen	3.977
trip	3.976
ncis	3.976
hetgeen	3.976
verontschuldig	3.976
sloten	3.976
blote	3.976
bloot	3.976
uitkijken	3.976
anonieme	3.976
sharon	3.975
losse	3.975
verbannen	3.975
aangepast	3.975
wrak	3.975
xena	3.975
raakten	3.975
potje	3.975
beren	3.975
poesje	3.975
bewegingen	3.975
orleans	3.975
diverse	3.975
voorwerp	3.975
bezittingen	3.974
klassieke	3.974
omheen	3.974
ontdekking	3.974
document	3.974
lloyd	3.974
verschijnt	3.974
meredith	3.974
yep	3.974
klem	3.974
zombie	3.973
oordelen	3.973
zweren	3.973
criminele	3.973
ingetrokken	3.973
opera	3.973
rugzak	3.973
alfa	3.973
tests	3.973
bukken	3.973
jongere	3.973
parfum	3.973
begeleiden	3.973
dj	3.973
plaatje	3.972
party	3.972
verdwijning	3.972
weefsel	3.972
keert	3.972
absurd	3.972
ultieme	3.972
pam	3.972
erica	3.972
v	3.972
adrian	3.971
verbinden	3.971
mmm	3.971
ingezet	3.971
nabij	3.970
toegewezen	3.970
zake	3.970
roberts	3.970
dozijn	3.970
parkeren	3.970
tegemoet	3.970
koffers	3.970
bewoners	3.970
intelligentie	3.970
angie	3.970
hierdoor	3.969
judy	3.969
m.	3.969
kleden	3.969
dixon	3.969
heftig	3.969
gil	3.969
rapporten	3.969
lana	3.969
rozen	3.969
gastheer	3.969
ontvoeren	3.969
verondersteld	3.968
gwen	3.968
hans	3.968
feestjes	3.968
geactiveerd	3.968
hoopt	3.968
north	3.968
erfenis	3.968
bovenste	3.968
rechercheurs	3.968
plank	3.968
dun	3.968
elaine	3.968
anderhalf	3.967
boete	3.967
wells	3.967
alfred	3.966
bauer	3.966
assistente	3.966
vernietig	3.966
cleveland	3.966
opgeruimd	3.966
regisseur	3.966
zooi	3.966
platen	3.966
randall	3.965
carson	3.965
logboek	3.965
zestien	3.965
brennan	3.965
zuiver	3.965
executie	3.965
bennett	3.965
vrouwe	3.965
zuur	3.965
geluisd	3.964
beckett	3.964
forensisch	3.964
moordzaken	3.964
lucifer	3.964
j	3.964
kuste	3.964
piloten	3.964
kippen	3.963
bon	3.963
slepen	3.963
stijgen	3.963
krijger	3.963
vera	3.963
freak	3.963
gejat	3.963
leefden	3.963
magazijn	3.962
buit	3.962
onschuld	3.962
omgaat	3.962
buitengewoon	3.962
goddank	3.962
uitgeven	3.961
andersom	3.961
bedrog	3.961
sociaal	3.961
pijpen	3.961
reid	3.961
haaien	3.961
mikey	3.961
glorie	3.961
ouderwets	3.961
brenda	3.961
monroe	3.960
mona	3.960
bezitten	3.960
deelt	3.960
breuk	3.960
alsjeblief	3.959
huiszoekingsbevel	3.959
kenteken	3.959
marinier	3.959
onderzoekt	3.959
merkt	3.959
schreeuwt	3.959
meemaken	3.959
aandeel	3.959
weiger	3.959
kabel	3.959
scoren	3.959
beïnvloeden	3.959
overtreding	3.959
bescheiden	3.958
financiën	3.958
synchronisatie	3.958
with	3.958
gold	3.958
vluchtte	3.958
koppen	3.958
regina	3.958
reagan	3.958
krachtige	3.957
dallas	3.957
groeide	3.957
artiest	3.957
foster	3.957
vernietiging	3.957
wagens	3.957
voorlezen	3.957
cliff	3.956
aanklachten	3.956
jongste	3.956
italiaans	3.956
bizar	3.956
gelijke	3.956
brandweer	3.956
reese	3.956
vochten	3.956
tijdperk	3.955
divisie	3.955
overhalen	3.955
drukke	3.955
ingenomen	3.955
meenam	3.955
zuid	3.955
evans	3.955
steel	3.955
artie	3.954
besturen	3.954
rolstoel	3.954
geliefden	3.954
zoet	3.954
vliegende	3.954
uitgegeven	3.954
sessie	3.954
spuit	3.954
schotland	3.953
ruimteschip	3.953
zonsopgang	3.953
rijkdom	3.953
overtreden	3.953
complex	3.953
gevlogen	3.953
conditie	3.953
samenleving	3.953
verzekerd	3.953
herkend	3.952
steunt	3.952
khan	3.952
resten	3.952
veroordelen	3.952
betrouwbaar	3.952
vlam	3.952
werknemer	3.952
chinezen	3.952
tweemaal	3.952
frasier	3.951
rang	3.951
sonny	3.951
mille	3.951
tekening	3.951
idiote	3.951
zelfverdediging	3.951
losgeld	3.951
vervoer	3.950
aas	3.950
moois	3.950
bijnaam	3.950
lola	3.950
binnenkwam	3.950
uiterst	3.950
verzamel	3.950
persoonlijkheid	3.950
ritueel	3.949
nadert	3.949
salade	3.949
verkeerds	3.949
ringen	3.949
lester	3.949
obsessie	3.949
stank	3.949
vermoedelijk	3.949
reggie	3.948
bones	3.948
zinken	3.948
conrad	3.948
bestrijden	3.948
inzicht	3.948
gids	3.948
zong	3.948
central	3.948
delta	3.948
menen	3.948
badge	3.948
single	3.948
hoede	3.948
bezeten	3.948
tragisch	3.948
opnames	3.948
gemiddelde	3.948
eend	3.947
uitdrukking	3.947
anoniem	3.947
martelen	3.947
antonio	3.947
re	3.947
kane	3.947
burns	3.947
vastgehouden	3.947
nolan	3.947
porter	3.947
leken	3.947
gebonden	3.947
site	3.947
stijgt	3.946
verrassend	3.946
afdruk	3.946
ziezo	3.946
verschillen	3.946
huurde	3.946
dog	3.946
egypte	3.946
signalen	3.945
bladeren	3.945
bedreigde	3.945
phoenix	3.945
droge	3.945
stoot	3.945
diamant	3.945
conclusie	3.945
verbeelding	3.945
sneed	3.945
druppel	3.945
armband	3.944
ham	3.944
proficiat	3.944
beland	3.944
scenario	3.944
schatten	3.944
schrok	3.944
ironisch	3.943
polen	3.943
fooi	3.943
afgezet	3.943
verdrinken	3.943
bestelling	3.943
vuilnis	3.943
betaling	3.943
valley	3.943
gevoelige	3.943
voormalig	3.943
brutaal	3.943
identificatie	3.943
verdronken	3.942
rechte	3.942
schuldgevoel	3.942
lena	3.942
vooraf	3.942
reynolds	3.942
wes	3.942
ontvangt	3.942
meewerken	3.942
opgeschreven	3.942
bloeding	3.941
onthullen	3.940
beoordelen	3.940
gezworen	3.940
zachter	3.940
lastige	3.940
denny	3.940
zoons	3.940
uitzending	3.940
wang	3.939
ziekenboeg	3.939
metalen	3.939
instituut	3.939
afleggen	3.939
gedreven	3.939
tanner	3.939
fiona	3.939
winkels	3.939
verschillend	3.939
persen	3.939
kameraad	3.939
connie	3.939
mishandeling	3.938
vormt	3.938
doorbraak	3.938
patrouille	3.938
aanraakt	3.938
juan	3.938
persconferentie	3.938
februari	3.938
klachten	3.938
rijst	3.938
richie	3.938
ongepast	3.938
uitrusting	3.938
danst	3.937
hap	3.937
bastaard	3.937
beverly	3.937
durfde	3.937
koekje	3.937
wekken	3.937
tickets	3.937
regio	3.937
beker	3.937
cola	3.937
georgia	3.937
verhogen	3.937
budget	3.936
rustiger	3.936
fraude	3.936
specifieke	3.936
neukt	3.936
voornamelijk	3.936
uitgekozen	3.936
aanzien	3.936
ontbijten	3.936
ober	3.936
kilometers	3.936
cat	3.936
bevestiging	3.935
failliet	3.935
stikken	3.935
buigen	3.935
verleiden	3.935
veroorzaakte	3.935
toneel	3.934
dvdrip	3.934
vang	3.934
kapper	3.934
schuif	3.934
object	3.934
geit	3.934
aantekeningen	3.934
zeldzame	3.933
oz	3.933
dawn	3.933
hals	3.933
baron	3.933
smeren	3.933
duidelijke	3.933
plafond	3.933
gewelddadige	3.933
dien	3.933
verkloot	3.932
arnold	3.932
album	3.932
gillen	3.932
lenny	3.932
brody	3.932
dvd	3.932
voorwaarts	3.932
hinderlaag	3.931
leslie	3.931
mexicaanse	3.931
june	3.931
drukte	3.931
waardevolle	3.931
zegene	3.931
zinnen	3.930
niles	3.930
weggooien	3.930
woonden	3.930
act	3.930
joods	3.930
rustige	3.930
trouwdag	3.930
bijl	3.929
satan	3.929
kansas	3.929
verwarring	3.929
woedend	3.929
meegaat	3.929
zoete	3.929
toekijken	3.929
connecties	3.928
toppers	3.928
baantje	3.928
voicemail	3.928
basketbal	3.928
order	3.928
ziekenhuizen	3.928
piraten	3.928
keertje	3.928
aub	3.928
kid	3.928
trakteer	3.927
magisch	3.927
toevoegen	3.927
collectie	3.927
den	3.927
storing	3.926
tjonge	3.926
romeo	3.926
rondleiding	3.926
routine	3.926
moore	3.926
ja.	3.926
oplichter	3.926
game	3.926
onderbreken	3.925
gebaar	3.925
eren	3.925
zuigen	3.925
zichtbaar	3.925
non	3.925
dankje	3.925
knippen	3.925
room	3.925
duizelig	3.925
rondom	3.925
spoken	3.925
calvin	3.925
rangers	3.924
ergs	3.924
dertien	3.924
volwassene	3.924
tralies	3.924
barst	3.924
methode	3.924
zitting	3.924
theo	3.924
a.	3.924
gekund	3.924
ingelicht	3.924
ingediend	3.923
philadelphia	3.923
dreigde	3.923
voorsprong	3.923
messen	3.923
jared	3.923
probleempje	3.923
afleiden	3.923
peggy	3.923
vivian	3.923
kikker	3.923
afgaan	3.923
smeekte	3.923
congreslid	3.923
naakte	3.922
vriendelijke	3.922
andermans	3.922
opgemerkt	3.922
samuel	3.922
ontsnapping	3.922
klaag	3.922
opluchting	3.922
indienen	3.922
nikita	3.922
intact	3.921
cadeaus	3.921
vrijlating	3.921
auto-ongeluk	3.921
bol	3.921
republiek	3.921
close	3.921
irritant	3.921
bevestigt	3.921
vervelende	3.921
d.	3.921
russisch	3.920
ari	3.920
veertien	3.920
kerkhof	3.920
generaties	3.920
finch	3.920
relevant	3.920
lizzie	3.920
helena	3.920
boris	3.920
suite	3.919
vernield	3.919
sfeer	3.919
iris	3.919
nesten	3.919
landing	3.919
goederen	3.919
luizen	3.918
burt	3.918
alternatief	3.918
reist	3.918
vermaak	3.918
gevormd	3.918
young	3.918
plaag	3.918
term	3.917
hamilton	3.917
lancering	3.917
houten	3.917
verkennen	3.917
dorothy	3.917
ehm	3.917
ongedeerd	3.917
rookt	3.917
dutje	3.917
religie	3.917
taken	3.917
shirley	3.917
verwarrend	3.916
misdaan	3.916
vul	3.916
omwille	3.916
acteurs	3.916
moeras	3.916
werking	3.916
verbazen	3.916
ontvangst	3.916
beleven	3.916
toonde	3.916
ideale	3.916
angelo	3.915
gezinnen	3.915
briljante	3.915
medewerking	3.915
cassie	3.915
pijl	3.915
chad	3.915
trouwe	3.915
scheren	3.915
schilden	3.914
overgenomen	3.914
state	3.914
geduwd	3.914
di	3.914
cm	3.914
opgelucht	3.914
bedreigen	3.914
zwakte	3.914
tussentijd	3.914
luchtmacht	3.914
uitzetten	3.913
edgar	3.913
rogers	3.913
echtgenote	3.913
experimenten	3.913
overduidelijk	3.912
littekens	3.912
late	3.912
jefferson	3.912
stuurden	3.912
hapje	3.912
miguel	3.912
zolder	3.912
bediende	3.912
recent	3.912
tijdschrift	3.912
gordel	3.912
voorspellen	3.912
nicholas	3.911
ellis	3.911
uitpraten	3.911
senaat	3.911
ontkomen	3.911
getrouwde	3.911
dringt	3.911
paula	3.911
bioscoop	3.911
mannetjes	3.911
joy	3.911
slechterik	3.911
achterliet	3.911
ondergaan	3.910
murray	3.910
verkoper	3.910
geaccepteerd	3.910
gun	3.910
fotograaf	3.910
afgezien	3.910
geblokkeerd	3.910
villa	3.910
tunnels	3.910
bezorgt	3.909
kong	3.909
makkelijke	3.909
aliens	3.909
bocht	3.909
storten	3.909
gebed	3.909
productie	3.909
ash	3.909
vagina	3.909
geslacht	3.909
j.	3.909
natte	3.909
ondergang	3.908
pony	3.908
vlammen	3.908
rechtop	3.908
democratie	3.908
beslis	3.908
chelsea	3.908
werpen	3.908
blokken	3.908
austin	3.908
shh	3.907
boog	3.907
tevoren	3.907
opgeleid	3.907
onderuit	3.907
schaamte	3.907
down	3.907
gehuurd	3.907
voornaam	3.907
scherpe	3.906
dierentuin	3.906
worst	3.906
teresa	3.906
marvin	3.906
toegelaten	3.906
schaduwen	3.906
vergis	3.906
hoever	3.906
inspiratie	3.905
stevens	3.905
laurel	3.905
vuurwerk	3.905
beveel	3.905
andrea	3.905
cathy	3.905
oost	3.905
grijs	3.905
afgelegen	3.905
binnenkomt	3.905
wedstrijden	3.904
poppen	3.904
stier	3.904
inmiddels	3.904
hooguit	3.904
eender	3.904
batterij	3.904
binden	3.904
flirten	3.904
stout	3.904
staken	3.904
huisarrest	3.903
verblijven	3.903
aanzoek	3.903
hardop	3.903
remmen	3.903
sheila	3.903
schijnen	3.903
omar	3.902
genetische	3.902
overleggen	3.902
mijnen	3.902
kamergenoot	3.902
toelaten	3.902
ribben	3.902
ideaal	3.902
cadeautjes	3.902
conciërge	3.902
hotelkamer	3.902
arizona	3.902
bedoelingen	3.902
tekeningen	3.902
dexter	3.902
koel	3.902
pater	3.902
inbreken	3.901
materie	3.901
chandler	3.901
oppervlak	3.901
hertog	3.901
overgeplaatst	3.901
hood	3.901
kapsel	3.901
clarke	3.900
christina	3.900
software	3.900
bunker	3.900
terugkom	3.900
gekkenhuis	3.900
bezorgdheid	3.900
teen	3.900
harte	3.900
so	3.899
morfine	3.899
keihard	3.899
florence	3.899
binnengekomen	3.899
waardigheid	3.899
onzeker	3.899
ingaan	3.899
verwachtingen	3.899
bepaal	3.899
hills	3.899
arbeiders	3.899
afkomstig	3.898
goh	3.898
gavin	3.898
gefilmd	3.898
scene	3.898
schenk	3.898
onderwijs	3.898
ohio	3.898
veroveren	3.898
toneelstuk	3.898
gideon	3.898
conflict	3.897
joel	3.897
nier	3.897
zwangerschap	3.897
opgepikt	3.897
klim	3.897
opgebouwd	3.897
paris	3.897
codes	3.897
glad	3.897
ouderwetse	3.897
onderdak	3.897
anton	3.897
smeer	3.897
verkiezing	3.897
ernaast	3.897
aangereden	3.897
business	3.896
schandaal	3.896
aangehouden	3.896
waardig	3.896
daders	3.896
realiseren	3.896
protest	3.895
handschrift	3.895
verstuurd	3.895
voorhoofd	3.895
bush	3.895
shelby	3.895
garrett	3.895
spaar	3.895
publiciteit	3.894
aangifte	3.894
ranger	3.894
medeleven	3.894
verborg	3.894
bevinden	3.894
rocky	3.894
callie	3.894
onderhouden	3.894
alf	3.894
zevende	3.894
leraren	3.894
terughalen	3.894
landgoed	3.894
shakespeare	3.894
formule	3.894
onverwacht	3.893
heuvels	3.893
griet	3.893
griep	3.893
juridische	3.893
peyton	3.893
gemarteld	3.893
runnen	3.893
religieuze	3.893
platteland	3.892
mulder	3.892
duik	3.892
dukes	3.892
marshal	3.892
afpakken	3.892
gediend	3.892
broodjes	3.892
griezelig	3.892
loyaal	3.892
scotty	3.892
dwight	3.892
volgorde	3.891
ondervraging	3.891
politici	3.891
old	3.891
gecreëerd	3.891
weggegooid	3.891
aha	3.891
nsa	3.891
aankomst	3.891
emmer	3.891
exacte	3.890
honing	3.890
vermaken	3.890
jesus	3.890
misbruikt	3.890
doodgaat	3.890
herfst	3.890
ongedaan	3.890
zelfvertrouwen	3.890
sterkte	3.890
wetenschappelijke	3.889
recherche	3.889
laboratorium	3.889
geduldig	3.889
bernie	3.889
gesprongen	3.889
beroerte	3.889
trainer	3.889
uitgezet	3.889
thuiskomt	3.889
fatsoenlijk	3.889
zombies	3.889
vergelijking	3.888
natrekken	3.888
ontvang	3.888
force	3.888
althans	3.888
accepteert	3.888
gepast	3.888
geparkeerd	3.888
ondertekenen	3.888
kolonie	3.888
gespaard	3.888
rooster	3.888
vlek	3.888
standpunt	3.887
makkie	3.887
malone	3.887
instelling	3.887
plaatse	3.887
vertrouwelijk	3.887
rico	3.887
weegt	3.887
ward	3.887
pablo	3.887
kleinkinderen	3.887
duivels	3.886
diepte	3.886
cyrus	3.886
meldt	3.886
portefeuille	3.886
achteraf	3.886
meubels	3.886
slagveld	3.886
tijdelijke	3.886
bind	3.886
tekent	3.886
opgelet	3.886
score	3.886
onwaarschijnlijk	3.886
produceren	3.885
gedeisd	3.885
elvis	3.885
buitenaards	3.885
puin	3.885
achterste	3.885
bijen	3.885
aankleden	3.885
conferentie	3.885
oprotten	3.885
extreme	3.885
vos	3.885
acteren	3.885
fietsen	3.885
ii	3.885
carlton	3.884
gordijnen	3.884
discreet	3.884
us	3.884
beschouwd	3.884
opvoeden	3.884
eilanden	3.884
excellentie	3.884
bedrieger	3.883
vriendinnetje	3.883
zó	3.883
slimste	3.883
bazen	3.882
borgtocht	3.882
financieel	3.882
besteed	3.882
donovan	3.882
zoen	3.882
amelia	3.881
marcel	3.881
garanderen	3.881
gedeeld	3.881
vleugel	3.881
partijen	3.881
aardbeving	3.881
hudson	3.881
inlichten	3.881
verklaringen	3.881
bespaar	3.881
stijve	3.880
zwarten	3.880
persoonlijks	3.880
stoned	3.880
bezorg	3.880
night	3.880
tekende	3.880
destijds	3.880
valstrik	3.880
geliefd	3.880
omsingeld	3.880
overwinnen	3.880
neger	3.880
ava	3.880
national	3.880
suggereert	3.880
mislukte	3.879
elementen	3.879
opgroeien	3.879
london	3.879
algemene	3.879
opbouwen	3.879
kaarsen	3.879
ns	3.879
waarden	3.878
gijzelaar	3.878
effectief	3.878
dolgraag	3.878
scheuren	3.878
do	3.878
nagetrokken	3.878
voorheen	3.878
voogdij	3.878
openmaken	3.877
dok	3.877
zuidelijke	3.877
ademhaling	3.877
drug	3.877
studeerde	3.877
ingepakt	3.877
ontwijken	3.877
japanners	3.876
stoep	3.876
unit	3.876
otto	3.876
sal	3.876
gerecht	3.876
waanzinnig	3.876
keller	3.876
buitenkant	3.875
behandelde	3.875
schuiven	3.875
bedenkt	3.875
puzzel	3.875
insgelijks	3.875
vervolgd	3.875
zero	3.874
ondersteuning	3.874
immers	3.874
gram	3.874
fucking	3.874
verstoren	3.874
betrekking	3.874
ijskoud	3.874
tak	3.874
advertentie	3.874
glenn	3.874
isabel	3.874
cursus	3.874
oppervlakte	3.874
sap	3.873
gereserveerd	3.873
achterom	3.873
vertraging	3.873
knuffelen	3.873
opknappen	3.873
hoera	3.873
ophoudt	3.873
verzameld	3.873
focus	3.873
noten	3.873
bella	3.873
zakelijke	3.872
georganiseerd	3.872
mortuarium	3.872
potter	3.872
hemeltje	3.872
pannenkoeken	3.872
nee.	3.872
verdelen	3.872
achttien	3.872
ierse	3.872
ere	3.872
presentatie	3.871
neefje	3.871
vaart	3.871
automatisch	3.871
succesvolle	3.871
discipline	3.871
integendeel	3.871
joh	3.871
reserve	3.871
bonus	3.871
spike	3.870
kar	3.870
doorzoek	3.870
spock	3.870
vervelen	3.870
kaal	3.870
hint	3.870
oorlogen	3.870
vergeeft	3.869
gore	3.869
mills	3.869
praatje	3.869
tattoo	3.869
ontkent	3.869
snelste	3.869
analyseren	3.869
uitgezocht	3.869
eerdere	3.869
afloop	3.869
tour	3.869
uithalen	3.869
chocola	3.869
logica	3.869
rodney	3.869
frost	3.869
belangen	3.868
binnenkant	3.868
wetenschappelijk	3.868
wanhoop	3.868
besluiten	3.868
belle	3.868
sherlock	3.868
first	3.868
wesley	3.868
meten	3.868
opwinding	3.868
uitvinden	3.868
popcorn	3.868
ais	3.868
chili	3.868
opmerking	3.868
meeneemt	3.867
container	3.867
point	3.867
ruw	3.867
naïef	3.867
zulk	3.867
gabe	3.867
voorraden	3.867
kin	3.867
miljarden	3.867
enzo	3.867
opleveren	3.867
del	3.867
gemeente	3.867
illusie	3.866
hit	3.866
competitie	3.866
wolk	3.866
strijden	3.866
haalden	3.866
führer	3.866
aanviel	3.866
oppikken	3.866
dwingt	3.866
veren	3.866
o.	3.865
ijsje	3.865
koningen	3.865
verkleed	3.865
cross	3.865
brett	3.865
frequentie	3.865
doek	3.865
griekse	3.865
toewijding	3.865
vergiffenis	3.864
vuist	3.864
abortus	3.864
liv	3.864
geduurd	3.864
morele	3.864
manipuleren	3.864
structuur	3.864
alien	3.864
vrijlaten	3.864
verveel	3.864
aanzetten	3.864
life	3.864
kamperen	3.864
trokken	3.864
mario	3.864
investering	3.863
attent	3.863
detroit	3.863
toeristen	3.863
opstellen	3.863
pentagon	3.862
slikken	3.862
tequila	3.862
geraden	3.862
verricht	3.862
kandidaten	3.862
verspild	3.862
gewurgd	3.862
vervoeren	3.862
omringd	3.862
uitspreken	3.862
hondje	3.862
doornemen	3.862
werelds	3.861
shepherd	3.861
opschrijven	3.861
familieleden	3.861
barbecue	3.861
verspilt	3.861
poosje	3.861
chirurgie	3.861
dineren	3.861
voltooid	3.860
luis	3.860
korting	3.860
afschuwelijke	3.860
abigail	3.860
binnenin	3.860
inhuren	3.860
evolutie	3.860
kleedkamer	3.860
archer	3.860
kassa	3.860
alert	3.860
envelop	3.859
verhuisde	3.859
klink	3.859
dinozzo	3.859
gewonde	3.859
gehecht	3.859
kale	3.859
gedroeg	3.859
stroomt	3.859
dunne	3.859
nauw	3.858
good	3.858
hypotheek	3.858
preek	3.858
light	3.858
generator	3.858
blijken	3.858
kleinste	3.858
back-up	3.858
journalisten	3.858
pesten	3.858
leverde	3.858
poirot	3.857
afgevuurd	3.857
montgomery	3.857
agnes	3.857
banks	3.857
geadopteerd	3.857
aanvraag	3.857
pier	3.857
opgezocht	3.857
lobby	3.857
price	3.857
arrogant	3.857
gigantisch	3.857
lucky	3.857
hoofdstad	3.857
kardinaal	3.857
drijft	3.857
beschuldiging	3.857
corrupt	3.857
benaderen	3.856
krediet	3.856
balkon	3.856
ow	3.856
paal	3.856
worstelen	3.856
ongelukje	3.856
vroegere	3.855
godin	3.855
spin	3.855
c.	3.855
lam	3.855
zwaarder	3.855
pooier	3.855
toegewijd	3.855
ijzeren	3.855
korps	3.855
gray	3.854
draken	3.854
deb	3.854
uitstellen	3.854
baxter	3.854
krijgers	3.854
blootgesteld	3.854
makelaar	3.854
brady	3.854
leegte	3.854
crash	3.853
overleefde	3.853
willekeurig	3.853
sidney	3.853
concurrentie	3.853
festival	3.853
onthou	3.853
wrede	3.853
romeinse	3.853
giftige	3.853
stacy	3.853
familielid	3.852
bisschop	3.852
achtertuin	3.852
poetsen	3.852
afwezigheid	3.852
onderhoud	3.852
verloopt	3.852
zijkant	3.852
gelukkiger	3.852
situaties	3.852
infuus	3.852
visioenen	3.852
zwerver	3.852
verdeeld	3.851
ervaringen	3.851
murdoch	3.851
vooraan	3.851
zwangere	3.851
jasper	3.851
moeilijkste	3.850
jeep	3.850
gehoorzamen	3.850
scheur	3.850
cuba	3.850
opgehouden	3.850
dreigt	3.850
kai	3.850
boksen	3.849
schilder	3.849
onderbroek	3.849
gegroeid	3.849
pret	3.849
lynn	3.849
boeven	3.849
negatieve	3.849
tegenkomen	3.849
talenten	3.849
vrijwilliger	3.849
continu	3.849
nasa	3.849
vervolgen	3.849
vrolijke	3.849
jaag	3.848
opzettelijk	3.848
observeren	3.848
verdrag	3.848
diende	3.848
daniels	3.848
inval	3.848
lori	3.848
kara	3.848
notities	3.848
phillip	3.848
tassen	3.848
israël	3.847
jenkins	3.847
behulpzaam	3.847
robots	3.847
geestelijke	3.847
hamburger	3.847
kanonnen	3.847
afgepakt	3.847
kook	3.847
oversteken	3.847
inlichtingen	3.847
mercedes	3.846
ijzer	3.846
dringen	3.846
woest	3.846
general	3.846
kookt	3.846
herr	3.846
allah	3.846
kleindochter	3.846
aller	3.846
melding	3.846
samenwonen	3.846
valerie	3.846
bondgenoten	3.846
verwoesten	3.846
sun	3.845
geloofden	3.845
ouderen	3.845
kotsen	3.845
mentor	3.845
american	3.845
principes	3.845
wenen	3.845
welzijn	3.845
drive	3.844
lint	3.844
verstopte	3.844
chester	3.844
avonden	3.844
depressie	3.844
hm	3.844
onderneming	3.844
levering	3.843
atlanta	3.843
uiteen	3.843
joshua	3.843
nypd	3.843
veroordeling	3.843
knuppel	3.843
sieraden	3.843
beloftes	3.843
karma	3.843
kopieën	3.842
cv	3.842
gangster	3.842
romantiek	3.842
opkomen	3.842
pub	3.842
allerbeste	3.842
binnenlandse	3.842
maatregelen	3.842
reus	3.842
sjaal	3.842
percy	3.842
verspil	3.842
europese	3.842
liefdadigheid	3.842
poëzie	3.842
vloeistof	3.842
donuts	3.841
rudy	3.841
wo	3.841
mm-hmm	3.841
bouwde	3.841
vertragen	3.841
geboden	3.841
aangetroffen	3.841
ritme	3.841
pyjama	3.841
wreken	3.841
koerier	3.841
gestemd	3.841
raap	3.841
sodemieter	3.841
sigaar	3.840
laurie	3.840
opendoen	3.840
getallen	3.840
rijtje	3.840
gegroet	3.840
hacken	3.840
wereldoorlog	3.840
matthews	3.840
kanon	3.840
debat	3.840
goa	3.840
smaken	3.840
deeltjes	3.840
besteden	3.840
bro	3.839
verspreidt	3.839
complot	3.839
wally	3.839
fatsoenlijke	3.839
nadia	3.839
melanie	3.839
indiaan	3.839
verbreken	3.839
chique	3.839
stoffen	3.838
maximaal	3.838
leeuwen	3.838
bestel	3.838
smakelijk	3.838
afzeggen	3.837
neerschoot	3.837
katholiek	3.837
quarantaine	3.837
aah	3.837
gecompliceerd	3.837
haasten	3.837
raadsman	3.837
wrok	3.837
veiling	3.837
kater	3.837
aangepakt	3.837
etage	3.837
vernederd	3.836
pakket	3.836
hugo	3.836
vergeving	3.836
hetero	3.836
maf	3.836
schaar	3.836
batterijen	3.836
overweg	3.836
lezing	3.836
vrijdagavond	3.836
til	3.836
gister	3.836
polly	3.836
kathy	3.835
groentje	3.835
enigen	3.835
weerstand	3.835
telegram	3.835
intiem	3.835
regenen	3.835
robinson	3.835
droevig	3.835
ontdekten	3.835
vervanger	3.835
eleanor	3.835
poep	3.834
opneemt	3.834
razend	3.834
barman	3.834
likken	3.834
evenwicht	3.834
norm	3.834
uitstaan	3.834
stoms	3.834
repetitie	3.834
onderscheiden	3.834
hughes	3.834
bedoelen	3.834
ella	3.834
jon	3.834
bloedbad	3.834
zonnestelsel	3.833
run	3.833
rooie	3.833
lesbisch	3.833
klaagt	3.833
daalt	3.833
devon	3.833
paste	3.833
neergestoken	3.833
massage	3.832
bovenaan	3.832
wen	3.832
datgene	3.832
archie	3.832
verlamd	3.832
engelsen	3.832
ernie	3.832
breed	3.832
nagaan	3.832
jaloezie	3.832
belediging	3.832
vrijwilligers	3.832
huurmoordenaar	3.832
stewart	3.831
voorkomt	3.831
yang	3.831
marc	3.831
maurice	3.831
cut	3.831
evacueren	3.831
vervloekte	3.831
romp	3.831
giftig	3.830
verlegenheid	3.830
geschikte	3.830
racen	3.830
boeiend	3.830
geoefend	3.830
buis	3.830
tocht	3.830
schenken	3.830
weldra	3.830
donnie	3.830
intens	3.830
afblijven	3.830
romeinen	3.830
jedi	3.830
modellen	3.830
autoriteit	3.829
juliette	3.829
versteld	3.829
kartel	3.829
geallieerden	3.829
emotie	3.829
praatjes	3.829
droomt	3.829
nieuwsgierigheid	3.829
aangaan	3.829
urine	3.829
leen	3.829
informeren	3.828
ondergrondse	3.828
dramatisch	3.828
terugkrijgen	3.828
pistolen	3.828
poker	3.828
passeren	3.828
devilsbackbone	3.828
krap	3.828
gecondoleerd	3.828
jr	3.828
prostituee	3.828
kapotte	3.828
dierenarts	3.828
peterson	3.827
gul	3.827
omver	3.827
verdergaan	3.827
eist	3.827
personage	3.827
hong	3.827
biefstuk	3.827
vernietigt	3.827
lagere	3.827
tering	3.827
weerwolf	3.827
tate	3.827
portier	3.827
verleiding	3.827
overwogen	3.827
get	3.826
klauwen	3.826
nadenkt	3.826
vraagje	3.826
vertegenwoordigen	3.826
realiseert	3.826
specialiteit	3.825
nn1	3.825
nieuwjaar	3.825
inkt	3.825
genen	3.825
lacey	3.825
bruno	3.825
limonade	3.824
zoontje	3.824
gescheurd	3.824
garde	3.824
shot	3.824
keerde	3.824
sasha	3.824
ontwerpen	3.824
pope	3.824
crew	3.823
doorgang	3.823
kantine	3.823
geschreeuw	3.823
sylvia	3.823
royal	3.823
liefs	3.823
weeshuis	3.823
allereerst	3.823
onafhankelijk	3.823
andre	3.823
center	3.823
vechter	3.822
patronen	3.822
abraham	3.822
rosa	3.822
afgelegd	3.822
stralen	3.822
deels	3.821
zeil	3.821
evelyn	3.821
merlijn	3.821
overleg	3.821
vermeld	3.821
opgedragen	3.821
taai	3.821
flesje	3.821
torres	3.820
dwing	3.820
hak	3.820
gevaren	3.820
ongelooflijke	3.820
dagelijkse	3.820
baltimore	3.820
hierbinnen	3.820
mager	3.820
voorwerpen	3.820
dessert	3.819
corrupte	3.819
stiefvader	3.819
ezra	3.819
thema	3.819
zeilen	3.819
onzichtbare	3.819
dienaar	3.819
ingesteld	3.819
onverwachte	3.819
gekookt	3.819
producten	3.818
jazz	3.818
gabrielle	3.818
controleert	3.818
injectie	3.818
twijfelt	3.818
ganse	3.818
just	3.818
klojo	3.818
mafkees	3.818
sophia	3.818
beveiligd	3.818
gates	3.818
kleinere	3.818
condoom	3.818
herinnerd	3.817
milieu	3.817
potentiële	3.817
ondernemen	3.817
aten	3.817
evenveel	3.817
tegengehouden	3.817
voldoen	3.817
magere	3.817
bewoog	3.817
daglicht	3.817
koppelen	3.817
moetje	3.817
bijdrage	3.817
voorop	3.817
art	3.817
hammond	3.817
cruz	3.817
sportschool	3.817
willy	3.817
waarschuwde	3.817
chen	3.816
wall	3.816
mythe	3.816
oogst	3.816
erik	3.816
verantwoording	3.816
gin	3.816
ontlopen	3.816
medewerker	3.816
zweten	3.816
leukste	3.816
facebook	3.816
scully	3.816
grove	3.816
tegengif	3.815
kluisje	3.815
side	3.815
coole	3.815
begraafplaats	3.814
federatie	3.814
rondkijken	3.814
aparte	3.814
behoren	3.814
formulier	3.814
intrekken	3.814
wetende	3.814
plaatst	3.814
industrie	3.814
vlekken	3.813
feestdagen	3.813
demonstratie	3.813
goedheid	3.813
clubs	3.813
oorspronkelijke	3.813
joyce	3.813
charme	3.813
verhoren	3.813
groei	3.813
hastings	3.813
regeren	3.813
pijnlijke	3.813
redder	3.813
secretaris	3.812
zwaaien	3.812
verwijder	3.812
ondertekend	3.812
starfleet	3.812
maatjes	3.812
verzorgd	3.812
dwerg	3.812
wijd	3.812
grootse	3.812
fel	3.812
toetje	3.812
bekeek	3.811
feitelijk	3.811
oxford	3.811
huisdier	3.811
overleef	3.811
kostbare	3.811
gail	3.811
okè	3.811
aangegeven	3.811
schaap	3.810
vonnis	3.810
historische	3.810
noordelijke	3.810
volgden	3.810
ivy	3.810
iran	3.810
antibiotica	3.810
tehuis	3.810
boft	3.810
spot	3.810
heli	3.810
verontschuldiging	3.810
handdoeken	3.810
han	3.810
t.	3.810
ikzelf	3.810
opgelopen	3.810
rijp	3.810
tik	3.809
roekeloos	3.809
churchill	3.809
hongerig	3.809
beschaamd	3.809
saint	3.809
vaughn	3.809
misleiden	3.809
kaliber	3.809
brien	3.808
instorten	3.808
zaterdagavond	3.808
ram	3.808
jamal	3.808
gilbert	3.808
raven	3.808
permanent	3.808
onderzoekers	3.808
verkrachten	3.808
wortels	3.808
brooks	3.808
clean	3.808
wenste	3.808
flauwekul	3.807
betrapte	3.807
uitgesloten	3.807
tekens	3.807
slordig	3.807
einstein	3.807
aankijken	3.807
verbond	3.807
vuurtje	3.807
hoogtepunt	3.807
shannon	3.806
moraal	3.806
pro	3.806
sabrina	3.806
onmogelijke	3.806
beroerd	3.806
bates	3.806
ruwe	3.806
ontploffing	3.806
specialist	3.806
betrokkenheid	3.806
voorbestemd	3.806
ingewanden	3.806
li	3.806
drukt	3.806
spek	3.806
korea	3.806
duidelijker	3.806
balen	3.806
slechteriken	3.805
types	3.805
plekke	3.805
richtte	3.805
lik	3.805
onderzeeër	3.805
dichtstbijzijnde	3.805
poeder	3.805
tips	3.805
experts	3.805
cruise	3.805
damien	3.805
claude	3.805
spellen	3.805
league	3.805
feliciteren	3.805
milo	3.804
dante	3.804
terroristische	3.804
colorado	3.804
dolk	3.804
weggehaald	3.804
mw.	3.804
billen	3.804
ruggengraat	3.804
hayes	3.804
group	3.804
nette	3.804
powell	3.804
vastgesteld	3.804
florrick	3.803
genot	3.803
terrorisme	3.803
lionel	3.803
tegendeel	3.803
bedienen	3.803
aandoet	3.803
strikt	3.803
schoongemaakt	3.803
glaasje	3.803
bedroog	3.803
degelijk	3.803
stortte	3.803
achterover	3.803
kaak	3.803
willekeurige	3.803
rede	3.803
woud	3.803
geteld	3.802
investeren	3.802
corruptie	3.802
enigste	3.802
tekeer	3.802
solo	3.802
gezeik	3.802
bekent	3.802
regeling	3.802
inkomen	3.802
concept	3.802
zonlicht	3.802
briggs	3.801
melkweg	3.801
aflopen	3.801
gratie	3.801
aangesloten	3.801
nerd	3.801
genetisch	3.801
kick	3.801
bestemd	3.801
schmidt	3.801
geknipt	3.801
profiteren	3.800
misdadiger	3.800
plaatste	3.800
verrekte	3.800
roland	3.800
afgestudeerd	3.800
like	3.800
comité	3.800
vegen	3.800
blokkeren	3.800
abe	3.800
daadwerkelijk	3.800
überhaupt	3.800
gregory	3.799
mack	3.799
uitschot	3.799
commander	3.799
ana	3.799
aansluiten	3.799
wielen	3.799
douane	3.799
fitz	3.799
geëxecuteerd	3.799
know	3.799
gerepareerd	3.799
camille	3.799
schijt	3.799
gelden	3.799
gehakt	3.799
afbreken	3.798
heil	3.798
holden	3.798
engerd	3.798
doodslag	3.798
consequenties	3.798
lastigvallen	3.798
memo	3.797
dwayne	3.797
ambitie	3.797
whiskey	3.797
bla	3.797
geneesmiddel	3.797
reageer	3.797
brandende	3.797
bradley	3.797
verslaggever	3.797
hoogst	3.797
zaad	3.797
pissig	3.797
creatief	3.796
onderzoeker	3.796
ongelukken	3.796
garandeer	3.796
stijf	3.796
bear	3.796
duikt	3.796
moreel	3.796
verwelkomen	3.796
worm	3.796
señor	3.796
geschrokken	3.796
palm	3.796
asjeblieft	3.796
schijnbaar	3.796
altaar	3.796
quitte	3.795
cynthia	3.795
benson	3.795
beveiligde	3.795
daaruit	3.795
sloegen	3.795
nodige	3.795
garantie	3.795
overkwam	3.795
afgesneden	3.795
genoteerd	3.795
gravin	3.795
michel	3.795
plas	3.795
aye	3.794
bedreigingen	3.794
instrumenten	3.794
èèn	3.794
condooms	3.794
marilyn	3.794
toernooi	3.794
orkaan	3.794
speer	3.794
regelde	3.794
vega	3.794
gezakt	3.794
ll	3.794
geruïneerd	3.794
instrument	3.793
belachelijke	3.793
home	3.793
macgyver	3.793
an	3.793
aanhouden	3.793
tang	3.793
hugh	3.793
buurvrouw	3.793
bouwt	3.792
bijhouden	3.792
weggestuurd	3.792
misdadigers	3.792
uhm	3.792
hayley	3.792
apotheek	3.792
belletje	3.792
gezegde	3.792
zoey	3.792
kameraden	3.792
neergelegd	3.792
opgeslagen	3.792
martini	3.792
falls	3.792
cape	3.792
ontstaat	3.792
betrouwbare	3.792
angsten	3.791
bedreigt	3.791
gearriveerd	3.791
bridge	3.791
verblijft	3.791
binnenuit	3.791
perspectief	3.790
jurken	3.790
activeren	3.790
gerald	3.790
gerry	3.790
teleurstelling	3.790
interesseren	3.790
aangaat	3.790
voerde	3.790
denver	3.790
strepen	3.790
smelten	3.789
adoptie	3.789
groenten	3.789
judith	3.789
stoom	3.789
moordzaak	3.789
vrouwtjes	3.789
beperken	3.789
thuiskwam	3.789
afgevraagd	3.789
aandeed	3.789
uitgaat	3.789
poorten	3.789
mount	3.789
begrijpelijk	3.789
vingerafdruk	3.789
rok	3.789
lippenstift	3.789
timmy	3.789
lokaal	3.789
eenzaamheid	3.789
gorilla	3.789
inrichting	3.789
doorgesneden	3.789
aanvaller	3.789
geschapen	3.789
anderhalve	3.788
rechtvaardigheid	3.788
appels	3.788
daarachter	3.788
snijdt	3.788
matty	3.788
pruik	3.788
handelt	3.788
fataal	3.788
darren	3.788
geschopt	3.788
dalton	3.788
poen	3.788
sherry	3.787
luie	3.787
middags	3.787
ledereen	3.787
integriteit	3.787
peg	3.787
nieren	3.787
gevleid	3.787
walvis	3.787
lampen	3.787
achtervolging	3.787
exemplaar	3.787
getrapt	3.787
omvang	3.787
oeps	3.787
mannelijk	3.787
munten	3.786
stripper	3.786
aangewezen	3.786
activeer	3.786
sensoren	3.786
bijzijn	3.786
zorgvuldig	3.786
hogg	3.786
gibson	3.785
vredig	3.785
zalm	3.785
dam	3.785
vizier	3.785
luther	3.785
roer	3.785
henderson	3.785
trieste	3.785
springfield	3.785
afgeven	3.785
verspilling	3.785
filosofie	3.785
neerleggen	3.785
vreselijks	3.785
kleintjes	3.785
tanya	3.785
daarginds	3.785
ernst	3.784
dumpte	3.784
mal	3.784
uiten	3.784
roem	3.784
hierboven	3.784
rechtzetten	3.784
stopten	3.784
opdat	3.784
verrek	3.784
jam	3.783
uitgerust	3.783
actieve	3.783
overhemd	3.783
administratie	3.783
buffy	3.783
cheryl	3.783
hotels	3.783
architect	3.783
marion	3.783
vastbesloten	3.783
geneeskunde	3.783
death	3.783
ctu	3.783
opofferen	3.783
wachtend	3.783
heerst	3.783
marihuana	3.783
yoga	3.782
voldoet	3.782
verkrijgen	3.782
stadium	3.782
definitief	3.782
rich	3.782
planning	3.782
rouwen	3.782
lilly	3.782
sadie	3.782
evenement	3.782
slap	3.782
zijden	3.782
onnodig	3.782
handschoen	3.782
ingenieur	3.782
doodschieten	3.782
sandwich	3.782
belazerd	3.782
sloan	3.782
lichamelijk	3.781
rukken	3.781
lepel	3.781
linkerkant	3.781
dalen	3.781
donny	3.781
belangstelling	3.781
queens	3.781
stevige	3.781
archief	3.780
mieren	3.780
achterlijke	3.780
wisselgeld	3.780
schattige	3.780
tiende	3.780
voorpagina	3.780
ontving	3.780
zwitserland	3.780
vulkaan	3.780
bestudeerd	3.780
lapd	3.779
vijandelijke	3.779
graad	3.779
afgeslacht	3.779
beheerst	3.779
tactiek	3.779
senior	3.779
vluchtelingen	3.779
sanchez	3.779
outfit	3.779
uitbrengen	3.779
adrenaline	3.779
cheques	3.779
olifanten	3.779
praatten	3.779
erfgenaam	3.779
schurken	3.779
vergezellen	3.778
welnu	3.778
wiel	3.778
kinderachtig	3.778
levenden	3.778
isabelle	3.778
rotten	3.778
schrap	3.778
kit	3.778
pand	3.777
indringer	3.777
here	3.777
gestart	3.777
hoorn	3.777
locaties	3.777
this	3.777
vrouwelijk	3.777
creek	3.777
voorbereiding	3.777
malen	3.777
serveren	3.777
prestatie	3.777
monty	3.777
glimlachen	3.777
belastingen	3.777
ontdoen	3.777
voorgevoel	3.777
wederzijds	3.776
paren	3.776
restaurants	3.776
focussen	3.776
gewenst	3.776
pasta	3.776
woods	3.776
doris	3.776
danielle	3.776
pijnstillers	3.776
bendes	3.776
hazzard	3.775
potentieel	3.775
compagnie	3.775
vangt	3.775
beschuldigt	3.775
langskomt	3.775
opstijgen	3.775
uitgebreid	3.775
bedriegt	3.775
opmerkelijk	3.775
smokkelen	3.775
bedden	3.775
sofia	3.775
verhaaltje	3.775
luik	3.775
verontschuldigingen	3.775
eruitziet	3.775
assistentie	3.775
complimenten	3.775
ruk	3.775
buitengewone	3.775
edwards	3.775
theresa	3.775
tournee	3.774
uitstel	3.774
donor	3.774
expeditie	3.774
kruiden	3.774
walsh	3.774
square	3.774
alias	3.774
madam	3.774
nash	3.774
doorgegeven	3.774
mix	3.774
stromen	3.774
pearl	3.774
glen	3.774
box	3.774
bespreking	3.773
koets	3.773
lanceren	3.773
handtas	3.773
foutje	3.773
rijken	3.773
gehackt	3.773
sleep	3.773
deeks	3.773
opfrissen	3.773
dee	3.772
uitgezonden	3.772
poot	3.772
bruidegom	3.772
reisje	3.772
zenden	3.772
javier	3.771
nodigen	3.771
scarlett	3.771
zwijn	3.771
ballon	3.771
esther	3.771
chance	3.771
paraat	3.771
missies	3.771
verdoofd	3.771
plaatsvinden	3.770
gecheckt	3.770
zuigt	3.770
fletcher	3.770
hawaï	3.770
stunt	3.770
talloze	3.770
voeg	3.770
vicky	3.770
lemon	3.769
baarmoeder	3.769
web	3.769
rechtdoor	3.769
jonah	3.769
d.c.	3.769
voorwaardelijk	3.769
psychologische	3.769
knijpen	3.769
vel	3.769
minnares	3.769
genoot	3.769
kreeft	3.769
rechters	3.769
alleenstaande	3.768
beschikking	3.768
bridget	3.768
eindje	3.768
broadway	3.768
mail	3.768
hannibal	3.767
bevonden	3.767
afspraakjes	3.767
getal	3.767
ondersteunen	3.767
wateren	3.767
dook	3.767
zadel	3.767
draden	3.767
landschap	3.767
stichting	3.767
rondloopt	3.767
krabben	3.767
sherman	3.767
alaska	3.767
right	3.767
summer	3.767
santos	3.766
bevolen	3.766
pakketje	3.766
posities	3.766
mallory	3.766
invullen	3.766
tegengekomen	3.766
marteling	3.766
mentale	3.766
zakt	3.766
namiddag	3.766
rio	3.766
carlo	3.766
kaars	3.766
lijstje	3.766
vuilnisbak	3.766
onvoorstelbaar	3.766
ellendig	3.766
vernederend	3.765
wettelijk	3.765
theorieën	3.765
granaat	3.765
bui	3.765
inhouden	3.765
ally	3.765
opmerkingen	3.765
initiatief	3.765
dreef	3.765
terugbetalen	3.765
psycholoog	3.765
gemma	3.765
zeventien	3.765
kauwgom	3.765
pudding	3.765
afgerond	3.764
wegga	3.764
opgesteld	3.764
ballet	3.764
velden	3.764
vlogen	3.764
mysterieus	3.764
reünie	3.764
neill	3.764
verdedig	3.764
lekkers	3.764
biertjes	3.764
ex-man	3.764
kneuzingen	3.764
spinnen	3.763
binnenvallen	3.763
now	3.763
inhalen	3.763
kolere	3.763
getoond	3.763
alliantie	3.763
vierkante	3.763
ventje	3.763
jacques	3.763
tafels	3.763
venus	3.763
adopteren	3.763
paps	3.763
clayton	3.763
alcoholist	3.763
goedkoper	3.763
loos	3.763
nauwkeurig	3.762
verzameling	3.762
ontsla	3.762
mengen	3.762
beschouwen	3.762
pedro	3.762
golden	3.762
concentratie	3.762
meebrengen	3.762
burgeroorlog	3.762
spirituele	3.761
kristal	3.761
verdiepingen	3.761
name	3.761
look	3.761
runt	3.761
mislukking	3.761
rum	3.761
roeien	3.761
torpedo	3.761
aanraking	3.761
defect	3.761
jaarlijkse	3.761
pakten	3.761
gevoerd	3.761
bezorgde	3.760
slager	3.760
humphrey	3.760
verlichting	3.760
simmons	3.760
zalig	3.760
eugene	3.760
ninja	3.760
p	3.760
fit	3.760
geschift	3.759
ertegen	3.759
opvolgen	3.759
achtste	3.759
ghost	3.759
bewaart	3.759
melinda	3.759
wormen	3.759
becca	3.758
vork	3.758
agentschap	3.758
zestig	3.758
salon	3.758
ziektes	3.758
penning	3.758
beschuldigde	3.758
deadline	3.758
andrews	3.758
peloton	3.758
diezelfde	3.757
yes	3.757
dierbare	3.757
afrikaanse	3.757
overdrijven	3.757
wegrennen	3.757
plein	3.757
hechtingen	3.757
limo	3.757
hert	3.757
politicus	3.756
heengaan	3.756
opdrachten	3.756
blaast	3.756
belden	3.756
avondje	3.756
automatische	3.756
cass	3.756
gardner	3.756
schildpad	3.756
ierland	3.756
treinen	3.756
zweden	3.756
scheer	3.756
company	3.756
marissa	3.756
dea	3.755
moer	3.755
kermis	3.755
geïnfecteerd	3.755
logische	3.755
katholieke	3.755
hoeken	3.755
opkomt	3.755
stalker	3.755
kramer	3.755
piep	3.754
zeik	3.754
bankrekening	3.754
letter	3.754
mop	3.754
populaire	3.754
kerstavond	3.754
minimaal	3.754
krijgsraad	3.754
clan	3.754
kristallen	3.754
genegeerd	3.754
lorenzo	3.754
digitale	3.753
ridders	3.753
christy	3.753
yale	3.753
verliezer	3.753
overigens	3.753
vanzelfsprekend	3.753
stropdas	3.753
gezamenlijke	3.753
hersenschudding	3.753
werkgever	3.753
dekens	3.753
simone	3.753
suv	3.752
vertegenwoordigt	3.752
pomp	3.752
dakloze	3.752
och	3.752
piraat	3.752
opgeleverd	3.752
maddie	3.752
uniformen	3.752
wortel	3.752
wei	3.752
vakbond	3.752
beantwoordt	3.752
aangetast	3.752
literatuur	3.752
oprit	3.752
betreden	3.752
contracten	3.752
trucjes	3.751
onvermijdelijk	3.751
dani	3.751
nobel	3.751
juliet	3.751
verwachting	3.751
way	3.751
korter	3.751
loterij	3.751
verraders	3.751
teruggebracht	3.751
callen	3.750
dingetje	3.750
jupiter	3.750
end	3.750
groet	3.750
roosevelt	3.750
crawford	3.750
canyon	3.750
ontken	3.750
wormgat	3.750
nagekeken	3.750
beïnvloed	3.750
controleerde	3.750
absolute	3.750
security	3.750
steak	3.750
offers	3.750
spannende	3.750
evacuatie	3.749
fik	3.749
pikt	3.749
are	3.749
chang	3.749
teruggekeerd	3.749
gay	3.749
uitgehongerd	3.749
brazilië	3.749
letsel	3.749
nodigde	3.748
patricia	3.748
quentin	3.748
dankbaarheid	3.748
e.	3.748
uithangen	3.748
valentijnsdag	3.748
dooie	3.748
subtiel	3.748
voordoen	3.748
grondwet	3.748
kastje	3.748
lip	3.747
magnus	3.747
schud	3.747
pogingen	3.747
enigszins	3.747
legers	3.747
kay	3.747
provincie	3.747
intelligente	3.747
gotham	3.747
bezoekje	3.747
jet	3.747
got	3.746
neerzetten	3.746
agente	3.746
wal	3.746
brits	3.746
meerderheid	3.746
realistisch	3.746
afstandsbediening	3.746
but	3.746
afkomst	3.746
deugt	3.746
semester	3.746
vlot	3.745
g.	3.745
bewaarde	3.745
blikken	3.745
apollo	3.745
horizon	3.745
overboord	3.745
insect	3.745
uitgekomen	3.745
verkrachter	3.745
warmer	3.745
rekken	3.745
trofee	3.745
zwager	3.745
behoeften	3.745
boren	3.745
sushi	3.744
mademoiselle	3.744
vervullen	3.744
thuiskomen	3.744
nationaal	3.744
ge	3.744
minuutjes	3.744
spence	3.744
tillen	3.744
hacker	3.744
ark	3.744
valentine	3.744
uitgesproken	3.744
onderhandelingen	3.744
gehoor	3.744
bye	3.744
bezoeker	3.743
pinda	3.743
deelde	3.743
gedrukt	3.743
redelijke	3.743
mate	3.743
jude	3.743
genezing	3.743
sinclair	3.743
overdracht	3.743
cocktail	3.742
kusje	3.742
excuseert	3.742
schepsel	3.742
stinkende	3.742
napoleon	3.742
rente	3.742
reacties	3.742
verplichtingen	3.742
objecten	3.742
parade	3.742
misdrijven	3.741
patient	3.741
liften	3.741
schrijvers	3.741
geheugenverlies	3.741
konijnen	3.741
verwerkt	3.741
schuldige	3.741
et	3.741
rechterkant	3.741
tijde	3.741
luiers	3.741
rapporteren	3.741
beledigend	3.741
vastzit	3.741
waaruit	3.741
amsterdam	3.741
heldere	3.741
pleegt	3.740
wanhopige	3.740
vice	3.740
nikker	3.740
verwend	3.740
behulp	3.740
profeet	3.740
kontje	3.740
holt	3.740
verbeterd	3.740
bevalling	3.740
pakistan	3.740
matras	3.740
zuiveren	3.740
achtervolgt	3.739
fonds	3.739
verloving	3.739
bert	3.739
spuiten	3.739
armstrong	3.739
drong	3.739
navy	3.739
functies	3.739
elijah	3.739
dominic	3.738
overtuiging	3.738
snee	3.738
adelaar	3.738
vervolg	3.738
bree	3.738
ontvoerde	3.738
veeg	3.738
dergelijks	3.738
verlossing	3.738
mo	3.738
goddelijke	3.738
haard	3.738
niet.	3.738
slaagt	3.738
overdrijft	3.738
internationaal	3.738
conclusies	3.737
interpol	3.737
plukken	3.737
overslaan	3.737
gedraaid	3.737
oorsprong	3.737
manschappen	3.737
woordje	3.737
hulpeloos	3.737
chantage	3.737
teal	3.737
inslag	3.736
voorspelling	3.736
who	3.736
zaklamp	3.736
aanstaande	3.736
lood	3.736
neukte	3.736
gesmolten	3.736
ontstond	3.736
afloopt	3.736
droegen	3.736
gerookt	3.735
carly	3.735
voertuigen	3.735
psychologie	3.735
f	3.735
richards	3.735
montana	3.735
saul	3.735
ss	3.735
geestelijk	3.735
zoom	3.735
stadion	3.735
buzz	3.735
chemicaliën	3.735
master	3.735
geknoeid	3.734
hilarisch	3.734
label	3.734
muizen	3.734
stewie	3.734
confrontatie	3.734
stu	3.734
vangst	3.734
humeur	3.734
slipje	3.734
observatie	3.734
verwond	3.734
michigan	3.734
uitrusten	3.734
verzoeken	3.734
kustwacht	3.734
vernederen	3.734
hetty	3.734
gereisd	3.734
bondgenoot	3.733
werkwijze	3.733
streep	3.733
rondjes	3.733
kraan	3.733
take	3.733
bordeel	3.733
verenigd	3.733
bandje	3.733
magazine	3.733
spaghetti	3.733
verbetering	3.732
onbelangrijk	3.732
artikelen	3.732
beck	3.732
afgehandeld	3.732
traditionele	3.732
kids	3.732
medium	3.732
meewerkt	3.732
dolfijnen	3.732
monteur	3.732
psychiatrische	3.732
taco	3.732
aangename	3.732
toegegeven	3.732
versterken	3.732
kostuums	3.731
griekenland	3.731
paspoorten	3.731
zaakjes	3.731
toiletten	3.731
uitvinding	3.731
update	3.731
klep	3.731
accountant	3.731
bedtijd	3.731
verdenken	3.731
spoel	3.731
lindsey	3.730
neiging	3.730
afleveren	3.730
ongebruikelijk	3.730
leerden	3.730
offeren	3.730
ingrijpen	3.730
mackenzie	3.730
o.k.	3.730
wegblijven	3.730
hierachter	3.730
knip	3.730
negeert	3.730
contactpersoon	3.729
christelijke	3.729
verzint	3.729
crack	3.729
clive	3.729
economische	3.729
slok	3.729
geneest	3.729
tegoed	3.729
rivieren	3.729
immuniteit	3.729
militairen	3.729
vernedering	3.729
heersen	3.729
benaderd	3.729
harriet	3.728
hebzucht	3.728
uitdoen	3.728
beha	3.728
gedeeltelijk	3.728
cavalerie	3.728
beeldschoon	3.728
ty	3.728
presenteren	3.728
verkleden	3.728
verdenking	3.728
roddels	3.728
passagier	3.728
slik	3.728
verbindt	3.728
laser	3.727
klets	3.727
news	3.727
huishoudster	3.727
bevestig	3.727
gangen	3.727
adressen	3.727
uitkijk	3.727
zootje	3.727
hamburgers	3.727
cassidy	3.727
darryl	3.727
berouw	3.727
tiffany	3.727
vogeltje	3.727
banaan	3.727
intimidatie	3.727
brandweerman	3.727
neven	3.727
tegenstanders	3.727
ziva	3.726
madeline	3.726
cary	3.726
aandoening	3.726
regiment	3.726
gedekt	3.726
zogenaamd	3.726
gepikt	3.726
versturen	3.726
heupen	3.726
silas	3.726
pompen	3.726
nigel	3.726
overmorgen	3.726
meet	3.726
hormonen	3.726
pindakaas	3.726
braken	3.725
overtuigde	3.725
hardy	3.725
shelly	3.725
vergiftigen	3.725
when	3.725
voedt	3.725
vlinder	3.725
teksten	3.725
tornado	3.725
blog	3.725
two	3.725
ergere	3.725
angstaanjagend	3.724
aardappelen	3.724
meldde	3.724
belanden	3.724
achterbank	3.724
ra	3.723
modern	3.723
division	3.723
ondersteboven	3.723
stemt	3.723
stammen	3.723
jeanne	3.723
toets	3.723
onderaan	3.723
uitgever	3.722
achtervolgd	3.722
elite	3.722
tammy	3.722
bacteriën	3.722
röntgenfoto	3.722
lila	3.722
father	3.722
motie	3.722
oorbellen	3.722
remedie	3.722
repeteren	3.722
indringers	3.722
vergroten	3.721
dude	3.721
wildernis	3.721
wereldwijd	3.721
winters	3.721
edith	3.721
caitlin	3.721
diegenen	3.721
power	3.720
toronto	3.720
afgezegd	3.720
postbode	3.720
veranda	3.720
knox	3.720
geprogrammeerd	3.720
surfen	3.720
joanna	3.720
server	3.720
betreffende	3.720
toeslaan	3.720
opwarmen	3.720
formeel	3.720
publiceren	3.720
henri	3.720
berichtje	3.719
barsten	3.719
lopend	3.719
zonnebril	3.719
rector	3.719
vaderland	3.719
aids	3.719
chanteren	3.719
beton	3.719
botsing	3.719
vertegenwoordiger	3.719
grondgebied	3.719
weerhouden	3.719
evengoed	3.719
aanpassingen	3.719
verslaafde	3.719
bin	3.719
brandwonden	3.719
verkering	3.719
laf	3.719
roofdieren	3.719
pamela	3.719
newton	3.718
garnalen	3.718
addison	3.718
hodgins	3.718
hielen	3.718
renee	3.718
én	3.718
aidan	3.717
afwezig	3.717
medeplichtig	3.717
gaatje	3.717
beangstigend	3.717
rusty	3.717
verwijten	3.717
gezoend	3.716
priesters	3.716
ving	3.716
kostbaar	3.716
juf	3.716
dynamiet	3.716
uitpakken	3.716
forensische	3.716
gedichten	3.716
verontrustend	3.716
vasthoudt	3.716
bataljon	3.716
fluit	3.716
suggestie	3.716
gekkenwerk	3.716
ellendige	3.715
communisten	3.715
onschuldigen	3.715
beken	3.715
aangezet	3.715
laad	3.715
research	3.715
bevoegdheid	3.715
cijfer	3.715
departement	3.715
definitie	3.715
luchtje	3.715
meedoet	3.715
bevelschrift	3.715
grijpt	3.715
somber	3.714
studeert	3.714
major	3.714
klimaat	3.714
verroer	3.714
vitale	3.714
inlichtingendienst	3.714
beloond	3.714
klassiek	3.714
hierzo	3.713
hiervandaan	3.713
flik	3.713
kwaliteiten	3.713
afrekenen	3.713
japans	3.713
aantonen	3.713
beschreven	3.713
overlevende	3.713
boodschapper	3.713
onsterfelijk	3.713
gesticht	3.713
liefhebben	3.713
vergaan	3.713
gans	3.713
tegenaan	3.712
ontsteking	3.712
buitenwereld	3.712
argument	3.712
onderwerpen	3.712
five	3.712
atlantis	3.712
millie	3.712
greene	3.712
vloeken	3.712
uitsluiten	3.712
cheerleader	3.712
ongewapend	3.712
matroos	3.712
innerlijke	3.712
lullig	3.711
boekhouding	3.711
gestapt	3.711
verslaving	3.711
misleid	3.711
preston	3.711
talen	3.711
scheet	3.711
essentieel	3.711
rabb	3.711
heiligheid	3.711
overgehaald	3.711
stoten	3.710
kisten	3.710
lazer	3.710
schitterende	3.710
kapel	3.710
clarence	3.710
smelt	3.710
hoopten	3.710
eagle	3.710
interessants	3.710
eigenschappen	3.710
wraith	3.710
gruwelijke	3.710
portland	3.710
besmettelijk	3.710
begeleid	3.710
crystal	3.710
verraadt	3.710
stormen	3.710
naalden	3.709
psychische	3.709
vriezer	3.709
toost	3.709
verplaats	3.709
susie	3.709
decaan	3.709
sprookje	3.709
trey	3.709
mede	3.709
rufus	3.709
verschenen	3.709
afronden	3.708
piek	3.708
hielpen	3.708
winnaars	3.708
lawson	3.708
rem	3.708
opmaken	3.708
surveillance	3.708
twijfelde	3.708
amateur	3.708
midden-oosten	3.707
polsen	3.707
opgeeft	3.707
geintjes	3.707
back	3.707
verhuist	3.707
tijdverspilling	3.707
vance	3.707
accu	3.707
baai	3.707
barbie	3.707
verminderen	3.707
veroordeelde	3.706
bacon	3.706
beller	3.706
antwoordt	3.706
oefeningen	3.706
koepel	3.706
w	3.706
knaap	3.706
boterham	3.706
biecht	3.706
schikking	3.706
duwt	3.706
ufo	3.706
inbreker	3.706
vaten	3.705
geschilderd	3.705
cruciaal	3.705
lokaas	3.705
junkie	3.705
beweerde	3.705
fi	3.705
ruïneren	3.705
lockhart	3.705
roll	3.705
vaccin	3.705
united	3.705
janice	3.705
trouwring	3.705
hemelse	3.704
caravan	3.704
inspectie	3.704
lijfwacht	3.704
gate	3.704
langley	3.704
prince	3.704
ollie	3.704
slopen	3.704
geheimpje	3.704
voelden	3.704
geoffrey	3.704
mckay	3.704
vermoeiend	3.704
timothy	3.704
eden	3.704
aardse	3.704
verdoving	3.703
geconfronteerd	3.703
wijven	3.703
langskwam	3.703
map	3.703
latijn	3.703
drugsdealer	3.703
reno	3.703
auteur	3.702
killer	3.702
lopende	3.702
otis	3.702
sutton	3.702
onbeschoft	3.702
isabella	3.702
erkennen	3.702
maskers	3.702
vijandig	3.702
producer	3.702
waartoe	3.702
meerijden	3.702
eitje	3.702
ondergronds	3.702
moon	3.701
creëert	3.701
mand	3.701
louie	3.701
berekeningen	3.701
erge	3.701
hospitaal	3.701
pikte	3.701
crichton	3.701
kijkers	3.701
eindeloze	3.701
kompas	3.701
gevangenisstraf	3.700
dekt	3.700
crazy	3.700
management	3.700
plakken	3.700
achterlaat	3.700
2e	3.700
uittrekken	3.700
verzamelt	3.700
intuïtie	3.700
duivelse	3.700
trotse	3.700
koor	3.700
verwijt	3.700
country	3.700
verantwoordelijkheden	3.700
flirt	3.699
boef	3.699
maniak	3.699
studeer	3.699
vervalst	3.699
aankwamen	3.699
maaltijden	3.699
meedogenloos	3.699
worp	3.699
enthousiasme	3.699
ongelukkige	3.699
ceo	3.699
indiana	3.699
patterson	3.699
frances	3.699
zijt	3.699
verlenen	3.699
professional	3.699
ontplofte	3.698
nonsens	3.698
wurgen	3.698
prototype	3.698
tobias	3.698
tandenborstel	3.698
asiel	3.698
element	3.698
goot	3.698
trillen	3.698
afpersing	3.698
hoofdkantoor	3.698
wong	3.698
stalin	3.698
terugweg	3.698
cognac	3.698
opgeofferd	3.697
juridisch	3.697
onduidelijk	3.697
beëindigd	3.697
spoorloos	3.697
snijd	3.697
wu	3.697
leende	3.697
bewapend	3.697
aurora	3.696
grotten	3.696
noodzaak	3.696
mams	3.696
haakjes	3.696
antoine	3.696
symbolen	3.696
schutters	3.696
uitgepraat	3.696
fee	3.696
afgebroken	3.696
ginger	3.696
schimmel	3.696
pakjes	3.696
daarnaast	3.696
jade	3.696
ontvoerders	3.696
mantel	3.696
bryce	3.695
portret	3.695
gezeur	3.695
filmpje	3.695
song	3.695
alsnog	3.695
avonturen	3.695
bespioneren	3.695
marcy	3.695
alexis	3.695
klusjes	3.695
lo	3.695
tessa	3.695
creditcards	3.695
godver	3.694
verzonden	3.694
afgeleverd	3.694
territorium	3.694
bowlen	3.694
verslaat	3.694
schijten	3.694
dump	3.694
trent	3.694
exclusief	3.694
account	3.694
bizarre	3.694
cassandra	3.693
agressie	3.693
vaststellen	3.693
deugd	3.693
afluisteren	3.693
geproefd	3.693
detectives	3.693
buig	3.693
continent	3.693
nederlaag	3.693
atlantic	3.693
vertalen	3.693
picknick	3.692
treft	3.692
touwen	3.692
union	3.692
raars	3.692
verstoord	3.692
verleidelijk	3.692
trish	3.692
daklozen	3.692
pennsylvania	3.692
koesteren	3.692
stadhuis	3.692
empire	3.692
volgelingen	3.692
voorschot	3.692
vult	3.691
eekhoorn	3.691
francine	3.691
ambtenaar	3.691
nachtje	3.691
kruip	3.691
aankondiging	3.691
train	3.691
verhoord	3.691
versloeg	3.691
scannen	3.691
vreten	3.691
waardering	3.691
mara	3.691
sonde	3.691
monnik	3.691
apparaten	3.691
volbracht	3.691
verlichten	3.690
carolina	3.690
onhandig	3.690
arrestatiebevel	3.690
burton	3.690
dino	3.690
zuid-amerika	3.690
sigaren	3.690
syndroom	3.690
klokken	3.690
wheeler	3.690
gehuild	3.690
wegsturen	3.690
onderwereld	3.690
loodgieter	3.690
goedkeuren	3.690
geavanceerde	3.690
huisbaas	3.690
studies	3.689
aderen	3.689
maffe	3.689
gonna	3.689
verlost	3.689
arena	3.689
opgekomen	3.689
ronald	3.689
strot	3.689
skip	3.689
whitney	3.689
spaargeld	3.689
bundy	3.688
uitgevallen	3.688
posten	3.688
bedekken	3.688
deacon	3.688
kloof	3.688
beveiligingscamera	3.688
bah	3.688
frankenstein	3.688
tomaten	3.688
list	3.688
biologisch	3.688
middenin	3.688
billie	3.688
schotwond	3.688
mishandeld	3.687
international	3.687
almachtige	3.687
halte	3.687
zeur	3.687
effecten	3.687
cover	3.687
kenneth	3.687
versterkt	3.687
opgroeide	3.687
nanny	3.687
koffertje	3.687
pacific	3.687
platform	3.687
oneindig	3.687
onvoorspelbaar	3.686
gevaarlijker	3.686
aanvragen	3.686
dagje	3.686
leiderschap	3.686
skinner	3.686
voorrecht	3.686
vn	3.686
hoepel	3.686
neerhalen	3.686
parlement	3.686
avatar	3.686
cadet	3.686
tragische	3.686
ontvoerder	3.685
gedrogeerd	3.685
broederschap	3.685
stempel	3.685
verpleegsters	3.685
schermen	3.685
lekt	3.685
luidt	3.685
verwarming	3.685
faith	3.685
reactor	3.685
flikken	3.685
trapte	3.685
herhaling	3.685
jerome	3.685
verlang	3.685
capsule	3.685
bederven	3.685
vampieren	3.684
vijver	3.684
clowns	3.684
monitor	3.684
noordpool	3.684
eindig	3.684
inhoudt	3.684
wachters	3.684
christen	3.684
costa	3.684
pc	3.683
tristan	3.683
knoppen	3.683
qua	3.683
italianen	3.683
stikt	3.683
deputy	3.683
boone	3.683
losmaken	3.683
bloedingen	3.683
opgericht	3.683
medeplichtige	3.683
hawkins	3.683
toestaat	3.683
opgespoord	3.683
zane	3.683
gale	3.682
trapt	3.682
trof	3.682
daartoe	3.682
knight	3.682
zooitje	3.682
constante	3.682
maximum	3.682
vergt	3.682
zwaarden	3.682
ontdek	3.682
angstig	3.682
voyager	3.682
negers	3.682
granaten	3.682
mozes	3.682
kochten	3.682
dolly	3.682
gegarandeerd	3.681
roeping	3.681
tikt	3.681
arrogante	3.681
voeding	3.681
ike	3.681
identiek	3.681
pis	3.681
werkende	3.681
uitkomst	3.681
sanders	3.681
steed	3.681
konvooi	3.681
afwijking	3.681
vastzitten	3.681
bedienden	3.680
ontwikkelde	3.680
ingeschreven	3.680
ongewone	3.680
brendan	3.680
gastvrijheid	3.680
meesteres	3.680
elimineren	3.680
lin	3.680
lekken	3.680
ieders	3.680
ariel	3.680
stand-by	3.680
viool	3.680
darmen	3.680
tussenuit	3.680
mountain	3.680
frederick	3.680
toegevoegd	3.680
hiernaar	3.680
lijm	3.680
verlicht	3.679
there	3.679
anita	3.679
eddy	3.679
sentimenteel	3.679
drang	3.679
armoede	3.679
sloop	3.679
afgrond	3.679
duck	3.678
paraplu	3.678
weaver	3.678
klik	3.678
sint	3.678
knallen	3.678
nevada	3.678
faalt	3.678
bestelde	3.678
zanger	3.678
bezoekt	3.678
verdraaid	3.678
opvallen	3.677
potlood	3.677
lesgeven	3.677
kiezers	3.677
zaakje	3.677
hercules	3.677
harnas	3.677
immuun	3.677
gelokt	3.677
blies	3.677
ingerukt	3.677
gemunt	3.677
drone	3.677
manuel	3.677
handelde	3.677
publiekelijk	3.677
impact	3.677
suzanne	3.677
snoepje	3.676
scheidt	3.676
gespecialiseerd	3.676
interviewen	3.676
fran	3.676
virgil	3.676
lafaards	3.676
face	3.676
berecht	3.676
hulpsheriff	3.676
respecteert	3.676
gelukkigste	3.676
opzoek	3.676
kleingeld	3.676
call	3.676
steegje	3.675
vertonen	3.675
gracie	3.675
hyde	3.675
kits	3.675
magnetische	3.675
speed	3.675
bandieten	3.675
aansteker	3.675
gewaardeerd	3.675
stuurboord	3.675
du	3.675
omgekeerd	3.675
smerissen	3.674
akelig	3.674
ontrouw	3.674
raadt	3.674
gehandeld	3.674
tatoeages	3.674
jemig	3.674
maura	3.674
formulieren	3.674
dealers	3.674
inademen	3.674
functioneren	3.674
negeerde	3.673
riool	3.673
schaden	3.673
imago	3.673
verlangt	3.673
verhoog	3.673
biologie	3.673
gejaagd	3.673
julius	3.673
tonijn	3.673
phillips	3.673
vezels	3.673
stik	3.673
prestaties	3.673
verhuis	3.673
level	3.673
oppervlakkig	3.673
vijandige	3.673
kam	3.673
sweet	3.672
hell	3.672
danseres	3.672
aanvalt	3.672
voortvluchtige	3.672
opvolger	3.672
snapte	3.671
willis	3.671
pit	3.671
waardeert	3.671
astrid	3.671
sponsor	3.671
cohen	3.671
gestegen	3.671
carver	3.670
stanford	3.670
gestrest	3.670
vernietigde	3.670
geïsoleerd	3.670
bevestigde	3.670
fax	3.670
gepubliceerd	3.670
lopez	3.670
voorste	3.670
touwtjes	3.670
prostitutie	3.670
gesmeerd	3.670
beruchte	3.670
vermoedde	3.670
diepste	3.670
hassan	3.670
oftewel	3.670
enos	3.670
gesleept	3.669
ingrid	3.669
tokio	3.669
maureen	3.669
vermaakt	3.669
gesteund	3.669
telefooncel	3.669
werker	3.669
dreigen	3.669
buster	3.669
leah	3.669
donut	3.669
tentoonstelling	3.669
rookte	3.668
azië	3.668
michaels	3.668
mri	3.668
ira	3.668
stomerij	3.668
stage	3.668
spoelen	3.668
jj	3.668
verscheurd	3.668
dimensie	3.668
menselijkheid	3.668
geconcentreerd	3.668
yankees	3.668
schandalig	3.668
investeerders	3.668
auw	3.667
schopte	3.667
gemiddeld	3.667
speeltje	3.667
darwin	3.667
verhongeren	3.667
onvoldoende	3.667
mans	3.667
gerespecteerd	3.667
bemoeit	3.667
nachtclub	3.667
town	3.667
eventuele	3.667
wegnemen	3.667
stapje	3.667
sekte	3.667
julio	3.667
jes	3.666
`t	3.666
charmante	3.666
heup	3.666
projecten	3.666
opvoeding	3.666
aankunnen	3.666
vatten	3.666
uitgewerkt	3.666
weggeweest	3.666
circuit	3.666
artiesten	3.666
voorstelt	3.666
motto	3.666
standbeeld	3.666
kalender	3.666
pink	3.665
anker	3.665
courtney	3.665
aziatische	3.665
chagrijnig	3.665
fluisteren	3.664
ruziën	3.664
winden	3.664
olympische	3.664
spontaan	3.664
wijzer	3.664
jed	3.664
martinez	3.664
rekent	3.664
norma	3.664
uitgestorven	3.664
moslim	3.664
lullen	3.664
knijp	3.664
walvissen	3.664
presents	3.664
pijlen	3.664
achterhoofd	3.664
machteloos	3.664
rouw	3.664
sharpe	3.664
doods	3.664
morse	3.663
hiernaartoe	3.663
tepels	3.663
ambitieus	3.663
pleit	3.663
hypocriet	3.663
geïnspireerd	3.663
eerstejaars	3.663
poster	3.663
centraal	3.663
voorin	3.663
kitt	3.663
typische	3.663
roz	3.663
hoezeer	3.662
gleed	3.662
gemeenschappelijke	3.662
fatsoen	3.662
aangekleed	3.662
vernielen	3.662
uitproberen	3.662
zegel	3.662
airco	3.662
rush	3.662
oplevert	3.662
sporten	3.662
gangsters	3.662
mohammed	3.662
irene	3.662
canadese	3.662
omschrijven	3.662
darius	3.662
gegijzeld	3.661
arrestaties	3.661
p.	3.661
dewey	3.661
duel	3.661
onrecht	3.661
aanneemt	3.661
postkantoor	3.661
vergelijk	3.661
holland	3.661
zuig	3.660
rebel	3.660
schokkend	3.660
bouwden	3.660
achterdochtig	3.660
voortzetten	3.660
andromeda	3.659
uitbreiden	3.659
zakje	3.659
sluipen	3.659
zoal	3.659
eersteklas	3.659
nonnen	3.659
come	3.659
tijdschriften	3.659
staking	3.659
s.	3.659
elegant	3.659
jodi	3.659
ripper	3.659
duimen	3.659
getuigt	3.659
beschuldig	3.658
bevriezen	3.658
lennox	3.658
joint	3.658
pleiten	3.658
behoorlijke	3.658
tast	3.658
candy	3.658
bijwerkingen	3.658
astronaut	3.658
wazig	3.658
uitdelen	3.658
geschenken	3.658
trucs	3.658
brutale	3.658
maïs	3.658
tower	3.658
dorpen	3.658
opscheppen	3.658
wip	3.658
kruipt	3.658
viezerik	3.658
diaz	3.658
gooiden	3.658
ketchup	3.657
moslims	3.657
mister	3.657
faciliteit	3.657
terugkeert	3.657
skelet	3.657
mat	3.657
uitzag	3.657
verveelt	3.656
schotel	3.656
bronx	3.656
inspanningen	3.656
luthor	3.656
california	3.656
overreden	3.656
slappe	3.656
gevoed	3.656
onderbreek	3.656
spuug	3.656
tabak	3.656
verbleef	3.656
boys	3.656
brent	3.656
schaamt	3.656
verklikker	3.656
plagen	3.656
handlanger	3.655
initialen	3.655
crowley	3.655
leugenaars	3.655
vrijgesproken	3.655
versnellen	3.655
overgave	3.655
efficiënt	3.655
stichten	3.655
slavernij	3.655
thor	3.655
wapenstilstand	3.655
zeus	3.655
halfuur	3.655
eindeloos	3.654
chi	3.654
eitjes	3.654
maddy	3.654
toffe	3.654
simpelweg	3.654
historisch	3.654
jeruzalem	3.653
installeren	3.653
herder	3.653
staar	3.653
schaamde	3.653
handhaven	3.653
crème	3.653
vreemdelingen	3.653
uitzonderlijk	3.653
ironie	3.653
vernoemd	3.653
paarse	3.652
winchester	3.652
topje	3.652
begeven	3.652
verrichten	3.652
dochtertje	3.652
evaluatie	3.652
overgaan	3.652
terechtgekomen	3.652
ingestort	3.652
ingewikkelder	3.652
spoed	3.652
mccoy	3.652
fraai	3.652
beheers	3.652
superheld	3.652
boeg	3.652
not	3.651
parachute	3.651
gebruikelijk	3.651
hysterisch	3.651
overlaten	3.651
lijkenhuis	3.651
bewaak	3.651
mentaal	3.651
linkerhand	3.651
aspirine	3.651
graan	3.651
tech	3.651
bird	3.651
verklaarde	3.651
viktor	3.651
onderste	3.650
grootouders	3.650
uitvoering	3.650
sluipschutter	3.650
confronteren	3.650
kensi	3.650
cyclus	3.650
staande	3.650
schepper	3.650
voorval	3.650
citroen	3.650
strakke	3.650
gym	3.650
linksaf	3.650
overeenkomsten	3.650
verwisseld	3.650
cobra	3.650
rené	3.649
sympathie	3.649
balie	3.649
vice-president	3.649
complexe	3.649
rus	3.649
andré	3.649
stomp	3.649
webb	3.649
dé	3.649
langste	3.649
gift	3.649
verhoogd	3.649
salem	3.649
tango	3.649
bikini	3.649
troosten	3.649
opduikt	3.649
verheug	3.649
vicepresident	3.649
satellieten	3.649
vriendelijkheid	3.648
muts	3.648
bourbon	3.648
eetlust	3.648
stuks	3.648
lulu	3.648
omgekocht	3.648
wee	3.648
koelen	3.648
arriveerde	3.648
inkomsten	3.648
gekoppeld	3.647
oswald	3.647
barrett	3.647
darcy	3.647
mississippi	3.647
ongeduldig	3.647
nalatenschap	3.647
more	3.647
golfen	3.647
hale	3.647
overgebleven	3.647
verdedigt	3.647
serum	3.647
dusver	3.647
stanton	3.647
hawk	3.647
zweert	3.647
smoking	3.647
egoïstische	3.647
bokser	3.647
verkozen	3.647
omzeilen	3.647
suf	3.646
overplaatsing	3.646
stinken	3.646
besten	3.646
vaas	3.646
moedige	3.646
stacey	3.646
limiet	3.646
saddam	3.646
linkse	3.645
columbia	3.645
figuren	3.645
vicki	3.645
went	3.645
warp	3.645
gewijzigd	3.645
opdraaien	3.645
vernomen	3.645
alternatieve	3.645
or	3.645
studente	3.645
jax	3.645
veroordeel	3.645
vergroot	3.645
nixon	3.645
gefrustreerd	3.645
fontein	3.645
nor	3.645
kool	3.644
begeleider	3.644
ader	3.644
harley	3.644
georgie	3.644
hierlangs	3.644
politieagenten	3.644
zangeres	3.644
georganiseerde	3.644
negende	3.644
afhalen	3.644
voorje	3.644
grapjas	3.644
rip	3.643
ontbreken	3.643
nagelaten	3.643
aanhoren	3.643
nobele	3.643
verzwakt	3.643
gruwelijk	3.643
she	3.643
begeleiding	3.643
uitgesteld	3.643
vervuld	3.643
bull	3.643
interviews	3.643
dead	3.642
flint	3.642
volstaat	3.642
grady	3.642
kazerne	3.642
terugzien	3.642
credit	3.642
ohh	3.642
kenmerken	3.642
antiek	3.642
libby	3.642
vastgelegd	3.642
ernstigs	3.642
chambers	3.642
duidt	3.642
prikken	3.642
ling	3.642
newman	3.642
duitser	3.642
generaals	3.641
chan	3.641
producent	3.641
vaardigheid	3.641
masters	3.641
uitging	3.641
nico	3.641
vestigen	3.641
pick-up	3.641
slokje	3.641
card	3.641
bereidt	3.641
vervolging	3.641
individu	3.641
russ	3.641
murdock	3.641
lusten	3.641
beschadigen	3.641
normen	3.641
beoordeling	3.641
jensen	3.641
bijeenkomsten	3.641
onafhankelijke	3.640
phantom	3.640
miljonair	3.640
gewoontes	3.640
harige	3.640
griezel	3.640
kirsten	3.640
aanleiding	3.640
onroerend	3.640
have	3.640
trailer	3.640
gedanst	3.640
federaal	3.640
colt	3.639
overgedragen	3.639
wonderbaarlijk	3.639
industries	3.639
app	3.639
neergezet	3.639
hechten	3.639
geïnformeerd	3.639
wijzigen	3.639
mobieltjes	3.639
bewerking	3.639
jeans	3.639
herboren	3.639
beviel	3.639
hartstilstand	3.639
bankier	3.639
yard	3.639
onmiddellijke	3.639
arabische	3.638
doorrijden	3.638
rover	3.638
opbrengen	3.638
babbelen	3.638
maxwell	3.638
luier	3.638
doodging	3.638
zucht	3.638
artillerie	3.638
opgevangen	3.638
huisdieren	3.638
sheppard	3.638
begroeten	3.638
dal	3.638
strijders	3.638
zieken	3.638
babysitter	3.637
sky	3.637
y	3.637
sawyer	3.637
hoeden	3.637
edie	3.637
beschaafd	3.637
scanner	3.637
strip	3.637
bryan	3.637
écht	3.637
maximale	3.637
abel	3.637
dakloos	3.637
explosief	3.637
westerse	3.637
documentaire	3.637
kwaadaardig	3.637
strijken	3.637
bevelhebber	3.637
fatale	3.637
reisde	3.637
doelwitten	3.637
helderziende	3.636
zweven	3.636
aantrekkelijke	3.636
verrukkelijk	3.636
huisgenoot	3.636
stilstaan	3.636
pratt	3.636
brandy	3.636
kwartje	3.636
benoemd	3.636
bewerken	3.636
verblijfplaats	3.635
aiden	3.635
ontroerend	3.635
sneeuwwitje	3.635
komop	3.635
riemen	3.635
dinosaurus	3.635
misgaat	3.635
if	3.635
kirby	3.634
springs	3.634
dubois	3.634
vereniging	3.634
moordonderzoek	3.634
krab	3.634
mae	3.634
her	3.634
vreet	3.634
aanslagen	3.634
goffini	3.633
kots	3.633
splitsen	3.633
kozen	3.633
rauw	3.633
losers	3.633
enkels	3.632
overhandigen	3.632
vastberaden	3.632
briefjes	3.632
poes	3.632
redacteur	3.632
nederland	3.632
beval	3.632
meth	3.632
willow	3.632
gunsten	3.632
voorspelbaar	3.632
kampioenschap	3.632
raadslid	3.632
baart	3.632
aanwinst	3.632
afgeluisterd	3.631
onbetrouwbaar	3.631
natuurkunde	3.631
beperkte	3.631
noorwegen	3.631
hiernamaals	3.631
biljetten	3.631
sloane	3.631
teruggevonden	3.631
godsamme	3.631
quarterback	3.630
tamelijk	3.630
stemde	3.630
groente	3.630
geflikt	3.630
verkregen	3.630
huwelijken	3.630
verdenkt	3.630
zetel	3.630
klusje	3.630
marsh	3.630
omkeren	3.630
america	3.630
ruiter	3.630
leventje	3.630
huishouden	3.630
duiven	3.630
katrina	3.630
file	3.630
omgekeerde	3.630
duif	3.629
omkopen	3.629
oefen	3.629
janken	3.629
prioriteiten	3.629
coop	3.629
faalde	3.629
fusie	3.629
rif	3.629
examens	3.629
beschreef	3.629
geloofwaardig	3.629
monk	3.629
verantwoordelijke	3.628
frisdrank	3.628
hop	3.628
babe	3.628
gewekt	3.628
herstelt	3.628
verplichting	3.628
voorstelde	3.628
presenteert	3.628
kampen	3.628
overweeg	3.628
sookie	3.628
klassieker	3.628
complicaties	3.628
connecticut	3.628
onthoudt	3.628
bender	3.628
zoë	3.628
grieks	3.628
oregon	3.628
ketel	3.627
annuleren	3.627
marianne	3.627
onschadelijk	3.627
overnachten	3.627
helikopters	3.627
strijder	3.627
treurig	3.627
hoofdrol	3.627
hoofdverdachte	3.626
christenen	3.626
dikker	3.626
diplomatieke	3.626
trakteren	3.626
factor	3.626
schep	3.626
plee	3.626
philly	3.626
ryder	3.626
kantoren	3.626
junk	3.626
werkplaats	3.626
kanjer	3.626
elise	3.625
ieren	3.625
luc	3.625
vracht	3.625
bakker	3.625
sok	3.625
voorbereidingen	3.625
scoort	3.625
uitgerekend	3.625
heart	3.624
verraadde	3.624
vruchten	3.624
unie	3.624
bananen	3.624
babylon	3.624
rap	3.624
escorte	3.624
vrachtwagens	3.624
maatschappelijk	3.624
creëerde	3.624
ice	3.624
minachting	3.624
verantwoorden	3.624
philippe	3.624
wright	3.624
geboeid	3.624
bittere	3.624
discussiëren	3.624
zeke	3.624
decker	3.624
vertegenwoordig	3.623
rotte	3.623
zweep	3.623
opoffering	3.623
vaticaan	3.623
plotselinge	3.623
how	3.623
vargas	3.623
natasha	3.623
paars	3.623
riskeert	3.622
adviseer	3.622
boyle	3.622
fair	3.622
krassen	3.622
gegrepen	3.622
machinekamer	3.622
kauwen	3.622
uitgangen	3.622
directrice	3.622
rechtse	3.622
opnamen	3.622
onrust	3.622
trouwden	3.622
place	3.622
metafoor	3.622
mimi	3.622
meesters	3.622
gordijn	3.622
betrappen	3.621
vergelding	3.621
geannuleerd	3.621
snow	3.621
treedt	3.621
kunstmatige	3.621
inspanning	3.621
openlijk	3.621
wonnen	3.621
optimistisch	3.621
autosleutels	3.620
verenigen	3.620
lei	3.620
apocalyps	3.620
geschonden	3.620
levensstijl	3.620
ongedierte	3.620
bitter	3.620
beroemdheid	3.620
overbodig	3.620
logeert	3.620
sugar	3.620
gekker	3.620
pool	3.620
shows	3.620
schaken	3.620
loper	3.620
verzocht	3.620
slimmerik	3.620
skye	3.620
patholoog	3.620
marguerite	3.620
brothers	3.620
vernon	3.620
perkins	3.619
doosje	3.619
prik	3.619
ruig	3.619
mexicanen	3.619
knapperd	3.619
ramon	3.619
see	3.619
schuilen	3.619
vervallen	3.619
verzegeld	3.619
camper	3.619
overledene	3.618
great	3.618
fry	3.618
waait	3.618
dingetjes	3.618
danser	3.618
oprechte	3.618
poepen	3.618
rubber	3.618
leverancier	3.618
voorzichtiger	3.618
rechtvaardig	3.618
tuinman	3.618
blokkeert	3.618
randje	3.618
lijntje	3.617
chin	3.617
beschermer	3.617
herman	3.617
briefing	3.617
niemands	3.617
overdrijf	3.617
aanbieding	3.616
ondertitels	3.616
fine	3.616
nagel	3.616
boden	3.616
santiago	3.616
donatie	3.616
bh	3.616
takken	3.616
uitkiezen	3.616
wendell	3.616
vrijkomt	3.616
schaatsen	3.616
edele	3.616
nell	3.615
openbaring	3.615
tokyo	3.615
overvloed	3.615
bombarderen	3.615
ikje	3.615
hogerop	3.615
celia	3.615
scheelde	3.615
hotdog	3.615
binnenlaten	3.615
musical	3.615
mouw	3.615
kussens	3.615
meeting	3.615
jennings	3.615
rechtsaf	3.615
klaren	3.615
tactische	3.615
danste	3.615
motieven	3.615
allan	3.615
mosterd	3.614
penelope	3.614
voorspeld	3.614
uitmaakte	3.614
peters	3.614
madonna	3.614
tol	3.614
executeren	3.614
zege	3.614
gretchen	3.614
tennis	3.614
breuken	3.614
geërfd	3.614
illinois	3.614
relatief	3.614
tarzan	3.614
oostelijke	3.614
rapporteer	3.614
ontcijferen	3.614
bewonderen	3.614
cory	3.614
zeeman	3.614
contanten	3.614
fu	3.614
rossi	3.614
maine	3.613
leidinggevende	3.613
cho	3.613
hilary	3.613
tegenkomt	3.613
gunstig	3.613
eenvoudiger	3.613
worf	3.613
psychologisch	3.613
enzovoort	3.613
monte	3.612
opduiken	3.612
vleermuizen	3.612
kruising	3.612
chic	3.612
richmond	3.612
vergaderingen	3.612
beoordeeld	3.612
rails	3.612
katoen	3.612
clinton	3.612
docent	3.612
weinige	3.612
make	3.612
truman	3.612
adviseren	3.612
geluksdag	3.611
dorpelingen	3.611
blur2	3.611
stelsel	3.611
yoghurt	3.611
biechten	3.611
giles	3.611
kanselier	3.611
ruggen	3.611
walgelijke	3.611
broeken	3.611
neergestort	3.611
beschrijft	3.611
verlangens	3.611
onderofficier	3.611
reilly	3.611
waarna	3.610
boosheid	3.610
kimmy	3.610
streven	3.610
asteroïde	3.610
kopers	3.610
aardiger	3.610
filmster	3.610
stekker	3.610
daarentegen	3.610
sierra	3.610
justine	3.610
csi	3.610
elsa	3.610
ovj	3.610
rammen	3.610
snoepjes	3.609
deelnemers	3.609
stommeling	3.609
doder	3.609
plaatjes	3.609
getalenteerd	3.609
aanbeveling	3.609
bedwang	3.609
fargo	3.609
vastbinden	3.609
werkster	3.609
klaagde	3.609
oogsten	3.609
ledematen	3.609
taxichauffeur	3.609
engelsman	3.609
uitgeroeid	3.609
verlossen	3.609
oneens	3.609
betovering	3.609
hoeveelheden	3.609
versus	3.608
belgië	3.608
staak	3.608
paulie	3.608
beïnvloedt	3.608
oprah	3.608
dolle	3.608
teruggetrokken	3.608
lucien	3.608
verdedigde	3.608
kabels	3.608
transplantatie	3.608
consulaat	3.608
opsluiting	3.607
roedel	3.607
baal	3.607
buffalo	3.607
solomon	3.607
antwoordde	3.607
indiaanse	3.607
emmett	3.607
lichter	3.607
si	3.607
ballonnen	3.607
bijdragen	3.606
legendarische	3.606
lof	3.606
kentucky	3.606
mischien	3.606
wieg	3.606
gemanipuleerd	3.606
zending	3.606
noodgevallen	3.606
intimideren	3.606
tiger	3.606
sprekend	3.606
disco	3.606
dwaze	3.606
sliepen	3.606
geacht	3.606
zwaai	3.606
luca	3.606
seven	3.606
improviseren	3.605
druppels	3.605
arriveren	3.605
steph	3.605
volmaakt	3.605
ingeluisd	3.605
buur	3.605
genegenheid	3.605
jus	3.605
narcotica	3.605
lucifers	3.605
atlantische	3.605
wenkbrauwen	3.605
wrijven	3.604
zakdoek	3.604
verdoen	3.604
kanalen	3.604
mijlen	3.604
uitroeien	3.604
opnam	3.604
gezongen	3.604
global	3.604
gemogen	3.604
verlieten	3.604
jody	3.604
meespelen	3.604
zwaarste	3.604
floyd	3.604
onderbreking	3.604
zonet	3.603
chapman	3.603
predikant	3.603
interessanter	3.603
stiefmoeder	3.603
doormaakt	3.603
sheridan	3.603
lyle	3.603
bestelwagen	3.603
dollen	3.603
winnende	3.603
gestapo	3.603
gepest	3.603
taaie	3.603
dwergen	3.603
doorgemaakt	3.603
client	3.602
uitzenden	3.602
harmonie	3.602
conventie	3.602
j.d.	3.602
verprutst	3.602
heidi	3.602
verhoogde	3.602
vermomming	3.602
channel	3.602
komeet	3.602
verzon	3.602
doorbreken	3.602
harbor	3.602
veelbelovend	3.602
weggeven	3.602
overblijfselen	3.601
vrijgegeven	3.601
buikpijn	3.601
terugsturen	3.601
schoonmoeder	3.601
milt	3.601
cook	3.601
thc	3.601
innen	3.601
overgang	3.601
wederom	3.601
kwaadaardige	3.601
zonnige	3.601
evenals	3.601
kleedt	3.601
doodden	3.601
malik	3.601
uitbraak	3.601
permanente	3.601
onderscheppen	3.601
vergoeding	3.601
felicity	3.601
bedek	3.600
overblijft	3.600
opkomst	3.600
teruggaat	3.600
trouwerij	3.600
betsy	3.600
kabinet	3.600
joggen	3.600
pike	3.600
verknallen	3.600
parkeergarage	3.600
verzamelde	3.599
ome	3.599
verleid	3.599
darm	3.599
hierbuiten	3.599
grimm	3.599
aanvoerder	3.599
oceanen	3.599
tijdlijn	3.599
verkouden	3.599
tanken	3.599
landt	3.599
lorraine	3.599
slaagde	3.599
schakelaar	3.599
wales	3.598
fransman	3.598
machtigste	3.598
bladzijde	3.598
arriveert	3.598
zondebok	3.598
ve	3.598
verbrandt	3.598
eromheen	3.598
cylons	3.598
hevig	3.598
formatie	3.597
aria	3.597
gemakkelijke	3.597
maker	3.597
bezat	3.597
reddington	3.597
noot	3.597
yuri	3.597
vage	3.597
verdoven	3.597
opbiechten	3.597
opdrinken	3.597
vermoordden	3.597
legale	3.597
methodes	3.597
werkloos	3.596
gepasseerd	3.596
lens	3.596
elias	3.596
afslag	3.596
akte	3.596
recentelijk	3.596
mislukken	3.596
colombia	3.596
millimeter	3.596
fuller	3.596
zegenen	3.596
dageraad	3.596
bordje	3.596
bagdad	3.596
rits	3.596
gelachen	3.596
erdoorheen	3.596
manchester	3.596
beroving	3.596
onmiddelijk	3.596
nadien	3.596
blondje	3.595
morrison	3.595
blouse	3.595
email	3.595
vanbinnen	3.595
farao	3.595
muzikant	3.595
zwitserse	3.595
brievenbus	3.595
aangevraagd	3.595
wettelijke	3.595
omhelzen	3.595
glee	3.595
belazeren	3.594
superieur	3.594
rinkelen	3.594
oorspronkelijk	3.594
milton	3.594
stilletjes	3.594
opgeheven	3.594
hongerige	3.594
verkrachtte	3.594
poolse	3.594
kieskeurig	3.594
klom	3.594
webster	3.594
optillen	3.594
vertoont	3.593
agressieve	3.593
elleboog	3.593
dumpt	3.593
bullshit	3.593
reuze	3.593
chemo	3.593
slikt	3.593
fantasieën	3.593
personages	3.593
opzicht	3.593
mislukkeling	3.593
wachtten	3.593
ronden	3.593
onnozel	3.593
compromis	3.593
boekhouder	3.593
snacks	3.592
daaronder	3.592
gelieve	3.592
woman	3.592
galerie	3.592
brede	3.592
kindertijd	3.592
karate	3.592
buitenaardsen	3.592
aanbidden	3.592
elektronische	3.591
antwoordapparaat	3.591
evie	3.591
express	3.591
marina	3.591
pin	3.591
moya	3.591
missy	3.591
zwemt	3.591
transactie	3.591
tijgers	3.591
verdronk	3.591
vuurgevecht	3.591
bloom	3.591
koninklijk	3.591
lisbon	3.591
flippen	3.591
minderjarige	3.591
lava	3.590
klaarstaan	3.590
krankzinnige	3.590
doolhof	3.590
pass	3.590
reservaat	3.590
vlinders	3.590
ace	3.590
landde	3.590
eroverheen	3.590
uitkleden	3.590
prostituees	3.590
cowboys	3.590
sonia	3.590
noteer	3.590
deprimerend	3.590
rotzooien	3.590
kikkers	3.590
rechtvaardigen	3.590
suggesties	3.589
beschamend	3.589
beroemdheden	3.589
kosmische	3.589
perez	3.589
sprongen	3.589
aangericht	3.589
bluft	3.589
tegenslag	3.589
cleo	3.589
perfectie	3.589
venetië	3.589
schoften	3.589
dreigement	3.589
ongelegen	3.589
verbazend	3.589
tradities	3.589
rijen	3.588
josie	3.588
hitlers	3.588
ongewoons	3.588
hanson	3.588
motivatie	3.588
stick	3.588
hemels	3.588
vinnie	3.588
marks	3.588
vertrouwelijke	3.588
tasje	3.588
geschut	3.588
fictie	3.588
gelijkenis	3.588
beklimmen	3.588
pacey	3.588
terrence	3.587
dinosaurussen	3.587
uitgehaald	3.587
from	3.587
voogd	3.587
overgegeven	3.587
keurig	3.587
procedures	3.587
aannemer	3.587
vervanging	3.587
kalf	3.587
kung	3.587
marjorie	3.586
jegens	3.586
hallucinaties	3.586
jose	3.586
turk	3.586
rhodes	3.586
mina	3.586
afkoelen	3.586
hockey	3.586
wake	3.586
shilling	3.586
waarnaar	3.586
pauzeren	3.586
klonen	3.586
eiste	3.586
meeslepen	3.586
toepassing	3.585
aardbeien	3.585
desnoods	3.585
penthouse	3.585
ernest	3.585
yankee	3.585
argo	3.585
winnie	3.585
geks	3.585
categorie	3.585
limousine	3.585
edmund	3.585
bewaring	3.585
nadeel	3.584
lade	3.584
middelpunt	3.584
aanmerking	3.584
minderheid	3.584
wegliep	3.584
judas	3.584
horatio	3.584
afblazen	3.584
versla	3.584
naaste	3.584
opgeknapt	3.584
saboteren	3.584
toegeeft	3.584
gereageerd	3.584
zaden	3.584
control	3.584
selectie	3.584
geschoren	3.583
amateurs	3.583
laagste	3.583
venster	3.583
ingeslagen	3.583
belandde	3.583
aanbevolen	3.583
verdoemd	3.583
chocolademelk	3.583
glijden	3.583
dorpje	3.583
yates	3.583
creatieve	3.583
wa	3.583
claim	3.583
verdedigd	3.583
lachten	3.583
vin	3.583
adjudant	3.583
whoo	3.583
opgestaan	3.583
ingeschakeld	3.583
blaine	3.583
verlagen	3.583
medaillon	3.582
beklaagde	3.582
ontbrekende	3.582
bont	3.582
exploderen	3.582
cliché	3.582
walg	3.582
nederig	3.582
huurt	3.582
onderdrukken	3.581
posters	3.581
obama	3.581
afgevallen	3.581
camp	3.581
geachte	3.581
gelach	3.581
voorschijn	3.580
q	3.580
tienduizend	3.580
opgraven	3.580
reyes	3.580
handjes	3.580
ontwikkelingen	3.580
bestolen	3.580
keizerlijke	3.580
suggereren	3.580
dakota	3.580
pride	3.580
zaag	3.580
brigade	3.580
rib	3.580
madrid	3.580
voldoening	3.580
sterling	3.580
heengaat	3.580
hopkins	3.579
straalt	3.579
cristina	3.579
essentie	3.579
brick	3.579
zen	3.579
levendig	3.579
gesnapt	3.579
toelaat	3.579
kas	3.579
uh-huh	3.579
bezeerd	3.579
gelanceerd	3.579
opvangen	3.579
doms	3.579
lnderdaad	3.579
fish	3.579
ombrengen	3.579
dark	3.579
politiewerk	3.579
kayla	3.579
farm	3.579
rellen	3.579
schoorsteen	3.579
uitbarsting	3.579
pal	3.579
v.s.	3.579
beperkingen	3.579
eersten	3.579
voorspel	3.578
dwang	3.578
ruiz	3.578
rijkste	3.578
stallen	3.578
trucje	3.578
charley	3.578
scalpel	3.578
bowl	3.578
bussen	3.578
bevechten	3.578
klif	3.578
optrekken	3.578
visser	3.578
cherry	3.578
roofdier	3.578
dringende	3.578
meyer	3.578
uien	3.577
iowa	3.577
aandringen	3.577
lekkerder	3.577
bass	3.577
selfridge	3.577
gehoorzaam	3.577
slaapkamers	3.577
jacobs	3.577
ooggetuige	3.577
opgaan	3.577
uitslagen	3.577
johannes	3.577
butch	3.577
onderbroken	3.577
isoleren	3.577
spijker	3.577
morgenmiddag	3.577
lichaamsdelen	3.577
manuscript	3.577
ertussen	3.577
sonja	3.577
trance	3.577
bloedde	3.577
dragon	3.577
pokeren	3.576
beatrice	3.576
telefoongegevens	3.576
gaius	3.576
deelden	3.576
fluiten	3.576
mededeling	3.576
grietje	3.576
aangestoken	3.576
opgemaakt	3.576
hertogin	3.576
gekraakt	3.576
zelfstandig	3.576
statistieken	3.575
aanwijzen	3.575
knokken	3.575
opinie	3.575
geile	3.575
samengewerkt	3.575
scooter	3.575
lambert	3.575
zwaait	3.575
doktoren	3.575
marta	3.575
intentie	3.575
verven	3.575
verbintenis	3.575
bevoegd	3.575
gehaast	3.575
cabine	3.575
westelijke	3.575
timer	3.575
schotse	3.575
krokodil	3.575
verbouwen	3.574
veranderden	3.574
dikzak	3.574
allereerste	3.574
terreur	3.574
paddy	3.574
flits	3.574
grieken	3.574
boeddha	3.574
kweken	3.574
ontwaken	3.574
ingreep	3.574
spiegels	3.573
professionals	3.573
bezighouden	3.573
ducky	3.573
meesterwerk	3.573
nota	3.573
komedie	3.573
space	3.573
spugen	3.573
seymour	3.573
raj	3.573
turkije	3.573
onafhankelijkheid	3.572
kapotmaken	3.572
islam	3.572
oplost	3.572
begraaf	3.572
bijpraten	3.572
afwijzen	3.572
taliban	3.572
downloaden	3.572
boulevard	3.572
norris	3.572
talbot	3.572
rod	3.572
lokaliseren	3.572
camelot	3.571
safe	3.571
verman	3.571
gewed	3.571
veer	3.571
kroop	3.571
beul	3.571
abu	3.571
vuurwapens	3.571
buitengesloten	3.571
beschikbare	3.571
s.h.i.e.l.d.	3.571
handtekeningen	3.571
wanda	3.571
regenboog	3.571
conversatie	3.571
brandde	3.570
hulpje	3.570
picard	3.570
badkuip	3.570
intieme	3.570
opbrengst	3.570
monniken	3.570
doorsnee	3.570
beheren	3.570
onderschept	3.570
ongemak	3.570
tevens	3.570
zwakker	3.570
deals	3.570
relaxen	3.570
achterop	3.570
orgasme	3.570
onstabiel	3.570
australische	3.569
nadenk	3.569
ferrari	3.569
savannah	3.569
baken	3.569
hotdogs	3.569
cece	3.569
eliot	3.569
suzie	3.569
republikeinen	3.569
nederige	3.569
hip	3.569
zelfverzekerd	3.569
telescoop	3.569
klingon	3.569
bekken	3.569
losgelaten	3.569
passend	3.568
ontmaskeren	3.568
sessies	3.568
lorelai	3.568
palace	3.568
vorst	3.568
afwas	3.568
schatjes	3.568
gesteente	3.568
frustrerend	3.568
sprookjes	3.568
hierom	3.568
verpestte	3.568
fritz	3.568
wereldwijde	3.568
naties	3.568
aanbevelen	3.568
vochtig	3.568
schoonzoon	3.568
opvallend	3.567
betalingen	3.567
apple	3.567
mn	3.567
behandelingen	3.567
smeerlappen	3.567
peper	3.567
ingrediënten	3.567
voorover	3.567
gestoten	3.567
lars	3.567
geheimzinnig	3.567
ugh	3.567
terugvinden	3.567
bedroefd	3.567
xander	3.567
collier	3.567
gokker	3.567
girls	3.567
ex-vriendin	3.566
bethany	3.566
thuisgekomen	3.566
beethoven	3.566
stein	3.566
discretie	3.566
ontkenning	3.566
nerds	3.566
decennia	3.566
bovennatuurlijke	3.566
eventueel	3.566
lichamelijke	3.566
geiten	3.566
hufters	3.566
huurlingen	3.566
verminkt	3.566
assisteren	3.566
binnenste	3.566
liefhebbende	3.566
onopgeloste	3.566
bewondering	3.566
dierbaar	3.565
cadillac	3.565
dealen	3.565
pittig	3.565
aw	3.565
angus	3.565
onthoofd	3.565
nummerplaat	3.565
pasje	3.565
gewijd	3.565
voorlopige	3.565
afsnijden	3.565
theoretisch	3.565
technieken	3.565
terugnemen	3.565
instantie	3.565
bezielt	3.565
geklets	3.565
gezonken	3.565
slagader	3.565
verliep	3.565
planet	3.565
records	3.565
iron	3.564
verbieden	3.564
davies	3.564
dillon	3.564
skiën	3.564
imbeciel	3.564
zend	3.564
greta	3.564
inwendige	3.564
alvarez	3.564
echtgenoten	3.564
indrukwekkende	3.564
bosjes	3.564
hits	3.564
bestaande	3.564
bedorven	3.564
gebogen	3.563
luna	3.563
t-shirts	3.563
piramide	3.563
mccarthy	3.563
noodlot	3.563
herberg	3.563
inn	3.563
getraceerd	3.563
inleveren	3.563
moss	3.563
zijnde	3.562
fondsen	3.562
olive	3.562
orkest	3.562
maryland	3.562
geldig	3.562
françois	3.562
overbrengen	3.562
knoeien	3.562
uil	3.562
laars	3.562
cookie	3.562
driehoek	3.562
jatten	3.562
wachtkamer	3.562
hicks	3.562
aanranding	3.562
roxy	3.562
nature	3.562
verdoezelen	3.561
chemisch	3.561
tussenpersoon	3.561
som	3.561
steroïden	3.561
trucks	3.561
franco	3.561
sensatie	3.561
hydra	3.561
sleepte	3.561
eenmalig	3.561
zwoer	3.561
riskeer	3.561
oneindige	3.561
schrift	3.561
cambridge	3.560
orange	3.560
marathon	3.560
astronauten	3.560
blije	3.560
thailand	3.560
bewijsstuk	3.560
harm	3.560
cora	3.560
mysteries	3.560
grotendeels	3.560
financieren	3.560
weggenomen	3.560
marcheren	3.560
zintuigen	3.560
lilith	3.560
vergissen	3.559
aandenken	3.559
gesloopt	3.559
gilde	3.559
coleman	3.559
evenmin	3.559
brandstichting	3.559
profetie	3.559
amuseren	3.559
materialen	3.559
fotograferen	3.559
eigenaars	3.559
eergisteren	3.559
mw	3.559
roddelen	3.559
freya	3.559
byron	3.559
gebit	3.559
omgeven	3.559
vrijgezellenfeest	3.559
inschrijven	3.559
oostkust	3.558
brancard	3.558
rotzakken	3.558
university	3.558
blijk	3.558
beledigt	3.558
alvin	3.558
angels	3.558
leidingen	3.558
chirurgen	3.558
aanschouw	3.558
uitje	3.558
bmw	3.558
blikje	3.558
gekeerd	3.558
inbraken	3.558
arrow	3.558
tasha	3.557
lucious	3.557
dwazen	3.557
besta	3.557
simms	3.557
schort	3.557
pauline	3.557
presenteer	3.557
verassing	3.557
ingesloten	3.557
aannam	3.557
belonen	3.557
kringen	3.557
draaiende	3.557
wast	3.557
inslaan	3.557
monument	3.557
aantrekkingskracht	3.556
stiles	3.556
botsen	3.556
lekkerste	3.556
arresteerde	3.556
simulatie	3.556
sinterklaas	3.556
voornaamste	3.556
ontevreden	3.556
kring	3.556
fenomeen	3.556
ruit	3.556
buitenaf	3.556
eervol	3.555
eetkamer	3.555
geallieerde	3.555
rayna	3.555
bevindingen	3.555
veroverd	3.555
nachtelijke	3.555
omging	3.555
f.b.i.	3.555
verdubbelen	3.555
handelaar	3.555
smoes	3.555
jackpot	3.555
schuim	3.554
amendement	3.554
religieus	3.554
vuurwapen	3.554
four	3.554
onverwachts	3.554
staven	3.554
1e	3.554
kraag	3.554
aanspreken	3.554
tijdmachine	3.554
plaza	3.554
vulcan	3.554
etenstijd	3.554
longontsteking	3.554
18e	3.554
samenkomen	3.554
dilemma	3.554
vervoerd	3.553
line	3.553
marseille	3.553
vondst	3.553
zweedse	3.553
kgb	3.553
opgejaagd	3.553
ramsey	3.553
onrustig	3.553
care	3.553
buffet	3.553
hectare	3.553
manen	3.553
spartacus	3.553
zond	3.553
solide	3.552
overdragen	3.552
onthuld	3.552
veracht	3.552
meega	3.552
buitenlanders	3.552
homeland	3.552
veiligheidsdienst	3.552
steunde	3.552
noodsituatie	3.552
spier	3.552
neutraal	3.552
begaat	3.552
geleerde	3.552
bruggen	3.552
wars	3.552
patriot	3.552
fitzgerald	3.552
gen	3.552
nieuweling	3.552
vreesde	3.552
beschadigde	3.552
hoest	3.552
porsche	3.552
protesteren	3.552
verwonden	3.551
tree	3.551
advocate	3.551
iq	3.551
waterdicht	3.551
subs	3.551
tankstation	3.551
rue	3.551
beau	3.551
haan	3.551
seal	3.551
rade	3.551
lap	3.551
overtuig	3.551
introduceren	3.551
dope	3.551
iii	3.551
cockpit	3.550
uurtjes	3.550
tweetjes	3.550
fleming	3.550
klei	3.550
lichtjes	3.550
eleases	3.550
omgedraaid	3.550
uitlachen	3.550
debiel	3.550
cooter	3.550
worsteling	3.550
versleten	3.550
gestort	3.550
dracula	3.550
afgebrand	3.550
spectaculair	3.550
verklappen	3.549
beloften	3.549
verheugd	3.549
malibu	3.549
fluitje	3.549
three	3.549
scotch	3.549
stranden	3.549
well	3.549
puntje	3.549
taarten	3.549
bam	3.549
voilà	3.549
uitgedrukt	3.549
cain	3.549
mg	3.549
diamond	3.549
manning	3.549
heerser	3.549
uitgaande	3.549
ontvanger	3.549
tweehonderd	3.549
proeftijd	3.549
court	3.548
bemachtigen	3.548
nutteloze	3.548
gefocust	3.548
knoflook	3.548
josé	3.548
plaatsgevonden	3.548
krachtveld	3.548
verstaat	3.548
weinigen	3.548
gescoord	3.548
hef	3.548
grip	3.548
uitverkoop	3.548
lyon	3.548
voetafdrukken	3.548
heffen	3.548
berekenen	3.547
chemie	3.547
beveelt	3.547
zozeer	3.547
overweldigend	3.547
schreven	3.547
centen	3.547
slee	3.547
bereikte	3.547
wreedheid	3.547
logeerkamer	3.547
uitverkocht	3.547
cc	3.546
parasiet	3.546
aansteken	3.546
shelley	3.546
binnengaan	3.546
opslagruimte	3.546
gedoemd	3.546
miriam	3.546
naait	3.546
weston	3.546
wijken	3.546
zeeën	3.546
loretta	3.546
tapes	3.545
uitoefenen	3.545
schopt	3.545
cloud	3.545
ciao	3.545
people	3.545
opmerkelijke	3.545
jethro	3.545
onderdrukt	3.545
opgegraven	3.545
luider	3.545
zuinig	3.545
they	3.545
soepel	3.545
immigratie	3.545
gecodeerd	3.545
première	3.545
lastiger	3.545
bennet	3.545
invallen	3.545
homoseksueel	3.544
aeryn	3.544
klikken	3.544
meegegaan	3.544
google	3.544
eigendommen	3.544
kleuterschool	3.544
dream	3.544
vastleggen	3.544
goochelaar	3.544
bewakingscamera	3.544
wijsneus	3.544
buitenstaander	3.544
nietsnut	3.544
uitgebreide	3.544
kronen	3.544
metje	3.544
logo	3.544
port	3.544
sykes	3.544
bof	3.544
verpletterd	3.544
harlan	3.544
owens	3.543
bruidsmeisje	3.543
kerker	3.543
knettergek	3.543
zusjes	3.543
onenigheid	3.543
paranormale	3.543
drogen	3.543
malley	3.543
vermoedt	3.543
pepper	3.543
huiselijk	3.543
stroming	3.543
dagvaarding	3.543
favorieten	3.543
jassen	3.543
colleen	3.542
opladen	3.542
lekke	3.542
vacht	3.542
len	3.542
percentage	3.542
intern	3.542
hypothetisch	3.542
jeannie	3.542
kennismaken	3.542
italiaan	3.542
verbrandde	3.542
druiven	3.542
lil	3.542
dansvloer	3.542
vinci	3.541
paranoia	3.541
wandel	3.541
opgescheept	3.541
aantrekt	3.541
jurylid	3.541
aantallen	3.541
afkicken	3.541
vasteland	3.541
appartementen	3.541
ontnomen	3.541
procureur	3.541
linie	3.541
u.s.	3.541
werkelijke	3.541
kunstwerk	3.541
spionage	3.541
baden	3.541
doop	3.541
youtube	3.541
afstuderen	3.541
zwelling	3.541
mexicaans	3.541
visuele	3.541
kakkerlakken	3.541
feestdag	3.541
winchestergirl	3.541
voorgeschreven	3.541
schrikt	3.541
toeren	3.541
pasen	3.541
overweegt	3.541
wilkes	3.541
wachter	3.540
k.	3.540
hartje	3.540
lara	3.540
vloeibare	3.540
kinderbescherming	3.540
getikt	3.540
avondklok	3.540
gelovig	3.540
tachtig	3.540
tegenkwam	3.540
alimentatie	3.540
referenties	3.539
typen	3.539
izzy	3.539
rammel	3.539
panda	3.539
vonk	3.539
kloon	3.539
strop	3.539
uitdagingen	3.539
dunn	3.539
lynch	3.539
streken	3.539
haarzelf	3.539
smoel	3.539
ingewikkelde	3.539
directie	3.538
arabisch	3.538
afgaat	3.538
voetballen	3.538
louisiana	3.538
wegloopt	3.538
tij	3.538
bedreig	3.538
lette	3.538
scheikunde	3.538
controlekamer	3.538
kg	3.538
alzheimer	3.538
samenwerkt	3.538
voetstappen	3.538
opgewekt	3.538
joker	3.538
welles	3.538
martelaar	3.538
bloedgroep	3.538
a.u.b.	3.538
opsplitsen	3.538
verschijning	3.537
primitieve	3.537
afslaan	3.537
goddelijk	3.537
verloop	3.537
comfort	3.537
laffe	3.537
jeremiah	3.537
culturen	3.537
erkenning	3.537
eropaf	3.537
infanterie	3.537
sonya	3.537
herzien	3.536
daniël	3.536
ontwaakt	3.536
dell	3.536
sully	3.536
fat	3.536
knapper	3.536
berekend	3.536
geïnstalleerd	3.536
explosies	3.536
jorge	3.536
astma	3.536
milaan	3.536
matrix	3.536
termen	3.536
johan	3.536
benadering	3.536
bange	3.536
strenge	3.536
geheimhouding	3.536
aanbiedt	3.536
bunny	3.536
adolf	3.536
daily	3.535
warner	3.535
shadow	3.535
twitter	3.535
julien	3.535
onaangenaam	3.535
overschat	3.535
cornflakes	3.535
eenden	3.535
cocktails	3.535
honk	3.535
racist	3.535
verleend	3.535
ontslaat	3.535
fabrieken	3.535
doodvallen	3.535
walters	3.534
beugel	3.534
lexi	3.534
neerschiet	3.534
opbellen	3.534
scans	3.534
pittsburgh	3.534
opjagen	3.534
declan	3.534
langere	3.534
vertaler	3.534
uitdagen	3.533
rijker	3.533
daryl	3.533
cricket	3.533
opeet	3.533
cobb	3.533
gootsteen	3.533
overzicht	3.533
glippen	3.533
cheerleaders	3.533
milligram	3.533
wol	3.533
neergehaald	3.533
ontsloeg	3.533
society	3.532
schrappen	3.532
gluren	3.532
smoesjes	3.532
overlopen	3.532
mayday	3.532
creatie	3.532
noteren	3.532
kauwgum	3.532
roomservice	3.532
hevige	3.532
part	3.532
incidenten	3.532
ridge	3.532
toestellen	3.532
turkse	3.532
games	3.531
gino	3.531
stalken	3.531
debra	3.531
wisconsin	3.531
kolen	3.531
betaalden	3.531
corps	3.531
vip	3.531
verlinkt	3.531
knappen	3.531
savage	3.531
rupert	3.531
verblind	3.531
paden	3.531
uitgaven	3.530
dodge	3.530
restjes	3.530
h.	3.530
verte	3.530
flora	3.530
paradise	3.530
phyllis	3.530
walden	3.530
doneren	3.530
ik-ik	3.530
rationeel	3.530
aanzienlijk	3.530
plunderen	3.530
cup	3.530
egyptische	3.530
medailles	3.530
off	3.530
toegewijde	3.530
schending	3.530
worstjes	3.530
objectief	3.530
exotische	3.530
zwem	3.530
desmond	3.529
opgepast	3.529
groepje	3.529
legitimatie	3.529
frietjes	3.529
gerechtelijk	3.529
mattie	3.529
bowman	3.529
tweelingen	3.529
doodskist	3.529
klos	3.529
onderkant	3.529
wél	3.529
wettige	3.529
oen	3.529
betoverd	3.529
waken	3.529
omtrek	3.529
sufferd	3.529
zuipen	3.528
morton	3.528
utah	3.528
uss	3.528
culturele	3.528
lynette	3.528
portie	3.528
panty	3.528
nippertje	3.528
omtrent	3.528
schuilt	3.528
vloeibaar	3.527
getwijfeld	3.527
erewoord	3.527
barnaby	3.527
church	3.527
veteranen	3.527
vreest	3.527
napels	3.527
achten	3.527
veiligste	3.527
item	3.527
gala	3.527
zaaien	3.527
sabotage	3.527
uitgedroogd	3.527
gevestigd	3.527
gemengd	3.527
levensvormen	3.527
magnetron	3.527
nah	3.527
inspirerend	3.527
hingen	3.527
parkeer	3.527
hello	3.527
uitlaten	3.527
genadig	3.526
onredelijk	3.526
sluier	3.526
mercer	3.526
wagner	3.526
hekserij	3.526
brute	3.526
mini	3.526
caine	3.526
es	3.526
kruisen	3.526
knielen	3.526
galactica	3.526
gevaarlijkste	3.526
benijd	3.526
verwonding	3.526
overneemt	3.526
ferguson	3.526
mep	3.526
cartman	3.526
hawaii	3.526
butters	3.526
hagedis	3.526
overuren	3.526
trudy	3.526
neville	3.525
gezamenlijk	3.525
scherpschutter	3.525
aankondigen	3.525
baseball	3.525
vertraagd	3.525
zoogdieren	3.525
amuseer	3.525
bianca	3.525
mankeer	3.525
serienummer	3.525
vermomd	3.525
alabama	3.524
gevierd	3.524
geplast	3.524
schetsen	3.524
field	3.524
opgeborgen	3.524
beschrijf	3.523
drol	3.523
teruggegaan	3.523
schelden	3.523
koele	3.523
brittany	3.523
overgebracht	3.523
thea	3.523
oklahoma	3.523
afkomen	3.523
vleermuis	3.523
mirakel	3.523
emerson	3.523
orgaan	3.523
advocatenkantoor	3.522
domkop	3.522
nachtdienst	3.522
gelet	3.522
ravijn	3.522
recepten	3.522
bedankje	3.522
kapitaal	3.522
gezonden	3.522
oostenrijk	3.522
syrië	3.522
tref	3.522
stakker	3.522
aankon	3.522
lucille	3.522
tezamen	3.522
verwant	3.522
gelekt	3.522
massachusetts	3.522
hooi	3.522
shirts	3.522
diabetes	3.522
pd	3.522
hooggerechtshof	3.521
exemplaren	3.521
argentinië	3.521
sven	3.521
windt	3.521
context	3.521
bernadette	3.521
democraten	3.521
gerard	3.521
denemarken	3.521
doodgegaan	3.521
vermelden	3.521
ginder	3.521
latino	3.521
said	3.521
infiltreren	3.521
kwadrant	3.521
keten	3.521
adel	3.520
foreman	3.520
geestig	3.520
moran	3.520
overeenkomt	3.520
bijstaan	3.520
doofpot	3.520
lijd	3.520
rondes	3.520
nadine	3.520
geïnvesteerd	3.520
beschouwt	3.520
parels	3.520
sweets	3.520
webber	3.520
oesters	3.519
klingons	3.519
wagon	3.519
ondergaat	3.519
village	3.519
verpleger	3.519
vooraleer	3.519
onwetendheid	3.519
hapjes	3.519
plasma	3.519
hole	3.519
vanille	3.519
benton	3.519
verschuilen	3.519
vervalsing	3.519
precieze	3.519
propaganda	3.519
ct	3.519
western	3.518
hobbs	3.518
inbeelden	3.518
keizerin	3.518
minnesota	3.518
belast	3.518
schoonvader	3.518
aardbevingen	3.518
voorbije	3.518
uranium	3.518
aangesteld	3.518
saunders	3.518
produceert	3.518
reg	3.518
kerstboom	3.518
tyson	3.518
reuzen	3.517
beleefdheid	3.517
verzorging	3.517
vermoeid	3.517
ingevuld	3.517
verkochten	3.517
sterrendatum	3.517
opvoeren	3.517
boe	3.517
sybil	3.517
heights	3.517
vreemder	3.517
joeg	3.517
operatiekamer	3.517
keen	3.517
series	3.517
nagedachtenis	3.517
nietes	3.517
externe	3.517
blanco	3.517
melody	3.516
verpletteren	3.516
verveeld	3.516
schets	3.516
prof	3.516
margot	3.516
ravi	3.516
princeton	3.516
kwetst	3.516
stelden	3.516
bakboord	3.516
aardappels	3.516
vergiftigde	3.516
ruige	3.516
orlando	3.516
potten	3.516
gladde	3.516
sollen	3.516
plaatsvond	3.516
eerbetoon	3.516
aapje	3.516
marketing	3.515
stokje	3.515
sleept	3.515
missouri	3.515
sluw	3.515
hoefden	3.515
aanrichten	3.515
vito	3.515
bruut	3.515
afsluiting	3.515
mietjes	3.515
mi	3.515
zakenpartner	3.515
hollis	3.514
gebrand	3.514
deskundige	3.514
schuil	3.514
hamptons	3.514
pr	3.514
mouwen	3.514
ingaat	3.514
aardappel	3.514
huilend	3.514
zuid-afrika	3.514
hechte	3.514
afvuren	3.514
roberto	3.514
cara	3.514
buizen	3.513
bewogen	3.513
pompoen	3.513
zebra	3.513
halleluja	3.513
communist	3.513
blaffen	3.513
kendall	3.513
gemarkeerd	3.513
raylan	3.512
communistische	3.512
chauffeurs	3.512
mcdonald	3.512
gedaald	3.512
mustang	3.512
leonardo	3.512
verdrijven	3.512
jt	3.512
citaat	3.512
emil	3.512
waterval	3.512
verbrande	3.512
entertainment	3.512
rodeo	3.512
premie	3.511
vertoning	3.511
neuzen	3.511
barton	3.511
castro	3.511
aanbetaling	3.511
overhaast	3.511
reporter	3.511
geluksvogel	3.511
muffin	3.511
marnie	3.511
granger	3.511
linus	3.511
vreedzaam	3.511
jarvis	3.511
chinatown	3.511
dimitri	3.511
beschaafde	3.510
reusachtige	3.510
jasmine	3.510
hok	3.510
hoekje	3.510
atoombom	3.510
ballard	3.510
impulsief	3.510
bezielde	3.510
molen	3.510
repareer	3.510
exclusieve	3.510
pupillen	3.510
achtervolgde	3.510
bijdehand	3.510
russo	3.510
opzichten	3.510
jaloerse	3.510
weeën	3.510
alma	3.510
tevergeefs	3.510
dex	3.509
garden	3.509
voodoo	3.509
auschwitz	3.509
terras	3.509
barkeeper	3.509
aquarium	3.509
dronkaard	3.509
maandenlang	3.509
holy	3.509
verstoppertje	3.509
trager	3.509
overspel	3.509
nicolas	3.509
volslagen	3.509
afwachting	3.509
aankoop	3.509
corey	3.509
samenstelling	3.509
souvenir	3.509
shampoo	3.509
werpt	3.509
aankunt	3.509
coulson	3.509
verhelpen	3.508
racistisch	3.508
real	3.508
rivaal	3.508
haaks	3.508
harmon	3.508
bigfoot	3.508
stomkop	3.508
kev	3.508
wand	3.508
afstandelijk	3.508
methoden	3.508
ginny	3.508
deksel	3.508
onzekerheid	3.508
opvrolijken	3.508
urenlang	3.508
verbied	3.507
getalenteerde	3.507
carolyn	3.507
technicus	3.507
toerist	3.507
geslikt	3.507
bedrading	3.507
niveaus	3.507
kortere	3.507
eigenschap	3.507
grill	3.507
anomalie	3.507
technici	3.507
ontsteker	3.507
vloeien	3.507
minderjarig	3.507
oogcontact	3.507
kunstenaars	3.507
teruggebeld	3.507
cdc	3.507
thuishoort	3.507
gegraven	3.507
ambtenaren	3.507
vormden	3.507
wonde	3.507
borstkas	3.507
juryleden	3.507
meldingen	3.506
kopiëren	3.506
wood	3.506
amigo	3.506
drugshandel	3.506
basisschool	3.506
aangemeld	3.506
charleston	3.506
vulkanen	3.506
kletst	3.506
vuisten	3.506
memorial	3.506
gekleurde	3.506
fanny	3.506
verwijdert	3.505
cheyenne	3.505
snack	3.505
reizigers	3.505
levensverzekering	3.505
getto	3.505
six	3.505
gips	3.505
15e	3.505
effe	3.505
samengesteld	3.505
terminal	3.505
regende	3.505
fubre	3.505
portaal	3.505
maanlicht	3.505
panama	3.505
sergei	3.504
beheer	3.504
gastvrouw	3.504
pion	3.504
arbeid	3.504
delia	3.504
licentie	3.504
spenderen	3.504
deelnemen	3.504
tori	3.504
reinigen	3.504
goeiedag	3.504
torens	3.504
verstoort	3.504
kiki	3.503
opzichte	3.503
x.	3.503
colby	3.503
arabieren	3.503
epidemie	3.503
echtscheiding	3.503
editie	3.503
boor	3.503
fire	3.503
reiziger	3.503
vergiftiging	3.503
plastische	3.503
mankracht	3.503
getrainde	3.503
primitief	3.503
instincten	3.503
bloedige	3.503
menens	3.503
stripclub	3.503
regenwoud	3.502
davey	3.502
dot	3.502
aftellen	3.502
bespaard	3.502
geschonken	3.502
orion	3.502
intimiteit	3.502
juichen	3.502
verwachtten	3.501
tariq	3.501
babysitten	3.501
vervang	3.501
kano	3.501
zomers	3.501
mest	3.501
verwisselen	3.501
langzame	3.501
slater	3.501
straatverbod	3.501
vrachtschip	3.501
gesneuveld	3.501
slijmen	3.501
netflix	3.501
hillary	3.501
verpleegkundige	3.501
speeksel	3.501
buggy	3.501
bespreek	3.501
volop	3.501
radicale	3.500
diarree	3.500
bediening	3.500
cubaanse	3.500
ongevoelig	3.500
doormaken	3.500
idealen	3.500
onkosten	3.500
antenne	3.500
geworpen	3.500
ruzies	3.500
varkensvlees	3.500
vergaat	3.500
dagenlang	3.500
dickie	3.500
opzichter	3.500
zwervers	3.500
toekomt	3.500
verspilde	3.500
middelste	3.499
handleiding	3.499
hachje	3.499
krat	3.499
meeneem	3.499
heiligen	3.499
indirect	3.499
ede	3.499
huisvrouw	3.499
fbi-agent	3.499
freaks	3.499
gronden	3.499
blues	3.499
aftrekken	3.499
vervangt	3.499
traint	3.499
robbins	3.499
opgaf	3.499
bommenwerpers	3.499
kramp	3.499
belangrijkere	3.499
pleeg	3.499
optredens	3.499
slachten	3.498
individuele	3.498
erlangs	3.498
bruikbaar	3.498
verstond	3.498
rice	3.498
charlene	3.498
hoffman	3.498
grijns	3.498
preken	3.498
omelet	3.498
baren	3.498
arrogantie	3.498
immigranten	3.498
barb	3.498
dijen	3.498
locke	3.498
brandend	3.498
kasten	3.498
stijlvol	3.497
never	3.497
regime	3.497
legden	3.497
slijm	3.497
platte	3.497
industriële	3.497
opstaat	3.497
grendel	3.497
eyes	3.497
ondraaglijk	3.497
ophef	3.497
weerwolven	3.497
punch	3.497
bakkerij	3.497
krokodillen	3.497
instellen	3.497
verwachte	3.497
verscheuren	3.496
cj	3.496
bespaart	3.496
roof	3.496
jeuk	3.496
karev	3.496
fouilleren	3.496
jongelui	3.496
tenten	3.496
fields	3.496
bars	3.496
blokkade	3.496
koreaanse	3.496
higgins	3.496
sovjet-unie	3.496
planken	3.495
verkoudheid	3.495
opkijken	3.495
layla	3.495
ontwikkelt	3.495
ontbrak	3.495
seksleven	3.495
struikelde	3.495
behoud	3.495
kleins	3.495
struiken	3.495
hara	3.495
huurder	3.495
bil	3.495
snake	3.495
pleeggezin	3.495
bevond	3.495
ongelofelijke	3.495
stern	3.495
antieke	3.495
wafels	3.495
opgelicht	3.495
hendel	3.495
schikken	3.495
mevr.	3.495
kortste	3.495
goed.	3.495
motorkap	3.494
janeliz	3.494
afspelen	3.494
aubrey	3.494
zenders	3.494
arnie	3.494
rivers	3.494
verliezers	3.494
beenderen	3.493
rechtzaak	3.493
lesbische	3.493
sirene	3.493
onbewust	3.493
aangeeft	3.493
kriebels	3.493
pleister	3.493
lazarus	3.493
hardlopen	3.493
kostschool	3.493
hiertoe	3.493
suurtje	3.493
verworpen	3.493
black-out	3.493
19e	3.492
t.j.	3.492
werkers	3.492
main	3.492
verraste	3.492
nuttigs	3.492
strike	3.492
verhinderen	3.492
tolk	3.492
advertenties	3.492
afbeelding	3.492
dierbaren	3.492
afgegeven	3.492
ziekenwagen	3.492
bloede	3.492
maagdelijkheid	3.492
terugdraaien	3.492
telefoongesprek	3.492
laken	3.492
bajes	3.492
beschavingen	3.492
brewster	3.492
leningen	3.492
foetus	3.491
plak	3.491
herb	3.491
partnerschap	3.491
greer	3.491
geëvacueerd	3.491
tablet	3.491
pinguïns	3.491
opleggen	3.491
dienstmeisje	3.491
sylvester	3.491
mot	3.491
wereldkampioen	3.491
etter	3.491
kereltje	3.490
beta	3.490
vormde	3.490
zodanig	3.490
geruild	3.490
tj	3.490
paneel	3.490
hazel	3.490
historie	3.490
aanraden	3.490
leder	3.490
gehaat	3.490
voorruit	3.490
cullen	3.490
puree	3.490
verveelde	3.490
harlem	3.490
telde	3.490
thorne	3.490
20e	3.490
glorieuze	3.490
loslaat	3.490
sarcasme	3.490
kouder	3.489
say	3.489
everett	3.489
po	3.489
scheurde	3.489
uitkwam	3.489
elektrisch	3.489
rolt	3.489
scout	3.489
riggs	3.489
ethel	3.489
nodigt	3.489
spoorweg	3.489
bezopen	3.489
versterkingen	3.489
meeging	3.489
opgevolgd	3.489
peacock	3.489
challenger	3.489
barcelona	3.489
smokey	3.489
automaat	3.489
i.	3.489
tennessee	3.489
cynisch	3.488
21e	3.488
schoolbal	3.488
hybride	3.488
rituelen	3.487
roodharige	3.487
betuigen	3.487
ziekten	3.487
stelling	3.487
huurders	3.487
straft	3.487
overeenkomen	3.487
kettingen	3.487
schooltijd	3.487
sabine	3.487
woordenboek	3.487
overwonnen	3.487
gewezen	3.487
vrolijken	3.487
loer	3.487
royce	3.487
strauss	3.487
ops	3.487
bestuurt	3.487
odin	3.487
column	3.487
head	3.487
verkies	3.486
opvang	3.486
organische	3.486
lizzy	3.486
felicia	3.486
paolo	3.486
cafeïne	3.486
geïrriteerd	3.486
sofa	3.486
coyote	3.486
nova	3.486
gunnen	3.486
ba	3.486
nageven	3.486
leroy	3.486
tomas	3.486
constance	3.486
bandiet	3.485
gossip	3.485
patienten	3.485
tardis	3.485
primaire	3.485
smeekt	3.485
inschenken	3.485
omarmen	3.485
ondankbaar	3.485
ingericht	3.485
minnaars	3.485
demo	3.485
toni	3.485
verscheidene	3.485
dubbelganger	3.485
argumenten	3.485
inventaris	3.485
tombe	3.484
artefact	3.484
ondeugend	3.484
giet	3.484
felle	3.484
lappen	3.484
geschud	3.484
r.	3.484
petitie	3.484
apache	3.484
psycho	3.484
speld	3.484
teri	3.484
prue	3.484
flauwgevallen	3.484
helling	3.484
vooroordelen	3.484
sensors	3.484
lozen	3.484
verwaand	3.484
pact	3.484
knock-out	3.484
gevangenissen	3.484
onsterfelijkheid	3.484
zondaars	3.483
ondermijnen	3.483
trol	3.483
algoritme	3.483
moffen	3.483
gevreeën	3.483
minimum	3.483
criminaliteit	3.483
schaak	3.483
hongkong	3.483
summers	3.483
johns	3.483
plezierig	3.483
levenslange	3.483
ban	3.483
kennismaking	3.483
rj	3.483
slagroom	3.483
frustratie	3.483
daarstraks	3.483
leila	3.483
gekte	3.483
reparatie	3.483
voorman	3.483
geloofwaardigheid	3.483
afwijkingen	3.483
stewardess	3.483
schenkt	3.482
conflicten	3.482
ames	3.482
becker	3.482
moedervlek	3.482
niemandsland	3.482
schoonmaakster	3.482
grappigs	3.482
mozart	3.482
haas	3.482
kathryn	3.482
wangen	3.482
schonk	3.482
puerto	3.482
scotland	3.481
proudly	3.481
bloedvergieten	3.481
devlin	3.481
halfjaar	3.481
labs	3.481
brussel	3.481
patat	3.481
columbus	3.481
cletus	3.481
krater	3.481
bekwaam	3.481
alberto	3.481
staarde	3.481
vasthield	3.481
ontvluchten	3.481
gomez	3.481
paardrijden	3.481
liberty	3.481
katy	3.481
veronderstelling	3.481
franks	3.481
wasmachine	3.481
informanten	3.481
steekwonden	3.481
stuurman	3.481
lavon	3.481
verkeert	3.481
ingestemd	3.481
negentien	3.481
elektronica	3.481
citeer	3.481
klimt	3.481
3e	3.480
bodyguard	3.480
bestonden	3.480
gerelateerd	3.480
gedoopt	3.480
natuurtalent	3.480
studeerkamer	3.480
marley	3.480
afdoen	3.480
operationeel	3.480
xavier	3.480
elliott	3.480
abbott	3.480
zwijgt	3.480
glimp	3.480
stations	3.480
louisa	3.480
naarmate	3.480
krot	3.480
woeste	3.479
gewaagd	3.479
ingevoerd	3.479
verdwalen	3.479
deep	3.479
law	3.479
fowler	3.479
impuls	3.479
dax	3.479
liefdesleven	3.479
uitgegaan	3.479
strippers	3.479
dreun	3.479
mercy	3.479
smeergeld	3.479
clare	3.479
allie	3.479
wing	3.479
verwennen	3.478
dance	3.478
afgedaan	3.478
uitverkorene	3.478
dyson	3.478
vermont	3.478
wissel	3.478
peru	3.478
tijdreizen	3.478
kwesties	3.478
oleg	3.478
valentijn	3.478
inbegrepen	3.478
toorn	3.478
naai	3.478
renden	3.478
alsmaar	3.478
scheten	3.478
stootte	3.478
slapende	3.478
kritisch	3.478
veroordeelt	3.478
swan	3.478
tropische	3.477
franz	3.477
belandt	3.477
duiden	3.477
carriere	3.477
experimenteren	3.477
groeiende	3.477
hippie	3.477
verkenning	3.477
sterrenpoort	3.477
groters	3.477
verhuizing	3.477
onoverwinnelijk	3.477
melvin	3.477
drop	3.476
eindjes	3.476
cameraman	3.476
ulds	3.476
stabiliseren	3.476
klikt	3.476
bezwaren	3.476
doorzetten	3.476
turken	3.476
aspect	3.476
wippen	3.476
august	3.476
volume	3.476
kaviaar	3.476
contacteren	3.476
graal	3.476
ontnemen	3.476
disney	3.476
zwakheid	3.476
moskee	3.476
tweedehands	3.476
spider	3.476
stafchef	3.476
geinteresseerd	3.476
aanraakte	3.475
zakte	3.475
gallagher	3.475
codenaam	3.475
bezem	3.475
tienen	3.475
visum	3.475
denton	3.475
bidt	3.475
viper	3.475
ada	3.475
virtuele	3.475
oprapen	3.475
brother	3.475
ontdaan	3.475
private	3.475
doodga	3.475
geanalyseerd	3.475
rahl	3.475
nablijven	3.475
kaken	3.475
montreal	3.474
ongeschikt	3.474
hengst	3.474
aanmoedigen	3.474
time-out	3.474
opslaan	3.474
vuurkracht	3.474
spa	3.474
aanhangers	3.474
bertram	3.474
opstel	3.474
referentie	3.474
besmetting	3.474
brighton	3.474
uitstapje	3.474
plaatsje	3.474
slotte	3.474
insigne	3.474
baat	3.474
assistenten	3.474
hoertje	3.473
ida	3.473
cyril	3.473
gezondigd	3.473
hoover	3.473
politieauto	3.473
aangebracht	3.473
kritieke	3.472
ongestraft	3.472
bleken	3.472
goldman	3.472
dichtst	3.472
chet	3.472
voorrang	3.472
omega	3.472
sollicitatie	3.472
singer	3.472
tao	3.472
specifieker	3.472
gedownload	3.472
vrijmaken	3.472
voltooien	3.472
candace	3.472
tonnen	3.472
release	3.472
scheidsrechter	3.472
shanghai	3.472
wantrouwen	3.472
omgang	3.472
margarita	3.472
dramatische	3.471
schatting	3.471
voorjaar	3.471
speet	3.471
zinloze	3.471
kings	3.471
lezers	3.471
imponeren	3.471
zendt	3.471
transformatie	3.471
singapore	3.471
meelopen	3.471
eigenaardig	3.471
teller	3.471
snuffelen	3.471
dolfijn	3.471
wolfe	3.471
oever	3.471
overweging	3.471
mexicaan	3.471
beat	3.471
eliza	3.471
schorsing	3.470
kerken	3.470
warenhuis	3.470
lokt	3.470
arresteert	3.470
binnenplaats	3.470
dove	3.470
veteraan	3.470
papegaai	3.470
proper	3.470
dunham	3.470
bevatte	3.470
ambities	3.470
kogelvrij	3.470
republikeinse	3.470
macho	3.470
flarden	3.470
zonneschijn	3.470
wrijf	3.470
hangar	3.470
hypnose	3.470
theodore	3.469
sylvie	3.469
organisch	3.469
ontmoetingen	3.469
rondrijden	3.469
horloges	3.469
ondankbare	3.469
linken	3.469
namaak	3.469
schroevendraaier	3.469
eminentie	3.469
reservering	3.469
riker	3.469
medici	3.468
misbruiken	3.468
ramirez	3.468
toveren	3.468
swat	3.468
abnormaal	3.468
mindy	3.468
indiase	3.468
strekken	3.468
hack	3.468
krachtiger	3.468
heft	3.468
stinkend	3.468
erachteraan	3.468
audities	3.468
muzikanten	3.468
bedreven	3.468
dezer	3.468
bloederige	3.467
vechters	3.467
gezondheidszorg	3.467
toegediend	3.467
inhuurde	3.467
aarzelen	3.467
verbiedt	3.467
kelso	3.467
rundvlees	3.467
zorgden	3.467
gepromoveerd	3.467
onaardig	3.467
rosen	3.467
vermoedens	3.467
kei	3.467
barbaren	3.467
quantico	3.467
begroef	3.467
plattegrond	3.467
erven	3.467
slikte	3.467
overtredingen	3.467
archieven	3.466
wis	3.466
bedelen	3.466
ondergedoken	3.466
fernando	3.466
boo	3.466
kleinkind	3.466
formele	3.466
verdediger	3.466
shepard	3.466
bevrijding	3.466
carroll	3.466
hoyt	3.466
pervers	3.466
vijfhonderd	3.466
farrell	3.466
meineed	3.466
aj	3.466
gabby	3.466
daddy	3.466
bereikbaar	3.466
prive	3.466
oplossingen	3.465
bakt	3.465
kuil	3.465
annalise	3.465
gelofte	3.465
ingegaan	3.465
case	3.465
dokken	3.465
music	3.465
turtle	3.465
bryant	3.465
imperium	3.464
onderscheid	3.464
wending	3.464
amulet	3.464
edna	3.464
bushalte	3.464
benoemen	3.464
geniale	3.464
gladys	3.464
leland	3.464
lastpak	3.464
gevangenschap	3.464
wethouder	3.464
dansers	3.464
assepoester	3.464
sluwe	3.464
schenden	3.464
kolonisten	3.464
toezien	3.464
doodgeslagen	3.464
amir	3.464
quetsbeek	3.463
teruggegeven	3.463
hollow	3.463
geleerden	3.463
sloerie	3.463
dirk	3.463
vloeren	3.463
studiebeurs	3.463
omweg	3.463
himmler	3.463
bijgeloof	3.463
parasieten	3.463
ijsland	3.462
cappuccino	3.462
opeisen	3.462
mon	3.462
verdwaalde	3.462
onacceptabel	3.462
oplopen	3.462
verstandige	3.462
buitenste	3.462
handvol	3.462
vermijd	3.462
string	3.462
verwarren	3.462
vooruitzicht	3.462
eigenaren	3.462
slachting	3.462
gewoonweg	3.462
fractie	3.462
sarcastisch	3.462
onderscheiding	3.462
amazone	3.462
verzwijgen	3.462
heh	3.462
spannen	3.461
ahmed	3.461
meren	3.461
buigt	3.461
geroosterd	3.461
gentleman	3.461
onopvallend	3.460
aanbood	3.460
lucia	3.460
mechanisme	3.460
magnetisch	3.460
gemotiveerd	3.460
schipper	3.460
landbouw	3.460
uitnodigingen	3.460
smalle	3.460
trio	3.460
vegetariër	3.460
indrukken	3.460
buckley	3.460
kruispunt	3.460
geweldpleging	3.460
kakkerlak	3.459
voorjou	3.459
landingsbaan	3.459
fae	3.459
dates	3.459
bijkomen	3.459
cement	3.459
uitstraling	3.459
kortom	3.459
crackers	3.459
lillian	3.459
nr.	3.459
ragnar	3.459
irina	3.459
krista	3.459
geplant	3.459
mellie	3.459
hr	3.459
crime	3.459
investeringen	3.459
dwarszit	3.459
drijf	3.459
strafbaar	3.459
werkplek	3.459
werkdag	3.458
horror	3.458
geneigd	3.458
lokte	3.458
bewees	3.458
visueel	3.458
wekt	3.458
akelige	3.458
uitzonderlijke	3.458
irrelevant	3.458
drones	3.458
yvonne	3.458
titanic	3.457
schoonmaak	3.457
overvallers	3.457
rodriguez	3.457
jojo	3.457
gastenlijst	3.457
bezetting	3.457
spreuken	3.457
hoesten	3.457
bessen	3.457
opslagplaats	3.457
plande	3.457
wegdoen	3.457
tegenhoudt	3.457
geoff	3.457
verknalt	3.457
atleet	3.457
dombo	3.457
ongezien	3.457
handicap	3.457
autorijden	3.457
gezochte	3.457
combineren	3.457
stockholm	3.457
myers	3.457
larson	3.457
strikken	3.456
stoornis	3.456
tuvok	3.456
tikje	3.456
landhuis	3.456
psychisch	3.456
shea	3.456
inbreuk	3.456
tikken	3.456
roscoe	3.456
versnelling	3.456
tin	3.456
vervalsen	3.456
buskruit	3.456
beheerder	3.456
prop	3.456
jaffa	3.456
nevel	3.456
geantwoord	3.456
rollins	3.456
schudt	3.456
domein	3.456
destiny	3.456
financiering	3.456
telefoneren	3.456
zwendel	3.456
buchanan	3.456
kutwijf	3.456
espresso	3.456
bluf	3.456
secret	3.456
compensatie	3.455
overname	3.455
ruimtes	3.455
premiejager	3.455
waters	3.455
barrière	3.455
burrito	3.455
bespelen	3.455
democratische	3.455
picasso	3.455
gebreken	3.455
gazon	3.455
hopper	3.454
saturnus	3.454
piet	3.454
sunny	3.454
startte	3.454
fossielen	3.454
merci	3.454
parochie	3.454
merkwaardig	3.454
verzeild	3.454
gaatjes	3.454
konijntje	3.454
uld	3.454
voetsporen	3.454
begeeft	3.454
verzenden	3.454
episode	3.454
christie	3.454
meters	3.454
soul	3.454
edwin	3.454
olga	3.454
cutler	3.454
praag	3.454
mondje	3.454
coco	3.454
treed	3.454
abbey	3.453
friet	3.453
magic	3.453
full	3.453
intense	3.453
ruben	3.453
geruststellend	3.453
stuiver	3.453
verwoesting	3.453
getipt	3.453
caffrey	3.453
sovjets	3.453
ongesteld	3.453
vlieger	3.453
giovanni	3.452
kloot	3.452
organiseert	3.452
divya	3.452
pedofiel	3.452
kinderkamer	3.452
cafetaria	3.452
gassen	3.452
strijdkrachten	3.452
binnenstad	3.452
verdrinkt	3.452
stapelgek	3.451
verjaardagen	3.451
honey	3.451
aangebroken	3.451
verpakt	3.451
toonbank	3.451
tap	3.451
jag	3.451
clint	3.451
gokje	3.451
onkruid	3.451
zac	3.451
sneden	3.451
shore	3.451
scheef	3.451
barrow	3.451
mariana	3.451
commerciële	3.451
eeuwenlang	3.450
jamaica	3.450
boffen	3.450
shots	3.450
paco	3.450
servers	3.450
denkend	3.450
mollen	3.450
hiv	3.450
reparaties	3.450
command	3.450
gerekend	3.450
ietsje	3.450
vitamine	3.450
aldoor	3.450
begroet	3.450
tuinen	3.450
zinvol	3.450
reclasseringsambtenaar	3.450
zelfbeheersing	3.450
voordoet	3.450
transacties	3.450
hekken	3.450
sing	3.450
oplichten	3.450
overvaller	3.450
isolatie	3.449
fitness	3.449
thuisbrengen	3.449
edison	3.449
prikkeldraad	3.449
verdienden	3.449
gerealiseerd	3.449
expertise	3.449
stiller	3.449
wereldje	3.449
capaciteit	3.449
neerstorten	3.449
vissers	3.449
bult	3.449
correctie	3.449
hoedje	3.449
seriemoordenaars	3.449
ongewenste	3.449
bug	3.449
werkend	3.449
geplukt	3.449
privéleven	3.449
opperbevelhebber	3.449
vijandelijk	3.449
forceren	3.449
horn	3.449
compagnon	3.449
hoogstens	3.449
seizoenen	3.449
metgezel	3.449
spektakel	3.449
dancing	3.448
mijnwerkers	3.448
cyanide	3.448
jp	3.448
diplomaat	3.448
parsons	3.448
roth	3.448
onweer	3.448
bewuste	3.448
koek	3.448
dobbs	3.448
navraag	3.448
peetvader	3.447
stabiliteit	3.447
vlaggen	3.447
wierp	3.447
second	3.447
beka	3.447
raul	3.447
eigenwijs	3.447
hayden	3.447
verlos	3.447
heftige	3.447
miljardair	3.447
blootstelling	3.447
voldaan	3.447
niettemin	3.447
weggevaagd	3.447
duurder	3.447
schoonzus	3.447
viv	3.447
handelingen	3.447
kaplan	3.446
blood	3.446
springer	3.446
cap	3.446
eervolle	3.446
corinne	3.446
gerend	3.446
delaney	3.446
pearson	3.446
opgefokt	3.446
labo	3.446
lingerie	3.446
interesses	3.446
zuivere	3.446
omkomen	3.446
journaliste	3.446
dev	3.446
rekruten	3.446
dolores	3.446
oord	3.446
meningen	3.446
voorganger	3.446
aanleggen	3.446
ontmantelen	3.446
tiran	3.445
sprakeloos	3.445
disneyland	3.445
ritchie	3.445
kopenhagen	3.445
rosy	3.445
daken	3.445
badjas	3.445
geverfd	3.445
spiritueel	3.445
daagde	3.445
opstarten	3.445
mummie	3.444
graaft	3.444
mcnally	3.444
sands	3.444
pearce	3.444
cold	3.444
ingeslikt	3.444
containers	3.444
lijsten	3.444
ahh	3.444
luchtruim	3.444
droogte	3.444
monique	3.444
dinosauriërs	3.444
peck	3.444
brock	3.444
playboy	3.444
hodges	3.444
zure	3.444
beroofde	3.444
kwetsbare	3.444
slaappillen	3.444
knipperen	3.443
ontwerper	3.443
kleermaker	3.443
ethiek	3.443
smurf	3.443
waagt	3.443
vulling	3.443
lasagne	3.443
zwijnen	3.443
uitwisseling	3.443
wekker	3.443
viking	3.443
muffins	3.443
doorsnijden	3.443
reeves	3.443
v.	3.443
rubberen	3.443
scènes	3.443
opsturen	3.443
erkend	3.443
reiken	3.443
herhaalt	3.443
shay	3.443
substantie	3.443
bonnetje	3.443
fornuis	3.443
denkbeeldige	3.443
stars	3.443
sul	3.443
filter	3.443
heterdaad	3.443
logeer	3.443
onnodige	3.443
allee	3.443
dougie	3.442
opgestuurd	3.442
gaby	3.442
opvalt	3.442
trust	3.442
kwellen	3.442
vluchteling	3.442
vleugje	3.442
fez	3.442
pootjes	3.442
rek	3.441
barker	3.441
rhonda	3.441
luidruchtig	3.441
groeiden	3.441
noordwaarts	3.441
jin	3.441
verveling	3.441
b.a.	3.441
scheen	3.441
verzorgt	3.441
16e	3.441
spotten	3.441
faculteit	3.441
verknoeid	3.441
bloedonderzoek	3.441
wegrijden	3.441
verwarde	3.441
gustav	3.441
gevat	3.441
dci	3.441
memphis	3.441
verhaaltjes	3.440
verzachten	3.440
luciano	3.440
gelost	3.440
weggekomen	3.440
kampioenen	3.440
derrick	3.440
slank	3.440
verzwegen	3.440
speculatie	3.440
onweerstaanbaar	3.440
bovenkant	3.440
verfrissend	3.439
schept	3.439
drummer	3.439
lult	3.439
auggie	3.439
kruistocht	3.439
linies	3.439
spectaculaire	3.439
buitenlander	3.439
slaperig	3.439
wijlen	3.439
adviseurs	3.439
godvergeten	3.439
rabbit	3.439
raadsels	3.439
handboek	3.439
machten	3.438
magneet	3.438
opperhoofd	3.438
alexandra	3.438
bruiloften	3.438
halsband	3.438
reikt	3.438
behoorde	3.438
jacuzzi	3.438
onderhandeling	3.438
gemenebest	3.438
usa	3.438
mabel	3.438
conway	3.438
triomf	3.438
ernaartoe	3.438
macy	3.438
metamorfose	3.438
weddenschappen	3.438
brunch	3.438
spijkers	3.438
drempel	3.437
anya	3.437
insuline	3.437
yu	3.437
vergelijkbaar	3.437
messias	3.437
dash	3.437
iers	3.437
stokken	3.437
vastberadenheid	3.437
schreeuwend	3.437
goor	3.437
petto	3.436
l.	3.436
dinges	3.436
rondleiden	3.436
salvo	3.436
rabbi	3.436
strategische	3.436
elektromagnetische	3.436
raines	3.436
oplichters	3.436
wilder	3.436
shop	3.436
concurrent	3.436
afvallen	3.436
norton	3.436
underwood	3.436
gezellige	3.436
afvraagt	3.436
migraine	3.436
beledig	3.436
mi6	3.436
gedaagde	3.435
rijtuig	3.435
legioen	3.435
deuk	3.435
heimwee	3.435
verhuren	3.435
doorgedraaid	3.435
flipte	3.435
verdreven	3.435
gemeten	3.435
masseren	3.435
stimuleren	3.435
luchten	3.435
benedict	3.435
tripp	3.435
lichtjaren	3.435
overwerken	3.435
koppels	3.435
weggejaagd	3.435
sonar	3.435
neutrale	3.435
gloednieuwe	3.435
opgezwollen	3.434
teruggestuurd	3.434
leukemie	3.434
parks	3.434
verwijderde	3.434
lat	3.434
athene	3.434
mokken	3.434
mechanische	3.434
hemzelf	3.434
roddel	3.434
allergie	3.434
huck	3.434
schepping	3.434
cedric	3.434
verbindingen	3.434
koopje	3.434
burgerlijke	3.434
taalgebruik	3.434
toom	3.433
obligaties	3.433
verdachts	3.433
weed	3.433
havens	3.433
zondaar	3.433
groot-brittannië	3.433
beproeving	3.433
award	3.433
gezagvoerder	3.433
lama	3.433
maagden	3.433
kijkend	3.433
organisaties	3.433
speaker	3.433
uitzonderingen	3.433
joanne	3.433
lok	3.433
maddox	3.433
beek	3.433
verbeeld	3.433
ventilator	3.433
beheert	3.433
family	3.432
stagiaire	3.432
cheese	3.432
uitzie	3.432
pine	3.432
gedeeltelijke	3.432
registreren	3.432
wiskundige	3.432
verhoogt	3.432
bewakingsbeelden	3.432
vetzak	3.431
juwelier	3.431
zigeuners	3.431
plaatsvindt	3.431
meedogenloze	3.431
pleidooi	3.431
madeleine	3.431
irriteren	3.431
beroeps	3.431
verbod	3.431
verknoeien	3.431
overbelast	3.431
lantaarn	3.431
proppen	3.431
gezuiverd	3.431
jacks	3.431
dustin	3.431
eileen	3.431
bankroet	3.431
civiele	3.431
lonnie	3.431
uitsterven	3.431
hilton	3.430
zuidelijk	3.430
voedde	3.430
deelneming	3.430
behagen	3.430
bentley	3.430
verdorven	3.430
geblazen	3.430
snik	3.430
inspecteren	3.430
introductie	3.430
heiligdom	3.430
handdruk	3.430
griffith	3.430
register	3.430
bestuurd	3.430
overgeslagen	3.430
kondigen	3.430
aanzienlijke	3.430
omkoping	3.430
voed	3.430
rommelig	3.430
kathleen	3.430
rosemary	3.430
irriteert	3.430
voorbeelden	3.429
aarzel	3.429
latte	3.429
gebombardeerd	3.429
veroordelingen	3.429
klussen	3.429
architectuur	3.429
beatles	3.429
sportief	3.428
schaakmat	3.428
doodmoe	3.428
geklopt	3.428
larsen	3.428
zeiken	3.428
gestationeerd	3.428
spookt	3.428
ds	3.428
uitsluitend	3.428
bea	3.428
formaat	3.428
sioux	3.428
puck	3.428
mascotte	3.428
entree	3.428
verwikkeld	3.428
stokes	3.428
ruiters	3.428
belazert	3.428
leun	3.428
verkenners	3.428
grootgebracht	3.428
toetsen	3.428
metropolis	3.428
münchen	3.428
afschrikken	3.428
injecties	3.428
leunen	3.428
precisie	3.428
mannelijkheid	3.428
zwerm	3.428
smart	3.428
hasj	3.427
beweer	3.427
mvr	3.427
devil	3.427
neergeslagen	3.427
ongevaarlijk	3.427
scheurt	3.427
fooien	3.427
domste	3.427
marcie	3.427
schadelijk	3.426
kistje	3.426
consul	3.426
titan	3.426
curry	3.426
zakenreis	3.426
viering	3.426
knapste	3.426
militie	3.426
slaapwel	3.426
vergrendeld	3.426
tolereren	3.426
siobhan	3.426
verzorg	3.426
rouge	3.426
voortdurende	3.426
f.	3.426
kratten	3.426
alarmnummer	3.426
aa	3.426
watts	3.426
krusty	3.426
overdoen	3.426
geprezen	3.426
jurisdictie	3.426
buenos	3.426
juweel	3.426
hoofdwond	3.426
nero	3.426
hologram	3.426
interventie	3.426
freeman	3.426
verzekeringen	3.425
procureur-generaal	3.425
zittend	3.425
cisco	3.425
afwijzing	3.425
verstikking	3.425
offensief	3.425
reanimeren	3.425
twaalfde	3.425
helderziend	3.425
rivera	3.425
aangerand	3.425
engeltje	3.425
hijs	3.425
zeurt	3.425
wilcox	3.425
onverantwoordelijk	3.425
inspireren	3.425
legendes	3.425
wilskracht	3.425
rekende	3.425
est	3.425
traditioneel	3.425
heerschappij	3.425
cheers	3.425
tuck	3.425
benaderde	3.425
riskeerde	3.425
lounge	3.424
liggend	3.424
burrows	3.424
verlengen	3.424
page	3.424
ontwijkt	3.424
herbert	3.424
ingesproken	3.424
beveiligingsbeelden	3.424
pascal	3.424
domoor	3.424
luiden	3.424
bedragen	3.424
zakgeld	3.424
enveloppe	3.424
permissie	3.423
verlovingsring	3.423
marshals	3.423
binnenlopen	3.423
functioneert	3.423
cox	3.423
ex-vriend	3.423
gaar	3.423
melbourne	3.423
doorgenomen	3.423
sauna	3.423
touchdown	3.423
office	3.423
gamma	3.423
baldwin	3.423
tribune	3.423
katya	3.423
w.	3.423
leeds	3.423
kalmte	3.423
inschakelen	3.423
ophield	3.423
opium	3.423
blauwdrukken	3.423
accepteerde	3.423
schuitje	3.423
binnengebracht	3.423
siegfried	3.423
viert	3.423
ietwat	3.423
omschrijving	3.423
graffiti	3.423
verneukt	3.422
houdini	3.422
uitvinder	3.422
binnengelaten	3.422
kruit	3.422
morty	3.422
liefdevol	3.422
delicate	3.422
roes	3.422
klinger	3.422
cipier	3.422
ontbinding	3.422
amos	3.422
puntjes	3.421
sluitingstijd	3.421
ingeschat	3.421
vervroegd	3.421
zeebodem	3.421
verhuisden	3.421
poets	3.421
geproduceerd	3.421
lorna	3.421
herhaaldelijk	3.421
oudjes	3.421
wijde	3.421
antarctica	3.421
nuttige	3.421
blah	3.421
garza	3.421
feel	3.421
bloei	3.421
omgebracht	3.421
temple	3.421
lomp	3.421
holle	3.421
parrish	3.421
lachend	3.421
thornton	3.421
gelinkt	3.421
genève	3.421
jappen	3.421
invalide	3.421
josef	3.421
ramona	3.420
bemanningsleden	3.420
tok	3.420
daagt	3.420
besturing	3.420
visite	3.420
piemel	3.420
bijstand	3.420
sound	3.420
benzinestation	3.419
witwassen	3.419
verhoorkamer	3.419
gefascineerd	3.419
onvolwassen	3.419
opdringen	3.419
noorse	3.419
miskraam	3.419
vastgoed	3.419
verwart	3.419
visitekaartje	3.419
intellectueel	3.419
magistraat	3.419
organisme	3.419
notitie	3.419
rapen	3.419
vermeende	3.419
rassen	3.419
section	3.419
vlakte	3.419
bat	3.419
onbereikbaar	3.419
definitieve	3.419
zessen	3.419
forest	3.419
opgedoken	3.419
rotdag	3.419
doeleinden	3.419
hoofdje	3.419
meekomt	3.419
neurale	3.419
bangkok	3.418
spoedgeval	3.418
tandpasta	3.418
erkent	3.418
pratende	3.418
duikboot	3.418
té	3.418
pi	3.418
janie	3.418
onaanvaardbaar	3.418
honderdduizenden	3.418
slade	3.418
adele	3.418
rene	3.418
rivalen	3.418
oplichting	3.418
scheermes	3.418
ontkende	3.418
ursula	3.418
opsporingsbevel	3.418
liza	3.418
verval	3.418
droger	3.418
verbrijzeld	3.418
tegenkom	3.418
ontmaskerd	3.418
makkelijkste	3.418
vervalste	3.418
profeten	3.418
break	3.418
ontbeten	3.417
overige	3.417
zelfmedelijden	3.417
gezogen	3.417
maîtresse	3.417
sea	3.417
kalinda	3.417
stipt	3.417
greppel	3.417
doodop	3.417
jubileum	3.417
dora	3.417
sultan	3.417
genereus	3.416
huwelijksnacht	3.416
aangekondigd	3.416
eekhoorns	3.416
beven	3.416
police	3.416
gilmore	3.416
justice	3.416
broekzak	3.416
registratie	3.416
liefdevolle	3.416
leela	3.416
waardige	3.416
voegt	3.416
nathaniel	3.416
ball	3.416
slingeren	3.416
onthult	3.416
trilt	3.416
pinguïn	3.416
catering	3.416
chirurgische	3.416
teleurstellend	3.416
verlosser	3.416
rillingen	3.416
lsd	3.416
gesaboteerd	3.416
schildpadden	3.416
spoort	3.416
body	3.416
i.d.	3.416
camouflage	3.415
serge	3.415
digitaal	3.415
marian	3.415
bankrekeningen	3.415
lolly	3.415
tactisch	3.415
middeleeuwen	3.415
poppy	3.415
swift	3.415
manipulatie	3.415
raadplegen	3.415
humeurig	3.415
telefoonboek	3.414
klauw	3.414
ginds	3.414
uiteindelijke	3.414
brunette	3.414
overeenstemming	3.414
jaarlijks	3.414
meisjesnaam	3.414
ontstoken	3.414
away	3.414
doordringen	3.414
verhullen	3.414
opmerken	3.414
polo	3.414
zogezegd	3.414
gesignaleerd	3.414
werp	3.414
rechtmatige	3.414
cks321	3.414
infrarood	3.414
lijve	3.414
vrijgeven	3.414
salazar	3.414
klaarkomen	3.414
bloeien	3.413
prescott	3.413
klaargemaakt	3.413
rampen	3.413
ontspanning	3.413
leent	3.413
koest	3.413
verstreken	3.413
gelegenheden	3.413
dikwijls	3.413
bedwingen	3.413
eureka	3.413
geleidelijk	3.413
gevulde	3.413
muggen	3.413
elisabeth	3.413
biljoen	3.413
wetend	3.412
freud	3.412
beschermende	3.412
luchtsluis	3.412
hens	3.412
vijven	3.412
races	3.412
bespraken	3.412
pokken	3.412
finish	3.412
zelfgemaakte	3.412
artistieke	3.412
ros	3.412
mits	3.412
wellington	3.412
buitenlands	3.412
obstakel	3.412
cruciale	3.412
constructie	3.412
levensvorm	3.412
jobs	3.412
dat-ie	3.412
kwijtraakt	3.412
salvatore	3.412
kusjes	3.412
wegbrengen	3.412
genootschap	3.412
sentimentele	3.412
berry	3.412
beaumont	3.412
microscoop	3.412
dublin	3.411
bubbelbad	3.411
factoren	3.411
argwaan	3.411
karaoke	3.411
marlene	3.411
odo	3.411
nalatigheid	3.411
chef-kok	3.411
betreur	3.411
titus	3.411
misleiding	3.411
breiden	3.411
achterkomen	3.410
riepen	3.410
toespraken	3.410
mank	3.410
rommelen	3.410
bloody	3.410
huurling	3.410
ming	3.410
beschermengel	3.410
bindt	3.410
speeltjes	3.410
fin	3.410
ondervraag	3.410
amusant	3.410
loopbaan	3.410
noel	3.410
aziz	3.410
trick	3.410
verdoet	3.410
muiterij	3.410
chick	3.410
loods	3.410
garth	3.410
buitenstaanders	3.410
randen	3.410
ijdelheid	3.410
gekwalificeerd	3.409
plannetje	3.409
bullock	3.409
verpakking	3.409
ompraten	3.409
nietig	3.409
vrucht	3.409
koppige	3.409
halsketting	3.409
bloedverlies	3.409
fraaie	3.409
individuen	3.409
ballistiek	3.409
voorzorg	3.409
maris	3.408
carlson	3.408
aanbrengen	3.408
vrijkomen	3.408
kerry	3.408
joepie	3.408
catalogus	3.408
ni	3.408
illusies	3.408
randolph	3.408
schilderde	3.408
verzamelaar	3.408
toedoen	3.408
gepost	3.408
pletter	3.408
sol	3.408
dwongen	3.408
gebroeders	3.408
compenseren	3.408
clifford	3.407
verwijst	3.407
kniel	3.407
nichols	3.407
blijvend	3.407
regan	3.407
sollicitatiegesprek	3.407
laatje	3.407
conor	3.407
foyle	3.407
moses	3.407
stereo	3.407
bekrompen	3.407
adler	3.407
zeemeermin	3.407
kortsluiting	3.407
handlangers	3.407
horse	3.407
tractor	3.407
marokko	3.407
scouts	3.407
starbuck	3.406
ijsberg	3.406
onvermijdelijke	3.406
driemaal	3.406
vergaderzaal	3.406
millennium	3.406
meyers	3.406
presidentiële	3.406
sheffield	3.406
fascinerende	3.406
mill	3.406
videoband	3.406
ares	3.406
verschonen	3.406
aanvielen	3.406
josephine	3.406
teer	3.406
herkomst	3.406
quiz	3.406
afvoer	3.406
britney	3.406
hawke	3.406
droevige	3.406
afgelast	3.406
chanteerde	3.405
maestro	3.405
verheven	3.405
durant	3.405
onsterfelijke	3.405
vulde	3.405
pitt	3.405
onderpand	3.405
doven	3.404
keur	3.404
indische	3.404
authentiek	3.404
getuigde	3.404
schepsels	3.404
aandeelhouders	3.404
onervaren	3.404
zoveelste	3.404
onderdanen	3.404
celeste	3.404
avon	3.404
glijdt	3.404
janine	3.404
opgegaan	3.404
onopgemerkt	3.404
onderschatten	3.404
radioactieve	3.404
sletten	3.404
familiebedrijf	3.404
rie	3.404
doorbrengt	3.404
onderbewustzijn	3.404
gebak	3.404
blussen	3.404
uitwerken	3.404
liggende	3.404
goal	3.404
rukker	3.404
schorpioen	3.404
watjes	3.404
rijmt	3.403
getuigenbescherming	3.403
geklaagd	3.403
jah	3.403
drager	3.403
haken	3.403
concurreren	3.403
uitverkoren	3.403
terugbelt	3.403
schudde	3.403
mad	3.402
conner	3.402
dictator	3.402
veerboot	3.402
promoten	3.402
geklaard	3.402
escort	3.402
farmer	3.402
jurist	3.402
makkers	3.402
toegebracht	3.402
opwindende	3.402
sisko	3.402
afkeer	3.402
woningen	3.402
overtroffen	3.402
hampshire	3.402
pol	3.402
dansje	3.402
reserveren	3.402
hokje	3.402
kameel	3.402
delgado	3.402
brass	3.402
vijfduizend	3.401
nadruk	3.401
pension	3.401
gemengde	3.401
blikjes	3.401
toevluchtsoord	3.401
afgevaardigde	3.401
zakendoen	3.401
macaroni	3.401
cause	3.401
dreigementen	3.401
genees	3.400
pracht	3.400
spanningen	3.400
kimberly	3.400
geraak	3.400
temperaturen	3.400
verwekt	3.400
supergirl	3.400
flesjes	3.400
kledij	3.400
kreupel	3.400
oei	3.400
overwinningen	3.400
soda	3.400
goeden	3.400
herten	3.400
barlow	3.400
verjaardagsfeestje	3.400
vernielde	3.400
gewikkeld	3.400
darling	3.400
sleur	3.400
gescand	3.400
gelijken	3.400
afstaan	3.399
geheimzinnige	3.399
mengsel	3.399
co	3.399
toegetakeld	3.399
academy	3.399
bluffen	3.399
mejuffrouw	3.399
oorbel	3.398
deense	3.398
gemorst	3.398
gemaakte	3.398
nl	3.398
dolblij	3.398
islamitische	3.398
ontroerd	3.398
echtpaar	3.398
loopgraven	3.398
ergers	3.398
golfbaan	3.398
charge	3.398
cupcakes	3.398
key	3.398
weerhoudt	3.398
wekenlang	3.398
toelating	3.398
sweeney	3.398
behoeden	3.398
particuliere	3.398
saloon	3.398
noodoproep	3.398
vertraagt	3.398
navigatie	3.398
beademing	3.398
prime	3.397
noordelijk	3.397
cordelia	3.397
doorgronden	3.397
verstrikt	3.397
vertrouwden	3.397
gemeenteraad	3.397
verbazingwekkende	3.397
bekenden	3.397
gerukt	3.397
lunchtijd	3.397
dwalen	3.397
forge	3.397
maxine	3.396
depot	3.396
draper	3.396
vorderingen	3.396
jaarboek	3.396
garrison	3.396
overstroming	3.396
magiër	3.396
waarschuwt	3.396
igor	3.396
ip	3.396
whitey	3.396
homie	3.396
nebraska	3.396
liu	3.396
gevoelloos	3.396
opheffen	3.396
onveilig	3.396
obstakels	3.396
racistische	3.396
berkeley	3.396
overtreffen	3.396
crabtree	3.396
dre	3.396
uitspraken	3.396
gezichtsherkenning	3.396
kwelling	3.395
ijskoude	3.395
superster	3.395
fiasco	3.395
óf	3.395
hoofdcommissaris	3.395
inktvis	3.395
voorspelde	3.395
besliste	3.395
vlooien	3.395
schoolhoofd	3.395
vuurtoren	3.394
uitgedaagd	3.394
spoorlijn	3.394
uitvoert	3.394
voorspellingen	3.394
abdul	3.394
behoeftes	3.394
schaars	3.394
gedeelde	3.394
servet	3.394
marionet	3.394
poe	3.394
scoorde	3.394
gewoonten	3.394
opgeladen	3.394
masturberen	3.394
swain	3.394
kado	3.394
eenhoorn	3.394
waargenomen	3.394
desert	3.394
identiteiten	3.393
begrafenissen	3.393
highway	3.393
where	3.393
citeren	3.393
braun	3.393
ewing	3.393
heroverwegen	3.393
gloed	3.393
mme	3.393
nine	3.393
grafsteen	3.393
duwtje	3.393
verdubbel	3.393
francesca	3.393
omzet	3.393
olijven	3.393
omslag	3.393
speeltuin	3.393
zongen	3.392
tamara	3.392
lt	3.392
stoorde	3.392
gepijpt	3.392
tiny	3.392
reptielen	3.392
lu	3.392
waterstof	3.392
afging	3.392
demonstreren	3.392
afzien	3.392
bombardement	3.392
mossad	3.392
bret	3.392
calder	3.392
privileges	3.392
nope	3.392
overnieuw	3.392
cirkels	3.392
schuift	3.392
atf	3.392
lak	3.392
zwaaide	3.392
onterecht	3.392
ultra	3.392
wijden	3.392
boerderijen	3.392
putten	3.391
formaliteit	3.391
dia	3.391
uitkering	3.391
borgsom	3.391
turbulentie	3.391
ooggetuigen	3.391
tomaat	3.391
grissom	3.391
sterrenstelsel	3.391
goudmijn	3.391
blaren	3.391
arsenaal	3.391
ouderdom	3.391
potentie	3.391
sluiting	3.391
ski	3.391
apotheker	3.390
afkomt	3.390
escobar	3.390
noodsignaal	3.390
ooms	3.390
mit	3.390
afdelingen	3.390
trekje	3.390
nucleair	3.390
handmatig	3.390
smal	3.390
cotton	3.390
ruïnes	3.390
verzekerde	3.390
afwerken	3.390
strikte	3.390
lem	3.390
lan	3.390
nl-vertaling	3.390
bobo	3.390
beschermend	3.390
kathedraal	3.390
installatie	3.390
ethische	3.390
oké.	3.390
irving	3.390
homoseksuele	3.390
garderobe	3.390
hooiberg	3.390
misgegaan	3.390
bacterie	3.390
vrijgevig	3.390
lina	3.390
cleopatra	3.390
zenuwstelsel	3.389
banger	3.389
haha	3.389
havana	3.389
iv	3.389
zichtbare	3.389
luisterden	3.389
bomaanslag	3.389
firewall	3.389
zetje	3.389
verslaggevers	3.389
ouderschap	3.389
immuunsysteem	3.389
ondertiteld	3.389
moira	3.389
dogs	3.389
muzikale	3.389
rel	3.389
cabe	3.389
annette	3.389
lupin	3.389
voorzorgsmaatregelen	3.389
dát	3.389
opvatten	3.388
pantser	3.388
bladen	3.388
toedienen	3.388
irritante	3.388
herriot	3.388
aanstelling	3.388
bevredigen	3.388
koester	3.388
dichte	3.388
telefonisch	3.388
branch	3.388
wijsmaken	3.388
arbeider	3.388
chow	3.388
meteoriet	3.388
gehangen	3.388
jozef	3.388
mild	3.388
trouwjurk	3.388
désirée	3.388
gekropen	3.388
klasgenoten	3.388
cuddy	3.388
strips	3.388
beschikken	3.388
sneu	3.388
kristen	3.388
papiertje	3.388
axel	3.388
ijskast	3.388
vrijwilligerswerk	3.388
misselijkheid	3.388
bubba	3.387
sdi	3.387
benauwd	3.387
hopeloze	3.387
mensenlevens	3.387
steele	3.387
kermit	3.387
aanpakt	3.387
weerzien	3.387
moretti	3.387
handvat	3.387
richtingen	3.387
belastingdienst	3.387
toer	3.387
melodie	3.386
losgeslagen	3.386
pip	3.386
kapotgemaakt	3.386
aanpassing	3.386
stoofpot	3.386
hospital	3.386
godsdienst	3.386
hackers	3.386
gesmeekt	3.386
spioneren	3.386
zeventig	3.386
bz	3.386
peilingen	3.386
goodman	3.386
veters	3.386
thunderbird	3.386
concurrenten	3.386
continenten	3.386
dring	3.386
interpretatie	3.386
jimbo	3.385
silva	3.385
koppeling	3.385
morales	3.385
rabbijn	3.385
shaggy	3.385
calorieën	3.385
chicken	3.385
cylon	3.385
omleggen	3.385
spanjaarden	3.385
staakt	3.385
upper	3.385
cesar	3.385
welpen	3.385
forrest	3.385
azen	3.385
doorhad	3.385
hanteren	3.385
novak	3.385
fulltime	3.385
voerden	3.385
zielsveel	3.385
achtbaan	3.385
investeerder	3.385
bijwonen	3.385
keurt	3.385
sox	3.385
zelfrespect	3.385
westkust	3.385
geëindigd	3.385
gieren	3.385
blanche	3.385
onofficieel	3.385
pluk	3.385
komiek	3.385
gloeiend	3.384
opbergen	3.384
cheeseburger	3.384
herschrijven	3.384
foley	3.384
verduren	3.384
verontrust	3.384
gordo	3.384
kindjes	3.384
parking	3.384
strange	3.384
bieder	3.384
oplichterij	3.384
lollig	3.383
gelovigen	3.383
geweldigs	3.383
huidskleur	3.383
kousen	3.383
rechtszaken	3.383
vastzat	3.383
geserveerd	3.383
heller	3.383
inwoner	3.383
bendeleden	3.383
cage	3.383
andie	3.383
terugkomst	3.383
flats	3.383
aspecten	3.383
sherwood	3.383
vervloek	3.383
aangemoedigd	3.383
navid	3.383
milady	3.383
gescheurde	3.383
fysica	3.383
yakuza	3.383
motorfiets	3.383
quagmire	3.383
flexibel	3.383
bash	3.383
ricardo	3.383
ro	3.383
atleten	3.383
achterwerk	3.383
schildert	3.383
klinische	3.382
vreemdste	3.382
vladimir	3.382
onklaar	3.382
voorschriften	3.382
centauri	3.382
petje	3.382
landgenoten	3.382
bewonderde	3.382
gehandicapt	3.382
bandensporen	3.382
berger	3.382
tegenop	3.382
minimale	3.382
vaartuig	3.382
afhouden	3.382
leigh	3.382
dichtdoen	3.382
aanvallers	3.382
revolutionaire	3.381
schotwonden	3.381
mededogen	3.381
patsy	3.381
kampvuur	3.381
bestelt	3.381
verkopers	3.381
scanners	3.381
kunsten	3.381
implantaten	3.381
organismen	3.381
vlad	3.381
kreupele	3.381
nijdig	3.381
howie	3.381
beveiligen	3.381
parel	3.381
milkshake	3.381
uitziende	3.381
suggereer	3.381
analist	3.381
dar	3.381
huls	3.381
verbijsterd	3.381
schietbaan	3.381
radioactief	3.380
rockster	3.380
staaf	3.380
meningsverschil	3.380
gehersenspoeld	3.380
overleefden	3.380
gronde	3.380
sirenes	3.380
sharp	3.380
acceptabel	3.380
doodeng	3.380
lux	3.380
jaguar	3.380
voortreffelijk	3.379
luchtaanval	3.379
salt	3.379
binnenhalen	3.379
rampzalig	3.379
respectloos	3.379
aanbid	3.379
meteoor	3.379
vijfentwintig	3.379
woordvoerder	3.379
vergezocht	3.379
mega	3.378
gedetailleerd	3.378
onwetend	3.378
vi	3.378
levenswerk	3.378
wasserette	3.378
gepassioneerd	3.378
desondanks	3.378
plichten	3.378
bevredigend	3.378
oakland	3.378
vlugger	3.378
verkloten	3.378
jfk	3.378
triootje	3.378
patton	3.378
stofzuiger	3.378
ergst	3.378
wilbur	3.378
meenamen	3.378
avondmaal	3.378
aorta	3.378
langdurige	3.378
strakker	3.378
knecht	3.378
nana	3.378
gemaskerde	3.378
bestudeer	3.378
onderkomen	3.378
dusty	3.377
aanvankelijk	3.377
gepoetst	3.377
bands	3.377
jd	3.377
schijven	3.377
wenden	3.377
revolutionair	3.377
bumper	3.376
loopjongen	3.376
vacature	3.376
laster	3.376
kade	3.376
levendige	3.376
eye	3.376
werf	3.376
hotch	3.376
aluminium	3.376
voorleggen	3.376
strik	3.376
overtreedt	3.376
verbazing	3.376
trotseren	3.376
stroop	3.376
aankijkt	3.376
janeway	3.376
vloed	3.376
spons	3.376
kosmos	3.376
coup	3.376
vuiligheid	3.376
notaris	3.376
cnn	3.376
verbaasde	3.376
camilla	3.376
hansen	3.376
inheemse	3.376
mcbride	3.376
geplande	3.376
heter	3.376
ananas	3.376
gezwollen	3.376
files	3.376
normandië	3.376
benji	3.376
cortez	3.376
isoleercel	3.376
tal	3.375
presidentschap	3.375
signalement	3.375
bieb	3.375
resterende	3.375
proosten	3.375
embryo	3.375
heropenen	3.375
gangpad	3.375
states	3.375
alvorens	3.375
bartlett	3.375
brutus	3.375
volgers	3.375
machinegeweer	3.375
voorbarig	3.374
afhakken	3.374
verkiest	3.374
instabiel	3.374
erectie	3.374
regionale	3.374
tantes	3.374
hoorns	3.374
pegasus	3.374
hartstocht	3.374
tweeduizend	3.374
passeert	3.374
inkopen	3.374
moleculen	3.374
routes	3.374
spijbelen	3.374
gemeenschappelijk	3.374
geavanceerd	3.374
remy	3.374
schrijfster	3.374
sein	3.374
piekeren	3.374
experimentele	3.374
hour	3.374
blaadjes	3.374
hoogtevrees	3.374
heengegaan	3.374
duo	3.374
nichten	3.374
aangelegd	3.374
onnozele	3.374
pieper	3.374
tai	3.374
volbrengen	3.374
moody	3.374
klikte	3.374
terugval	3.374
langsgekomen	3.374
aanrijding	3.374
powers	3.374
beestjes	3.374
bestellingen	3.374
vatbaar	3.373
lachertje	3.373
ingenieurs	3.373
schiep	3.373
aanvaardt	3.373
misgaan	3.373
overspoeld	3.373
wetgeving	3.373
uitermate	3.373
lus	3.373
oppositie	3.373
hades	3.373
bette	3.373
constable	3.373
pineut	3.373
koord	3.373
uitwisselen	3.373
wetsvoorstel	3.373
begrafenisondernemer	3.373
asbak	3.373
zwavel	3.373
haastig	3.373
mythologie	3.373
samson	3.373
clip	3.373
humphries	3.373
hook	3.373
basil	3.373
wandelende	3.372
kill	3.372
kendra	3.372
plechtig	3.372
samenstellen	3.372
kusten	3.372
bijkomende	3.372
troef	3.372
plakband	3.372
eetzaal	3.372
nabijheid	3.372
spijkerbroek	3.372
boei	3.372
onmisbaar	3.372
praktische	3.372
psychiatrie	3.372
duffy	3.371
trainde	3.371
channing	3.371
imitatie	3.371
wonderbaarlijke	3.371
galerij	3.371
omhulsel	3.371
agatha	3.371
cove	3.371
verteren	3.371
godzilla	3.371
misdaadplek	3.371
audio	3.371
hilda	3.371
symptoom	3.371
fraser	3.371
meubilair	3.371
omheining	3.371
collectief	3.371
weerzinwekkend	3.371
gemold	3.371
onbetaalbaar	3.371
biopsie	3.371
sympathiek	3.371
gulle	3.371
kris	3.371
vloeiend	3.371
kono	3.371
richardson	3.371
hammer	3.371
terechtkomen	3.370
aardigs	3.370
vennoot	3.370
bewoner	3.370
dirty	3.370
aanleg	3.370
sovjet	3.370
corrigeren	3.370
tegenspoed	3.370
weggingen	3.370
wyoming	3.370
tell	3.370
terughoudend	3.370
regeringen	3.370
pritchard	3.370
afhangt	3.369
vallende	3.369
beveiligingssysteem	3.369
benutten	3.369
blijdschap	3.369
schroef	3.369
israëlische	3.369
metal	3.369
vervagen	3.369
ziekelijk	3.369
zachary	3.369
frequenties	3.369
cade	3.369
morning	3.369
hanger	3.369
georges	3.369
patrouilles	3.369
uitbreiding	3.369
dominion	3.369
com	3.369
jongetjes	3.369
bankoverval	3.369
gemeentehuis	3.369
beging	3.369
capaciteiten	3.369
superieuren	3.369
richel	3.368
baantjes	3.368
schroeven	3.368
netwerken	3.368
tegenspreken	3.368
tegenstand	3.368
kever	3.368
verbeterde	3.368
lampje	3.368
free	3.368
ontdekkingen	3.368
lukas	3.368
landry	3.368
rugby	3.368
petey	3.368
ogden	3.368
lyla	3.368
opwekken	3.368
verzorgde	3.368
tube	3.368
harteloos	3.368
doorwerken	3.367
kersen	3.367
gebruiker	3.367
noedels	3.367
zweeft	3.367
vierkant	3.367
griezelige	3.367
ouden	3.367
comeback	3.367
verwelkom	3.367
opkwam	3.367
tussenbeide	3.367
lennon	3.367
schooldag	3.366
bookmaker	3.366
charmes	3.366
instemmen	3.366
ineen	3.366
receptioniste	3.366
jansen	3.366
opgelegd	3.366
patrouilleren	3.366
verzette	3.366
oerwoud	3.366
geluncht	3.366
flauwvallen	3.366
elegante	3.366
titels	3.366
jeugdgevangenis	3.366
schakelt	3.366
syd	3.366
sinbad	3.366
verlinken	3.366
emile	3.366
roest	3.366
baba	3.366
balletje	3.366
nice	3.366
mineralen	3.366
ui	3.366
verras	3.366
our	3.365
illegaals	3.365
herladen	3.365
linden	3.365
gestrand	3.365
rebekah	3.365
hola	3.365
versierd	3.365
zoeker	3.365
koraal	3.365
deborah	3.365
bambi	3.365
rauwe	3.365
afschieten	3.365
goeienavond	3.365
mc	3.365
driehonderd	3.365
mayonaise	3.364
viagra	3.364
mouse	3.364
wouden	3.364
sceptisch	3.364
schacht	3.364
beestje	3.364
mutatie	3.364
gloednieuw	3.364
schrammetje	3.364
borstvoeding	3.364
aanvoelen	3.364
proctor	3.364
filosoof	3.364
verziekt	3.364
milly	3.364
zwerven	3.364
proefwerk	3.364
kras	3.364
korst	3.364
betoverend	3.364
pronken	3.363
wachtlijst	3.363
bohannon	3.363
romance	3.363
noord-amerika	3.363
augurken	3.363
zonnen	3.363
morgana	3.363
malaria	3.363
helpe	3.363
vernieling	3.363
overleving	3.363
karwei	3.363
traan	3.363
havik	3.363
siberië	3.363
onderwijzen	3.363
kammen	3.363
kutje	3.363
decennium	3.363
fragmenten	3.363
tex	3.363
onvindbaar	3.363
dommer	3.363
groetjes	3.363
rocco	3.363
geselecteerd	3.363
jr.	3.363
eland	3.363
groeven	3.363
protocollen	3.363
romans	3.363
bezetten	3.363
big0bertha	3.363
bijkomt	3.362
moederschip	3.362
orakel	3.362
pestkop	3.362
blaft	3.362
bofkont	3.362
gedonder	3.362
ezels	3.362
donner	3.361
shoppen	3.361
atomen	3.361
veldslag	3.361
praktijken	3.361
strategisch	3.361
hoofdbureau	3.361
jw	3.361
trixie	3.361
vuurde	3.361
gibbons	3.361
omgezet	3.361
narigheid	3.361
onbruikbaar	3.361
benadrukken	3.361
valium	3.361
geschrapt	3.361
luchtpijp	3.361
son	3.361
snuiven	3.361
duurste	3.361
cate	3.361
bladzijden	3.361
lowe	3.361
lobos	3.361
ikke	3.361
athena	3.361
toevertrouwd	3.360
atelier	3.360
getuigenbank	3.360
onderhandelaar	3.360
sync.	3.360
nadoen	3.360
zometeen	3.360
syfilis	3.360
afgevaardigden	3.360
losser	3.360
hogan	3.360
aannemelijk	3.360
excellent	3.360
tweelingbroer	3.360
drugsdealers	3.360
weghouden	3.360
moleculaire	3.360
psychiatrisch	3.359
gestikt	3.359
zenuw	3.359
reep	3.359
hieronder	3.359
quark	3.359
verrekijker	3.359
prepaid	3.359
aankomende	3.359
exotisch	3.359
louter	3.359
bonnen	3.359
acute	3.359
zegevieren	3.359
werven	3.359
dudley	3.359
need	3.359
alfabet	3.359
eduardo	3.359
perverse	3.359
commanderen	3.359
kalmeert	3.359
pennen	3.358
piepen	3.358
inkomend	3.358
loyale	3.358
intensive	3.358
erwten	3.358
klassen	3.358
oekraïne	3.358
vindingrijk	3.358
zalf	3.358
flikkers	3.358
populairste	3.358
arturo	3.358
solliciteren	3.358
noord-korea	3.358
sneeuwstorm	3.358
strandhuis	3.358
leveranciers	3.358
deo	3.358
metingen	3.358
caldwell	3.358
terri	3.358
overviel	3.358
eeuwenoude	3.358
stabiele	3.358
hyena	3.358
doorboord	3.358
petrus	3.358
onderdrukking	3.358
barclay	3.358
uitzitten	3.358
casper	3.358
rund	3.357
mcnamara	3.357
a.j.	3.357
fokken	3.357
wederzijdse	3.357
milhouse	3.357
flyer	3.357
singh	3.357
claimen	3.357
worstelt	3.357
drastisch	3.357
margo	3.357
regelrecht	3.356
hersentumor	3.356
huiszoeking	3.356
ongekende	3.356
ijdel	3.356
bloederig	3.356
inladen	3.356
afgegaan	3.356
belemmering	3.356
artefacten	3.356
klooien	3.355
levi	3.355
ontvoeringen	3.355
armand	3.355
kennissen	3.355
ade	3.355
instructeur	3.355
nullen	3.355
patent	3.355
diesel	3.355
essay	3.355
rain	3.355
vreedzame	3.355
cafe	3.355
voordien	3.355
hippe	3.355
con	3.355
lezingen	3.355
ruimt	3.355
unaniem	3.355
ne	3.355
perron	3.355
jaime	3.355
cecil	3.355
sterkere	3.355
joanie	3.355
gerechtshof	3.355
hardware	3.355
belfast	3.355
verdeel	3.355
mussolini	3.355
myka	3.355
kernwapens	3.355
zendertje	3.355
polsslag	3.355
davenport	3.355
tiet	3.355
kristin	3.355
ontruimen	3.355
beeldje	3.355
mildred	3.355
burgess	3.355
python	3.355
gillian	3.355
legitieme	3.354
consult	3.354
bevind	3.354
vergaderen	3.354
racisme	3.354
hernandez	3.354
verjagen	3.354
orson	3.354
pretty	3.354
zot	3.354
tyr	3.354
dubai	3.354
rechtsgang	3.354
maarje	3.354
verschrikkelijks	3.354
kraaien	3.354
vandalisme	3.353
penn	3.353
flanders	3.353
markham	3.353
ping	3.353
nieuwelingen	3.353
edelen	3.353
behoor	3.353
vrijgekomen	3.353
invoeren	3.353
vakanties	3.353
callahan	3.353
peel	3.353
filmde	3.353
joss	3.353
nottingham	3.353
trompet	3.353
betreuren	3.353
stikstof	3.353
zwakheden	3.353
derby	3.352
chimpansees	3.352
falcon	3.352
dixie	3.352
flyers	3.352
verspreidde	3.352
samenzijn	3.352
gebraden	3.352
eruitzien	3.352
verstikt	3.352
vrolijker	3.352
yup	3.352
waarnemen	3.352
echtwaar	3.352
ruis	3.352
onwettig	3.352
rovers	3.352
knopje	3.352
kennende	3.352
bajor	3.352
mystieke	3.352
inzoomen	3.352
rimpels	3.352
manu	3.352
slocombe	3.352
waartegen	3.352
voorvaderen	3.352
steentje	3.352
gekste	3.352
achterstevoren	3.352
keuren	3.352
columbo	3.351
verplichte	3.351
dergelijk	3.351
venezuela	3.351
instort	3.351
aanmelden	3.351
afgehaald	3.351
vruchtbaar	3.351
bink	3.351
legendarisch	3.351
langston	3.351
drukker	3.351
zoo	3.351
hemelen	3.351
doeken	3.351
boeman	3.351
only	3.351
matrozen	3.351
hoerenzoon	3.350
ontelbare	3.350
verknal	3.350
zwart-wit	3.350
herrijzen	3.350
kansloos	3.350
bas	3.350
verzwijgt	3.350
explosieve	3.350
building	3.350
xtc	3.350
tippen	3.350
leanne	3.350
zigeuner	3.350
ingrediënt	3.349
dimensies	3.349
ongemerkt	3.349
va	3.349
informeer	3.349
original-serie	3.349
rietje	3.349
tafeltje	3.349
opdook	3.349
op.	3.349
chopper	3.349
banket	3.349
toiletpapier	3.349
hospik	3.349
verminderd	3.349
sicilië	3.349
afmaakt	3.349
laurent	3.349
mindere	3.349
kader	3.349
bluebell	3.349
achterhaald	3.349
busstation	3.349
gepaste	3.349
overlast	3.349
toevlucht	3.349
richtlijnen	3.349
plezieren	3.349
krimpen	3.349
mediteren	3.349
bovenal	3.349
tsunami	3.349
medeplichtigheid	3.349
huisarts	3.348
veelbelovende	3.348
academische	3.348
rechtssysteem	3.348
spontane	3.348
mijden	3.348
england	3.348
picknicken	3.348
veronderstellen	3.348
tilt	3.348
wandelt	3.348
honderdduizend	3.348
duikers	3.348
terugkwamen	3.348
strijde	3.348
mai	3.348
essex	3.348
verbitterd	3.348
zonk	3.348
ziggy	3.348
afbranden	3.348
delegatie	3.348
elektronisch	3.347
verdubbeld	3.347
trage	3.347
mikken	3.347
toegankelijk	3.347
frame	3.347
maalt	3.347
overgrootvader	3.347
lunchpauze	3.347
telling	3.347
stink	3.347
badpak	3.347
jakkes	3.347
cosmo	3.347
besluipen	3.346
zuidwaarts	3.346
liefdes	3.346
omaha	3.346
processen	3.346
verbrak	3.346
nakomen	3.346
implantaat	3.346
yen	3.346
17e	3.346
ondervraagt	3.346
oprichter	3.346
brit	3.346
trad	3.346
christmas	3.346
luidspreker	3.346
aanspraak	3.346
gekweld	3.346
uitgepakt	3.346
gijzeling	3.346
berooft	3.346
damian	3.346
appeltaart	3.346
scooby	3.346
yorkshire	3.346
jameson	3.346
voorziet	3.346
chillen	3.346
telefoonnummers	3.346
dimmen	3.346
fischer	3.346
orgie	3.346
aanvoelt	3.345
nassau	3.345
alledrie	3.345
inbrengen	3.345
overgemaakt	3.345
nageslacht	3.345
popelen	3.345
double	3.345
neerbuigend	3.345
uitvechten	3.345
moppie	3.345
pittige	3.345
aanbiedingen	3.344
sleutelbeen	3.344
kwartaal	3.344
andreas	3.344
wasbeer	3.344
larkin	3.344
volstaan	3.344
speculeren	3.344
poesjes	3.344
petra	3.344
sec	3.344
waarmaken	3.344
bess	3.344
hamlet	3.344
doorhebben	3.344
kubus	3.344
massale	3.344
achterkamer	3.344
hulk	3.344
gynaecoloog	3.343
verste	3.343
dij	3.343
plot	3.343
hawks	3.343
howe	3.343
begane	3.343
verslaafden	3.343
timmerman	3.343
intellectuele	3.343
geraakte	3.343
presidenten	3.343
hiro	3.343
gruwel	3.343
mooiere	3.343
sneeuwt	3.343
sweater	3.343
bing	3.343
mensenrechten	3.343
darrin	3.343
vereiste	3.343
schorsen	3.343
onprofessioneel	3.343
voedselvergiftiging	3.343
beroemdste	3.343
opwarming	3.343
tongen	3.343
stralend	3.343
gokt	3.342
rondneuzen	3.342
micah	3.342
kwik	3.342
geloften	3.342
schakelde	3.342
laste	3.342
kijkcijfers	3.342
ori	3.342
rugdekking	3.341
prikt	3.341
marisol	3.341
aneurysma	3.341
mckinley	3.341
blijvende	3.341
uncle	3.341
snijwonden	3.341
klaarblijkelijk	3.341
woo	3.341
geboortedatum	3.340
deeg	3.340
wilma	3.340
harding	3.340
gunnar	3.340
doorreis	3.340
enron	3.340
stomste	3.340
ijsberen	3.340
overschreden	3.340
knus	3.340
inzitten	3.340
distributie	3.340
toegepast	3.340
onderling	3.340
connors	3.339
geuren	3.339
onderteken	3.339
drugsverslaafde	3.339
euhm	3.339
misten	3.339
beschikt	3.339
jericho	3.339
tito	3.339
sandwiches	3.339
kietelt	3.339
gerapporteerd	3.339
prullenbak	3.339
willa	3.339
gezegt	3.339
raf	3.339
bevriest	3.339
uitbreken	3.339
vrijgezellen	3.339
sunshine	3.339
neelix	3.339
faye	3.339
identificeerde	3.339
trappenhuis	3.339
durende	3.339
choi	3.339
keiharde	3.339
erfgoed	3.339
reddingsteam	3.339
alledaagse	3.339
geplunderd	3.339
uitwerpselen	3.339
hamster	3.339
schooier	3.339
breien	3.339
plateau	3.339
nochtans	3.339
mackey	3.339
noordoosten	3.339
waste	3.339
samoerai	3.339
science	3.339
passende	3.338
dienstmeid	3.338
karretje	3.338
sparky	3.338
afstanden	3.338
gecremeerd	3.338
story	3.338
verbluffend	3.338
odessa	3.338
suzy	3.338
bevooroordeeld	3.338
abnormale	3.338
uitdrukken	3.338
ambt	3.338
ripley	3.338
middellandse	3.338
stamboom	3.337
nobelprijs	3.337
jace	3.337
wandelde	3.337
please	3.337
poseren	3.337
istanbul	3.337
fergus	3.337
smeert	3.337
payne	3.337
ongehoorzaam	3.337
verwende	3.337
garnaal	3.337
toekomen	3.337
universiteiten	3.337
uithaalt	3.337
kijker	3.337
oorlogsheld	3.337
grimes	3.337
verschaffen	3.337
stagiair	3.337
bediend	3.337
mako	3.337
turbo	3.337
leugendetector	3.337
parket	3.336
trollen	3.336
overlijdt	3.336
jarod	3.336
specialisten	3.336
voorschrijven	3.336
bezorger	3.336
voorstander	3.336
kredietkaart	3.336
gieten	3.336
kneep	3.336
tienduizenden	3.336
lieftallige	3.336
gemaild	3.336
aanschouwen	3.336
ministers	3.336
bev	3.336
tovenaars	3.336
terugbrengt	3.336
terzijde	3.336
schelp	3.336
fundamentele	3.336
verongelukt	3.336
soap	3.336
proeft	3.336
slogan	3.336
slakken	3.336
klusjesman	3.336
keating	3.336
baasje	3.336
norfolk	3.336
nakomelingen	3.336
genomineerd	3.336
stuipen	3.336
french	3.336
santana	3.336
mouth	3.336
vechtend	3.336
heelhuids	3.336
wier	3.336
postzegels	3.336
journalistiek	3.336
gebruikers	3.336
voorgelogen	3.335
oosterse	3.335
eisenhower	3.335
huurauto	3.335
volstrekt	3.335
ruiten	3.335
casanova	3.335
dodd	3.335
onderzeeërs	3.335
inneemt	3.335
car	3.335
explodeerde	3.335
bbc	3.335
horace	3.335
darlene	3.335
negentig	3.335
lanceer	3.335
sedan	3.335
dorian	3.335
helse	3.335
levensverhaal	3.335
inbrekers	3.335
geroken	3.335
smallville	3.334
christelijk	3.334
bestelen	3.334
onderduiken	3.334
ongeboren	3.334
instellingen	3.334
cornell	3.334
aanzet	3.334
verdrink	3.334
gedetailleerde	3.334
12e	3.334
machinegeweren	3.334
hampton	3.334
replica	3.334
identieke	3.334
happen	3.334
plantage	3.334
pretpark	3.333
j.j.	3.333
smid	3.333
afschudden	3.333
smiley	3.333
annabelle	3.333
jacky	3.333
lulkoek	3.333
flank	3.333
universele	3.333
beweerd	3.333
navel	3.333
vertaal	3.333
onjuist	3.333
kil	3.333
kenzi	3.333
manicure	3.333
goliath	3.333
verhoging	3.333
bligh	3.333
roberta	3.333
ploegen	3.333
paso	3.333
radicaal	3.333
toepassen	3.333
gekletst	3.333
zeerste	3.333
manipuleert	3.332
waakzaam	3.332
gezegende	3.332
hypothese	3.332
ferris	3.332
adembenemend	3.332
kees	3.332
terugpakken	3.332
onwijs	3.332
wegjagen	3.332
meng	3.332
vloeit	3.332
afgezaagd	3.332
koolstof	3.332
mcqueen	3.332
poos	3.332
jodie	3.332
bewonderenswaardig	3.332
ringo	3.332
warmen	3.332
bestormen	3.332
doormidden	3.332
tepel	3.332
vertegenwoordigd	3.332
bekeren	3.332
seksualiteit	3.332
nathalie	3.332
dwarsbomen	3.332
heenging	3.332
overhand	3.332
stomdronken	3.332
crawley	3.332
glans	3.332
loonlijst	3.332
leidden	3.332
nederlands	3.332
oui	3.332
stang	3.332
afgehakt	3.331
gisternacht	3.331
jeukt	3.331
ambrose	3.331
patti	3.331
spears	3.331
onzekere	3.331
opsteken	3.331
ipod	3.331
afweten	3.331
nachtkastje	3.331
bijles	3.331
voorwaardelijke	3.331
zinkt	3.331
gestreden	3.331
kuikens	3.331
oja	3.331
mandje	3.331
transformeren	3.331
greintje	3.331
dansende	3.331
bv	3.331
infrastructuur	3.331
aankloppen	3.331
hamburg	3.331
clubhuis	3.330
zuidwesten	3.330
georgetown	3.330
showtime	3.330
rolde	3.330
chakotay	3.330
penarie	3.330
onvergeeflijk	3.330
fidel	3.330
primeur	3.330
jakob	3.330
staatspolitie	3.330
hubert	3.330
nimmer	3.330
chevy	3.330
amandelen	3.330
papi	3.330
gaston	3.330
pup	3.330
schroot	3.330
wonderland	3.330
hijsen	3.330
handige	3.329
karakters	3.329
botste	3.329
alistair	3.329
bankiers	3.329
datzelfde	3.329
inspector	3.329
geplakt	3.329
verduistering	3.329
gezichtje	3.329
hebberig	3.329
borstel	3.329
gekopieerd	3.329
ijsjes	3.329
monden	3.329
opereert	3.329
aanraak	3.329
koran	3.329
casa	3.329
a-team	3.329
mp	3.329
evenementen	3.329
block	3.329
zwaan	3.329
aanblik	3.329
weir	3.329
mom	3.329
jem	3.329
besmette	3.329
gluiperd	3.329
moordende	3.329
paragraaf	3.329
verkoos	3.329
populatie	3.328
nieuw-zeeland	3.328
benul	3.328
ellebogen	3.328
balk	3.328
verstoring	3.328
binnendringen	3.328
poole	3.328
parallel	3.328
aandrijving	3.328
birkoff	3.328
bespeeld	3.328
rad	3.328
verwaarloosd	3.328
beseften	3.328
idaho	3.328
niko	3.328
vasquez	3.328
scottie	3.328
verraderlijke	3.328
dickens	3.328
eiser	3.328
scofield	3.328
uitleveren	3.328
verkenner	3.327
hergroeperen	3.327
synthetische	3.327
maigret	3.327
simpeler	3.327
glimmende	3.327
weerloos	3.327
rica	3.327
rygel	3.327
cutter	3.327
donaties	3.326
bombardementen	3.326
newport	3.326
jeffries	3.326
emmy	3.326
toepasselijk	3.326
ophelderen	3.326
sensor	3.326
brochure	3.326
veeleisend	3.326
scherven	3.326
ontsnapten	3.326
belgische	3.326
blade	3.326
gefotografeerd	3.326
hoofdweg	3.326
alligator	3.326
everest	3.326
lemmet	3.326
olsen	3.326
moedigen	3.326
zwakken	3.326
boeket	3.326
oefent	3.326
stonk	3.326
hakt	3.326
gevangengenomen	3.326
jolly	3.326
republikein	3.326
eskader	3.326
klaarlichte	3.325
cromwell	3.325
ethisch	3.325
mok	3.325
huurmoordenaars	3.325
bene	3.325
aktetas	3.325
apaches	3.325
katholieken	3.325
inging	3.325
ondersteunt	3.325
rafael	3.325
evalueren	3.325
vellen	3.325
gemiste	3.325
memoires	3.325
sterrenstelsels	3.325
plast	3.325
fury	3.325
dansten	3.325
bereikten	3.325
anatomie	3.325
c.j.	3.325
voortvluchtig	3.325
forbes	3.325
viespeuk	3.325
uitsteken	3.325
uitsmijter	3.325
gesmokkeld	3.325
sterfgevallen	3.325
herenigd	3.325
vreemdgaan	3.325
stapels	3.325
strippen	3.325
onvoorwaardelijk	3.325
soortgelijke	3.325
vingernagels	3.325
opgebeld	3.325
tarief	3.325
sedert	3.325
huize	3.325
uitgespookt	3.324
zitje	3.324
liegende	3.324
bendelid	3.324
achtervolg	3.324
kachel	3.324
locale	3.324
verlamming	3.324
psychopaten	3.324
gebaren	3.324
activa	3.324
omzetten	3.324
download	3.324
zonnig	3.324
volt	3.323
superieure	3.323
anus	3.323
geklommen	3.323
lucius	3.323
autodiefstal	3.323
printer	3.323
parttime	3.323
optocht	3.323
me.	3.323
aanzit	3.323
nabestaanden	3.323
psych	3.322
charming	3.322
topper	3.322
mar	3.322
ladingen	3.322
sinatra	3.322
soft	3.322
kluns	3.322
zakjes	3.322
geschriften	3.322
biljet	3.322
aura	3.322
herpes	3.322
deelnemer	3.322
motors	3.321
lodge	3.321
zoende	3.321
vijandigheid	3.321
flauwe	3.321
opmars	3.321
diva	3.321
divisies	3.321
schuilkelder	3.321
kippenvel	3.321
waanzinnige	3.321
kindermeisje	3.321
noodzakelijke	3.321
verwanten	3.321
musketiers	3.321
dagboeken	3.321
tesla	3.321
doodvonnis	3.321
benodigde	3.321
biografie	3.321
parallelle	3.321
kuuroord	3.321
verslinden	3.321
ocean	3.321
diskrediet	3.321
thuiskom	3.321
huiskamer	3.321
opzeggen	3.321
meedelen	3.321
trofeeën	3.321
kinky	3.321
ijstijd	3.321
verbreek	3.321
verknalde	3.321
asher	3.321
oppervlakkige	3.320
overgestoken	3.320
opgaat	3.320
gareth	3.320
sa	3.320
geronimo	3.320
wemelt	3.320
overgeeft	3.320
feestmaal	3.320
fotografie	3.320
verfijnd	3.320
journaal	3.320
annuleer	3.320
ernesto	3.320
hallucinatie	3.319
por	3.319
vereffenen	3.319
manson	3.319
ness	3.319
driedubbele	3.319
smijt	3.319
berichtjes	3.319
dominante	3.319
dominique	3.319
herdenking	3.319
ontwierp	3.319
sterrenschip	3.319
aansprakelijk	3.319
bouwplaats	3.318
superhelden	3.318
privé-leven	3.318
arlene	3.318
woog	3.318
gruber	3.318
terugkrijgt	3.318
helicopter	3.318
fe	3.318
stopzetten	3.318
aanbidt	3.318
neutraliseren	3.318
gerechtvaardigd	3.317
incisie	3.317
cast	3.317
filmt	3.317
verschilt	3.317
rendieren	3.317
boetes	3.317
vervuiling	3.317
hints	3.317
fda	3.317
opvallende	3.317
verstoten	3.317
estelle	3.317
bubbels	3.317
healy	3.317
bestudeert	3.317
overgelopen	3.317
sunset	3.317
bartowski	3.317
eigenhandig	3.317
plastisch	3.317
sst	3.317
ronny	3.317
squashy06	3.317
beslissende	3.317
un	3.317
uitlaat	3.317
genieën	3.317
fiches	3.317
os	3.317
blondine	3.317
rowan	3.317
discriminatie	3.317
meneertje	3.317
voortbestaan	3.317
tibet	3.316
allerlaatste	3.316
privilege	3.316
brownies	3.316
antonius	3.316
schoonmaker	3.316
verrassende	3.316
arabier	3.316
genesis	3.316
onderworpen	3.316
bonjour	3.316
blunder	3.316
wangedrag	3.316
eik	3.316
afbeeldingen	3.316
supervisor	3.316
onlogisch	3.316
voorspelt	3.316
krullen	3.316
broodrooster	3.315
doorbracht	3.315
davina	3.315
beleg	3.315
cakejes	3.315
donkerder	3.315
juice	3.315
chillywitch	3.315
uitgelachen	3.315
buffer	3.314
beef	3.314
addertje	3.314
levensgevaarlijk	3.314
slechtere	3.314
baksteen	3.314
gelijkheid	3.314
usb-stick	3.314
pijnloos	3.314
identificeer	3.314
virussen	3.314
wroeging	3.314
weren	3.314
vancouver	3.314
handeling	3.313
rhys	3.313
angstaanjagende	3.313
dromer	3.313
verteerd	3.313
meebracht	3.313
spreker	3.313
padvinder	3.313
prikkelbaar	3.313
vu	3.313
cahill	3.313
mother	3.313
bloedneus	3.313
videospelletjes	3.313
gedoucht	3.313
reuben	3.313
vurige	3.312
opwinden	3.312
passage	3.312
sites	3.312
alpen	3.312
gekaapt	3.312
offline	3.312
omdoen	3.312
deurbel	3.312
uitbuiten	3.312
aanstaat	3.312
tirannie	3.312
mensenleven	3.312
knijpt	3.312
schokken	3.312
achterhouden	3.312
schommel	3.312
wesen	3.312
bright	3.312
comedy	3.312
ijsthee	3.312
accuraat	3.312
darby	3.312
gaje	3.312
sociopaat	3.312
ontspant	3.312
flirtte	3.312
bochten	3.312
uitga	3.312
soa	3.312
thad	3.312
uithouden	3.312
hedendaagse	3.312
lijkschouwing	3.312
clem	3.312
esteban	3.312
gegil	3.312
helga	3.312
aandachtig	3.312
elle	3.312
geplet	3.312
betrek	3.312
weeg	3.312
breekbaar	3.312
running	3.312
transmissie	3.311
zwom	3.311
reconstructie	3.311
testte	3.311
zonnetje	3.311
ronduit	3.311
lijfwachten	3.311
inzit	3.311
legen	3.311
verspreiding	3.311
bloedtest	3.311
organiseerde	3.311
puls	3.311
afwassen	3.311
vista	3.311
misbruikte	3.311
ta	3.311
behalen	3.311
snot	3.311
ballerina	3.310
bevrijdt	3.310
energiebron	3.310
delicaat	3.310
binnengedrongen	3.310
verhuurd	3.310
kooien	3.310
ik-	3.310
hippies	3.310
varkentje	3.310
schatkist	3.310
mira	3.310
gewisseld	3.310
log	3.310
ondeugende	3.310
signeren	3.310
chung	3.310
hoopvol	3.310
uiteinde	3.309
ongebruikelijke	3.309
afbetalen	3.309
brouwerij	3.309
gepensioneerd	3.309
inzake	3.309
verscholen	3.309
kroning	3.309
aangetoond	3.309
smullen	3.309
psychose	3.309
materieel	3.309
pandora	3.309
twijfelachtig	3.309
meebrengt	3.309
carmine	3.309
luipaard	3.309
su	3.309
gespeld	3.309
toegangscode	3.309
kaneel	3.309
loont	3.309
connell	3.309
rechtzaal	3.309
tsaar	3.308
tru	3.308
play	3.308
linkshandig	3.308
prentiss	3.308
forum	3.308
rukt	3.308
zwembroek	3.308
erf	3.308
wegrotten	3.308
afneemt	3.308
whitman	3.308
sacramento	3.308
concentreert	3.308
verlangde	3.308
murph	3.308
overnam	3.308
aders	3.308
faciliteiten	3.308
beleefde	3.308
databank	3.308
afslachten	3.308
algen	3.308
aangaande	3.308
operations	3.308
communisme	3.308
parkeerterrein	3.308
j.r.	3.308
eveneens	3.308
delilah	3.308
aangeboren	3.308
dinsdagavond	3.308
boterhammen	3.308
luide	3.308
verjaardagscadeau	3.308
mystique	3.308
muze	3.308
nootjes	3.308
tyfus	3.308
ale	3.307
gekheid	3.307
geslepen	3.307
tea	3.307
stieren	3.307
kraak	3.307
vroedvrouw	3.307
valk	3.307
langsgaan	3.307
markeren	3.307
kraai	3.307
interactie	3.307
could	3.307
getraumatiseerd	3.307
reflexen	3.307
ya	3.307
onnatuurlijk	3.307
roeren	3.306
sinaasappelsap	3.306
lowell	3.306
zelda	3.306
branche	3.306
doekjes	3.306
ashton	3.306
lone	3.306
romero	3.306
meningsuiting	3.306
uitgave	3.306
bono	3.306
opgraving	3.306
afkickkliniek	3.306
loste	3.306
organiseer	3.306
meppen	3.306
veiligheids	3.306
landelijke	3.306
mystic	3.306
broccoli	3.306
uitschrijven	3.306
weggegeven	3.306
carlisle	3.306
infecties	3.306
simpsons	3.306
krijgsgevangenen	3.306
kookte	3.305
bezuinigen	3.305
overweldigd	3.305
farmaceutische	3.305
garandeert	3.305
gel	3.305
spaart	3.305
daarnaar	3.305
`n	3.305
voorproefje	3.305
goodwin	3.305
etiket	3.305
milwaukee	3.305
dodencel	3.305
bazig	3.305
elfen	3.305
kwijlen	3.305
volhoudt	3.305
bestuurde	3.305
tully	3.305
vastgezet	3.305
roxton	3.305
achterbakse	3.305
vechtpartij	3.305
koperen	3.304
renbaan	3.304
heldin	3.304
wijziging	3.304
reflectie	3.304
traumatische	3.304
ko	3.304
verdenk	3.304
reserves	3.304
ademde	3.304
ééntje	3.303
slak	3.303
fluister	3.303
marcia	3.303
fitch	3.303
bellamy	3.303
judd	3.303
graves	3.303
basketballen	3.303
palermo	3.303
saga	3.303
verjaardagsfeest	3.303
mcgarrett	3.303
merrick	3.303
penicilline	3.303
moreno	3.303
feng	3.303
vergoeden	3.303
kevers	3.303
plutonium	3.303
robertson	3.303
weiss	3.303
dahlia	3.303
héél	3.303
thatcher	3.303
injecteren	3.303
jat	3.303
achterwege	3.303
talyn	3.303
mi5	3.303
gesprekje	3.303
lastpost	3.303
overplaatsen	3.303
cello	3.303
ondertekende	3.303
meegekomen	3.303
verkeerscamera	3.303
ontrafelen	3.303
brutaliteit	3.303
skywalker	3.303
vermindert	3.302
afgezant	3.302
doorgaans	3.302
lenzen	3.302
verwijzen	3.302
onbekenden	3.302
teder	3.302
teddybeer	3.302
bespot	3.302
uitwissen	3.302
volmacht	3.302
dierlijke	3.302
compton	3.302
optimisme	3.302
gecompliceerde	3.302
hornblower	3.302
dunbar	3.302
versies	3.302
patiënte	3.302
gegokt	3.302
luiken	3.302
catastrofe	3.302
onverklaarbare	3.302
bok	3.302
intersect	3.302
ingepikt	3.302
teyla	3.301
domheid	3.301
ongekend	3.301
salsa	3.301
donderdagavond	3.301
willard	3.301
postbus	3.301
treuren	3.301
officiers	3.301
weggerend	3.301
wijzigingen	3.301
marx	3.301
indenken	3.301
afspeelt	3.301
richter	3.301
gelokaliseerd	3.301
aaien	3.301
lipstick	3.301
zhaan	3.301
sinaasappel	3.301
douches	3.301
gekidnapt	3.301
selma	3.301
sappige	3.300
sergeant-majoor	3.300
regeert	3.300
logen	3.300
krypton	3.300
vochtige	3.300
mayo	3.300
jongeheer	3.300
octopus	3.300
antidepressiva	3.300
crashen	3.300
voorhand	3.300
dopen	3.300
herbouwen	3.299
wijngaard	3.299
brandschoon	3.299
gebleken	3.299
inch	3.299
kruk	3.299
egyptenaren	3.299
inspireert	3.299
mission	3.299
voortgang	3.299
hartley	3.299
snoeren	3.299
groef	3.299
oi	3.299
kappa	3.299
gabriël	3.299
aanneem	3.299
blokkeer	3.298
sos	3.298
think	3.298
waarneming	3.298
expositie	3.298
glass	3.298
zelfingenomen	3.298
gemoord	3.298
gaines	3.298
besmetten	3.298
wapenhandelaar	3.298
sappig	3.298
veldwerk	3.298
slippers	3.298
beloofden	3.298
pluto	3.298
della	3.298
gerechtsgebouw	3.297
rafe	3.297
14e	3.297
gefinancierd	3.297
inspecteurs	3.297
schoolfeest	3.297
franny	3.297
schijnwerpers	3.297
familienaam	3.297
farnon	3.297
army	3.297
vergaren	3.297
darla	3.297
attractie	3.297
scheids	3.297
rourke	3.297
dina	3.297
krankzinnigheid	3.297
ventilatie	3.297
instorting	3.297
twist	3.297
carnaval	3.297
werner	3.297
canadezen	3.297
pinnen	3.297
naderhand	3.297
staatssecretaris	3.297
transporter	3.297
glimlacht	3.297
ditmaal	3.297
studentenhuis	3.297
chronische	3.297
gebeurden	3.297
inschatten	3.297
nikkers	3.297
buckingham	3.297
meloen	3.297
braaksel	3.297
5e	3.297
sterkers	3.296
dijbeen	3.296
buikje	3.296
brandhout	3.296
appeltje	3.296
warschau	3.296
arkady	3.296
arlo	3.296
erotische	3.296
bloedcellen	3.296
liverpool	3.296
naaide	3.296
continue	3.296
clary	3.296
creativiteit	3.296
bekers	3.296
merendeel	3.296
donkerste	3.296
zomerkamp	3.296
loze	3.295
terugvechten	3.295
i-ik	3.295
felicitaties	3.295
doodziek	3.295
afbetaald	3.295
gierig	3.295
onrechte	3.295
dna-test	3.295
temmen	3.295
gymzaal	3.295
smaakte	3.295
boezem	3.295
manifest	3.295
kietelen	3.295
barones	3.295
nieuwsgierige	3.295
amusement	3.295
jekyll	3.295
alejandro	3.295
kang	3.295
geketend	3.294
emilio	3.294
bewonderd	3.294
tegenaanval	3.294
reconstrueren	3.294
vete	3.294
airconditioning	3.294
dichten	3.294
meegedaan	3.294
blinddoek	3.294
overtuigt	3.294
uitgekeken	3.294
ganzen	3.294
quincy	3.294
vastgezeten	3.294
weekendje	3.294
hearst	3.294
vastmaken	3.294
halsslagader	3.294
voight	3.294
slachthuis	3.293
griff	3.293
il	3.293
capone	3.293
onmenselijk	3.293
uploaden	3.293
gejuich	3.293
bewegende	3.293
anubis	3.293
junkies	3.293
afkorting	3.293
garanties	3.293
wijfje	3.293
nemo	3.293
roulette	3.293
voorafgaand	3.293
verovering	3.293
hersenletsel	3.293
radeloos	3.293
lidmaatschap	3.293
fakkel	3.293
subtiele	3.293
tussendoor	3.293
regelmatige	3.293
palestina	3.293
verplaatste	3.293
indicatie	3.293
spreid	3.293
georgina	3.293
afzender	3.293
azijn	3.292
verzwakken	3.292
spirit	3.292
kerstcadeau	3.292
herleven	3.292
starling	3.292
verrekt	3.292
hulzen	3.292
cbi	3.292
ordinaire	3.292
weegschaal	3.292
toespreken	3.292
horde	3.292
flores	3.292
interesseerde	3.292
ongezond	3.292
moordaanslag	3.292
aires	3.292
zwakste	3.292
drijvende	3.292
noordwesten	3.292
spannender	3.292
regenjas	3.292
explodeert	3.291
vulkanische	3.291
narcose	3.291
uitslapen	3.291
hess	3.291
lancelot	3.291
ge-sms	3.291
confronteerde	3.291
vernam	3.291
newark	3.291
scorpius	3.291
verwijzing	3.291
vrijkwam	3.291
inside	3.291
fast	3.291
feeën	3.291
galg	3.291
kieran	3.291
meemaakt	3.291
gechanteerd	3.291
afgevoerd	3.291
gehaktbrood	3.291
verliefde	3.291
bedenkingen	3.291
huilende	3.291
zegje	3.291
thuisblijven	3.291
psychotisch	3.291
meerderen	3.291
lords	3.291
keerden	3.291
killian	3.291
raoul	3.291
doorverbinden	3.291
paxton	3.291
selina	3.291
neushoorn	3.291
israel	3.291
mug	3.291
backstage	3.291
gandhi	3.291
toebrengen	3.291
lesbienne	3.291
aanrecht	3.291
dwaasheid	3.291
colombiaanse	3.291
koppijn	3.290
bepraten	3.290
alfie	3.290
aangezicht	3.290
schadevergoeding	3.290
persé	3.290
proteïne	3.290
oogpunt	3.290
gob	3.290
vonken	3.290
romanticus	3.290
gekkie	3.290
driscoll	3.290
waarschuwingen	3.290
nabije	3.290
komma	3.290
jaja	3.290
schizofrenie	3.290
opdoen	3.289
abbie	3.289
smokkelde	3.289
trutteke	3.289
ehbo	3.289
gracias	3.289
hera	3.289
opwachten	3.289
uitgewist	3.289
camerabeelden	3.289
aardigste	3.289
poeh	3.289
zijlijn	3.289
lockwood	3.289
tucson	3.288
roxanne	3.288
gespleten	3.288
fluisterde	3.288
verbetert	3.288
moray	3.288
canadees	3.288
delaware	3.288
overschot	3.288
godallemachtig	3.288
wek	3.288
peuk	3.288
berechten	3.288
demonstranten	3.288
discussies	3.288
waarnemingen	3.288
jep	3.288
smeden	3.288
ontvingen	3.288
bibliothecaris	3.287
onheil	3.287
opdringerig	3.287
carmichael	3.287
bermuda	3.287
tijdbom	3.287
hebbe	3.287
wezel	3.287
sarge	3.287
opstappen	3.287
heidenen	3.287
lea	3.287
dempsey	3.287
alfredo	3.287
marshmallows	3.287
achterblijven	3.287
gordels	3.287
vuilnisbelt	3.287
bobbie	3.287
draagbare	3.287
iz	3.287
winslow	3.286
windsor	3.286
latere	3.286
dametje	3.286
hathaway	3.286
franc	3.286
ex-vriendje	3.286
lasers	3.286
mccann	3.286
resolutie	3.286
versailles	3.286
fabrikant	3.286
afgeslagen	3.286
overlijdensakte	3.286
subsidie	3.286
kernkop	3.286
tegengestelde	3.286
hoofdprijs	3.285
saigon	3.285
maaien	3.285
zuri	3.285
klerk	3.285
incasseren	3.285
lancaster	3.285
geschoven	3.285
pitten	3.285
hoofdingang	3.285
inkomende	3.285
terugtrekt	3.285
guido	3.285
bezuinigingen	3.285
ic	3.285
onderwater	3.285
tortelduifjes	3.285
kik	3.285
woonplaats	3.285
bijbrengen	3.285
aanzitten	3.285
verkrachters	3.285
verschuiven	3.285
gehuwd	3.285
voorgelezen	3.285
spuugt	3.285
gogh	3.285
versneld	3.285
schooljaar	3.285
luftwaffe	3.285
legitiem	3.285
exen	3.285
zelfmoordpoging	3.285
ebay	3.285
overtuigingen	3.285
bucky	3.285
puberteit	3.285
alternatieven	3.285
topher	3.285
heldhaftig	3.285
bordeaux	3.285
marla	3.285
begaafd	3.285
etalage	3.284
beenmerg	3.284
termieten	3.284
milord	3.284
francs	3.284
kes	3.284
gekleurd	3.284
easy	3.284
opgroeit	3.284
damestoilet	3.284
hongersnood	3.284
mier	3.284
gelijkspel	3.284
olivier	3.284
aldus	3.284
struikelen	3.284
hopend	3.284
diens	3.284
meevallen	3.284
misgelopen	3.284
hagen	3.284
tampa	3.284
rapper	3.284
hankmed	3.284
misstap	3.283
gringo	3.283
anti	3.283
middeleeuwse	3.283
osama	3.283
celsius	3.283
aangesproken	3.283
opensnijden	3.283
afgerekend	3.283
spreiden	3.283
about	3.283
uhtred	3.283
donders	3.282
much	3.282
fisk	3.282
scherpschutters	3.282
bons	3.282
meehelpen	3.282
salami	3.282
borgia	3.282
mccall	3.282
sjeik	3.282
verdraaide	3.282
ingeleverd	3.282
tonic	3.282
circuits	3.282
hewes	3.282
konten	3.282
pasten	3.282
earp	3.282
begraaft	3.282
mishandelde	3.282
moppen	3.282
schrobben	3.282
lexie	3.282
wurgde	3.282
samenvatting	3.282
flip	3.281
wonderkind	3.281
temperament	3.281
syndicaat	3.281
topless	3.281
privédetective	3.281
bestek	3.281
signor	3.281
nachtrust	3.281
beeldmateriaal	3.281
allicht	3.281
perzik	3.281
lont	3.280
beoordeel	3.280
ultimatum	3.280
food	3.280
psychiaters	3.280
bozer	3.280
zoutoplossing	3.280
restanten	3.280
tandenfee	3.280
havermout	3.280
bedekte	3.280
minderen	3.280
herhaald	3.280
lesbiennes	3.280
spectrum	3.280
aangelegenheid	3.280
vergaten	3.280
padvinders	3.280
dating	3.280
bekendmaken	3.280
aarzeling	3.280
ophoepelen	3.279
stoken	3.279
too	3.279
pops	3.279
wonderlijk	3.279
lima	3.279
yorkse	3.279
enkelband	3.279
kamelen	3.279
huisgenoten	3.279
salvador	3.279
nauwe	3.279
dieptepunt	3.279
zint	3.279
mendoza	3.279
kamergenoten	3.279
fifth	3.279
telefoongesprekken	3.279
worth	3.279
mcguire	3.279
intrigerend	3.279
respectvol	3.279
gezang	3.279
overeengekomen	3.279
stikte	3.279
stephens	3.279
tahiti	3.278
schillen	3.278
opdrachtgever	3.278
wekelijkse	3.278
downs	3.278
senatoren	3.278
behang	3.278
intuberen	3.278
schokkende	3.278
noodtoestand	3.278
prairie	3.278
afliep	3.278
lastiggevallen	3.278
dialoog	3.278
schitteren	3.278
hondjes	3.278
angelica	3.278
pasjes	3.278
bestraft	3.278
bespeelt	3.278
doorgegaan	3.278
onthulling	3.278
kinderarts	3.278
geboorteakte	3.278
koninginnen	3.278
albany	3.278
eu	3.278
testresultaten	3.278
livia	3.278
geëist	3.278
waldorf	3.278
noord-afrika	3.278
bureaucratie	3.278
gepensioneerde	3.278
toevertrouwen	3.278
inpikken	3.278
sexuele	3.278
verwittigen	3.278
puppies	3.278
waarlijk	3.278
voorteken	3.278
henrik	3.277
isoleer	3.277
correcte	3.277
anarchie	3.277
koestert	3.277
sage	3.277
vruchtbare	3.277
zhang	3.277
minister-president	3.277
buy	3.277
sinaasappels	3.277
kolonies	3.277
christendom	3.277
13e	3.277
websites	3.277
cyber	3.277
nashville	3.277
blackjack	3.277
evil	3.277
lyman	3.277
browning	3.277
bever	3.277
stro	3.277
achteruitgang	3.277
berijden	3.277
middelbaar	3.277
davidson	3.277
rationele	3.277
hulpdiensten	3.277
oorlogsschip	3.277
drievoudige	3.277
polis	3.277
treffer	3.277
controles	3.276
wijten	3.276
cheng	3.276
chanel	3.276
neersteken	3.276
herstelde	3.276
labiel	3.276
reëel	3.276
opstelling	3.276
yuan	3.276
vordert	3.276
boksers	3.276
bestudeerde	3.276
toelage	3.276
koptelefoon	3.276
travestiet	3.276
dunk	3.276
lotus	3.276
luka	3.276
kovac	3.276
luitjes	3.276
essentiële	3.276
uitgeeft	3.275
bandjes	3.275
stopgezet	3.275
glimlachte	3.275
portugal	3.275
frederik	3.275
terugslag	3.275
milan	3.275
ramos	3.275
safari	3.275
nightingale	3.275
duane	3.275
langskom	3.275
span	3.275
gedaante	3.275
curly	3.275
adios	3.275
dashboard	3.275
cecilia	3.274
kettingzaag	3.274
spray	3.274
tracker	3.274
oogwenk	3.274
wc-papier	3.274
statistisch	3.274
maden	3.274
nalaten	3.274
levensgevaar	3.274
shift	3.274
nummerbord	3.274
geobserveerd	3.274
jock	3.274
hailey	3.274
cunningham	3.274
harp	3.274
spiraal	3.274
spoorwegen	3.274
web-dl	3.273
fun	3.273
armbanden	3.273
inziet	3.273
microfoons	3.273
compromissen	3.273
vulcans	3.273
aartsbisschop	3.273
slijten	3.273
sluipschutters	3.273
golfclub	3.273
prinsesje	3.273
medina	3.273
weldoener	3.273
coachen	3.273
gewaardeerde	3.273
methaan	3.273
bloemist	3.273
frontale	3.273
alsje	3.273
rechtvaardige	3.273
gunther	3.273
ingetrapt	3.273
charmeur	3.273
asa	3.273
nadelen	3.273
nectar	3.273
duiker	3.273
traktatie	3.273
geschreeuwd	3.273
ruimtestation	3.273
skipper	3.273
kluizenaar	3.272
hogeschool	3.272
enger	3.272
design	3.272
ether	3.272
chiana	3.272
ingecheckt	3.272
reality	3.272
gerechtelijke	3.272
rizzo	3.272
garibaldi	3.272
kiss	3.272
turks	3.272
steiger	3.272
klapper	3.272
oververhit	3.272
flamingo	3.272
schoondochter	3.272
machtiger	3.271
ervaart	3.271
c-4	3.271
maandelijkse	3.271
opstond	3.271
jacqueline	3.271
vacuüm	3.271
weekends	3.271
rekruteren	3.271
coolste	3.271
dolan	3.271
waakt	3.271
gecombineerd	3.270
module	3.270
tuinieren	3.270
geruststellen	3.270
halfbroer	3.270
edinburgh	3.270
bullebak	3.270
trillingen	3.270
rodrigo	3.270
bombay	3.270
johnnie	3.270
afzetting	3.270
vermissing	3.270
verkiesbaar	3.270
bedien	3.270
strelen	3.270
q.	3.270
romano	3.270
intercom	3.269
buitenwijken	3.269
allejezus	3.269
enterprises	3.269
vurig	3.269
schizofreen	3.269
paparazzi	3.269
passeerde	3.269
aanwezigen	3.269
kelvin	3.269
holocaust	3.269
cavanaugh	3.269
afluisterapparatuur	3.269
docenten	3.269
earth	3.269
ondernemer	3.269
wekelijks	3.269
jessi	3.269
apprecieer	3.269
marcos	3.269
ontgaat	3.269
pang	3.269
verknipt	3.269
vermeden	3.269
gedagvaard	3.269
lamar	3.269
allergische	3.269
swing	3.269
vermelding	3.269
knuffels	3.269
concerten	3.269
visiontext	3.269
vervloeken	3.268
ka	3.268
projectiel	3.268
vermoeidheid	3.268
costello	3.268
managers	3.268
willem	3.268
verkeren	3.268
gunn	3.268
vloeistoffen	3.268
gallo	3.268
rembrandt	3.268
vegetarisch	3.268
samenleven	3.268
albuquerque	3.268
alexa	3.268
vliegend	3.268
lion	3.268
ongeldig	3.268
vakgebied	3.268
seh	3.268
klotezooi	3.267
cholesterol	3.267
ier	3.267
weigerden	3.267
print	3.267
camping	3.267
dorstig	3.267
pleziertje	3.267
drovers	3.267
effectieve	3.267
barakken	3.267
draadje	3.267
glazuur	3.267
scanlon	3.267
ingehaald	3.267
aangeraden	3.267
verbruikt	3.267
voice	3.267
poëtisch	3.267
robyn	3.267
berekening	3.267
gigi	3.267
toestanden	3.267
verkiezen	3.267
kungfu	3.266
tribunaal	3.266
watkins	3.266
preuts	3.266
bedje	3.266
administratieve	3.266
rizzoli	3.266
blaadje	3.266
figuurlijk	3.266
jachtgeweer	3.266
terechtkomt	3.266
barak	3.266
crown	3.266
verwaande	3.266
shorty	3.266
onderhandeld	3.266
kerncentrale	3.266
ophaalt	3.265
irwin	3.265
dickey	3.265
oprechtheid	3.265
vluggertje	3.265
gemoeten	3.265
oponthoud	3.265
21ste	3.265
chemotherapie	3.265
garnizoen	3.265
gedreigd	3.265
tracey	3.265
bevries	3.265
cher	3.265
monitoren	3.265
seeker	3.265
s1l3nc0r	3.265
stropers	3.265
marwan	3.265
emmers	3.265
rapporteert	3.265
vriest	3.265
meditatie	3.264
doorging	3.264
taiwan	3.264
fasers	3.264
thunder	3.264
testikels	3.264
mahoney	3.264
piccolo	3.264
lexington	3.264
aanhouding	3.264
zelfvernietiging	3.264
forces	3.264
neigingen	3.264
voorkwam	3.264
kenmerk	3.264
lenore	3.264
snob	3.264
erboven	3.264
volvo	3.264
beëindig	3.264
4e	3.264
lamb	3.263
farley	3.263
trinity	3.263
misty	3.263
epilepsie	3.263
mace	3.263
sponsors	3.263
voorzieningen	3.263
bevorderen	3.263
villen	3.263
townsend	3.263
bulldog	3.263
groten	3.263
schaamhaar	3.263
capitool	3.263
federal	3.263
palen	3.263
brandalarm	3.263
o.j.	3.263
verslapen	3.263
bosch	3.263
onbegrijpelijk	3.263
arresteerden	3.263
roe	3.263
aanklagers	3.263
piggy	3.263
fielding	3.263
gerespecteerde	3.262
beantwoordde	3.262
dover	3.262
beledigingen	3.262
knipoog	3.262
overgeleverd	3.262
impulsen	3.262
testosteron	3.262
honkbalknuppel	3.262
slapeloosheid	3.262
maguire	3.262
bedrieg	3.262
sterfbed	3.262
moriarty	3.262
france	3.262
manor	3.262
hackte	3.262
task	3.262
razendsnel	3.262
freelance	3.262
olaf	3.262
karin	3.262
knapt	3.262
gegoten	3.262
groentjes	3.262
onderzochten	3.262
openden	3.262
zulu	3.261
broertjes	3.261
yards	3.261
gekalmeerd	3.261
gehoorzaamheid	3.261
robby	3.261
borstkanker	3.261
vrijgevigheid	3.261
afzuigen	3.261
adalind	3.261
bradford	3.261
rekruut	3.261
oak	3.261
reportage	3.261
folders	3.261
herbie	3.261
afgeblazen	3.261
gerekruteerd	3.261
alcatraz	3.261
instaan	3.261
lucinda	3.261
vern	3.261
ying	3.261
crowe	3.261
sticker	3.261
pk	3.261
belangrijkst	3.260
weduwnaar	3.260
superkrachten	3.260
tje	3.260
abt	3.260
steekwond	3.260
hiccup	3.260
kopjes	3.260
mateo	3.260
videocamera	3.260
bypass	3.260
koevoet	3.260
minnie	3.260
besteedt	3.260
tracht	3.260
roestig	3.260
drugsbezit	3.260
verdoe	3.260
bewapende	3.260
lesbo	3.260
factuur	3.260
gal	3.260
dertiende	3.259
voortplanting	3.259
cultureel	3.259
hygiëne	3.259
omgelegd	3.259
kleedde	3.259
godfrey	3.259
supernova	3.259
verifiëren	3.259
geëlimineerd	3.259
welja	3.259
ijshockey	3.259
tia	3.259
storybrooke	3.259
gerold	3.259
jillian	3.259
schultz	3.259
bloedzuigers	3.259
gepantserde	3.259
cassette	3.259
allergieën	3.259
overgaat	3.259
aftreden	3.259
terugreis	3.259
halo	3.259
smijten	3.259
sparks	3.259
verderf	3.259
onderdirecteur	3.258
frankfurt	3.258
seintje	3.258
prater	3.258
dip	3.258
braddock	3.258
aflossen	3.258
likt	3.258
teruggeeft	3.258
symbolisch	3.258
garfield	3.258
roemenië	3.258
geheiligd	3.258
gelovige	3.258
gewichten	3.258
hersenbloeding	3.258
arc	3.258
vergelijkt	3.258
terugdoen	3.258
verdienste	3.258
onderdoor	3.258
moordt	3.258
moes	3.258
razernij	3.258
oordeelt	3.258
bingum	3.258
visa	3.258
markies	3.258
gokkers	3.258
boekte	3.258
achterbuurt	3.258
dubbeltje	3.258
epstein	3.258
prognose	3.258
goedzo	3.258
crowder	3.258
raaf	3.258
gill	3.258
bijgelovig	3.258
knik	3.258
omkwam	3.258
psychotische	3.258
mormel	3.258
suggereerde	3.258
ondenkbaar	3.258
gecodeerde	3.258
afrekening	3.258
geïnjecteerd	3.258
holloway	3.258
meedeed	3.258
plaatselijk	3.258
doorzoekt	3.257
days	3.257
gevreesde	3.257
permitteren	3.257
toeschouwers	3.257
rescue	3.257
gekruist	3.257
mendez	3.257
lightman	3.257
ontvoert	3.257
bristol	3.257
hepatitis	3.257
tonight	3.257
pakistaanse	3.257
bomber	3.257
frontlinie	3.257
verhit	3.257
kruisverhoor	3.257
gevreesd	3.257
immense	3.257
starbucks	3.257
overwint	3.256
swanson	3.256
omhels	3.256
dottie	3.256
rouwt	3.256
uitladen	3.256
stilstand	3.256
nacho	3.256
crusher	3.256
natuurkundige	3.256
csu	3.256
vertegenwoordigers	3.256
voorzichtigheid	3.256
kylie	3.256
toebehoort	3.256
normaliter	3.256
achtergebleven	3.256
u-boten	3.256
doch	3.256
hpd	3.256
afgrijselijk	3.255
tam	3.255
herstellende	3.255
grande	3.255
inchecken	3.255
mast	3.255
toegekomen	3.255
waanideeën	3.255
gilt	3.255
department	3.255
vrijaf	3.255
addy	3.255
ongepaste	3.255
kunstmatig	3.255
deirdre	3.255
abed	3.255
meegesleept	3.254
gehoorzaamt	3.254
latimer	3.254
potloden	3.254
staatsburger	3.254
vitaminen	3.254
ontleden	3.254
waarheden	3.254
sg-1	3.254
corporation	3.254
pretje	3.254
urn	3.254
aantreffen	3.254
cupcake	3.254
esposito	3.254
raina	3.253
boomer	3.253
kneuzing	3.253
gregor	3.253
knalt	3.253
brianna	3.253
profiteert	3.253
aldo	3.253
immoreel	3.253
popje	3.253
gebarsten	3.253
nummertje	3.253
lassie	3.253
tabitha	3.253
shaolin	3.253
officer	3.253
benefiet	3.253
struik	3.253
afgeschoten	3.253
bekwaamheid	3.253
monseigneur	3.253
vluchtten	3.253
klinisch	3.252
true	3.252
onvruchtbaar	3.252
openheid	3.252
haskell	3.252
openhartig	3.252
royaal	3.252
kuiken	3.252
jocelyn	3.252
opsporingsbericht	3.252
hadley	3.252
personeelszaken	3.252
belemmeren	3.252
uitnodigde	3.252
bowie	3.252
beveiligings	3.252
muntje	3.252
aangepaste	3.252
orka	3.252
2de	3.252
persoonlijkheden	3.252
rikki	3.252
skateboard	3.252
hakeem	3.252
shake	3.252
kleinigheid	3.252
scriptie	3.252
heerste	3.252
idool	3.252
neurologische	3.252
voortmaken	3.252
ad	3.252
troffen	3.251
schrapen	3.251
kapelaan	3.251
loomis	3.251
repetities	3.251
uitgezonderd	3.251
ondervroeg	3.251
allerbelangrijkste	3.251
brahms	3.251
ongelovige	3.251
lieverdje	3.251
bedelaar	3.251
muriel	3.251
sofie	3.251
rolschaatsen	3.251
luitenant-kolonel	3.251
voetafdruk	3.251
weduwen	3.251
babies	3.251
viola	3.251
slacht	3.251
elton	3.251
paradox	3.251
pinky	3.250
tandy	3.250
achterbak	3.250
fallon	3.250
overdreef	3.250
halfrond	3.250
prometheus	3.250
gadget	3.250
poema	3.250
aanvechten	3.250
slipjes	3.250
gladiator	3.250
traangas	3.250
teamleider	3.250
uhh	3.250
nicola	3.250
omroep	3.250
offerde	3.250
sd-6	3.250
ordinair	3.250
terugbetaald	3.249
bloedmonster	3.249
schaadt	3.249
raadde	3.249
algerije	3.249
fluistert	3.249
berucht	3.249
faal	3.249
guthrie	3.249
tactieken	3.249
close-up	3.249
thuisland	3.249
jeugdige	3.249
genadeloos	3.249
maia	3.249
talia	3.249
navarro	3.249
doorzichtig	3.249
trend	3.249
bankje	3.249
toeter	3.249
cochran	3.249
kessler	3.249
geboorteplaats	3.249
bloedlijn	3.249
genevieve	3.249
chavez	3.249
terence	3.249
onderduikadres	3.249
verwerpen	3.249
drill	3.249
onverschrokken	3.249
delphine	3.249
hendricks	3.248
boon	3.248
welvaart	3.248
volkeren	3.248
units	3.248
dienblad	3.248
grappenmaker	3.248
brandstapel	3.248
anderzijds	3.248
merrie	3.248
leopold	3.248
drift	3.248
koeler	3.248
zang	3.248
waarschijnlijke	3.248
werkzaam	3.248
diplomatie	3.248
kingston	3.248
perziken	3.248
r3p0	3.248
dreigende	3.248
impresario	3.248
rommie	3.248
rivaliteit	3.248
gezwommen	3.248
dronkenschap	3.248
opgetogen	3.248
donnelly	3.248
vernieuwen	3.247
tram	3.247
kamermeisje	3.247
marisa	3.247
mao	3.247
tekortkomingen	3.247
cliënte	3.247
paniekaanval	3.247
grootheid	3.247
osborne	3.247
communie	3.247
keep	3.247
omschreven	3.247
croft	3.247
persbericht	3.247
tolerantie	3.247
peer	3.247
massief	3.247
larven	3.247
surf	3.247
yoda	3.247
begeleidt	3.247
interpreteren	3.247
verouderd	3.247
flitsen	3.247
snavel	3.247
zweeds	3.247
cy	3.246
money	3.246
stervelingen	3.246
interface	3.246
thuiskomst	3.246
mixen	3.246
sleuren	3.246
wilhelm	3.246
folder	3.246
vliegvelden	3.246
aanbidder	3.246
tad	3.246
schedels	3.246
terugslaan	3.246
deelname	3.246
onderging	3.246
zenuwinzinking	3.246
bee	3.246
vaar	3.246
ontstonden	3.246
kabouter	3.246
artistiek	3.246
kwartjes	3.246
betonnen	3.246
hendrix	3.246
abdij	3.246
cactus	3.246
brittannië	3.246
soho	3.246
granville	3.246
arend	3.246
onderbroeken	3.246
vertoon	3.245
voorbijgaan	3.245
vitaal	3.245
raphael	3.245
recorder	3.245
plaste	3.245
adama	3.245
stapten	3.245
janey	3.245
onaangename	3.245
reservoir	3.245
uithangt	3.245
beveilig	3.245
recensie	3.245
rendier	3.245
californische	3.245
certificaat	3.245
zondagavond	3.245
gretig	3.245
squadron	3.245
nagellak	3.244
enkelen	3.244
markeringen	3.244
servetten	3.244
gehoeven	3.244
standje	3.244
bebloede	3.244
doorgestuurd	3.244
give	3.244
mak	3.244
nagegaan	3.244
geriskeerd	3.244
waldo	3.244
beauty	3.244
thorpe	3.244
massaal	3.244
talisman	3.244
verfijnde	3.243
mango	3.243
burnett	3.243
opsporing	3.243
bevoorrading	3.243
markten	3.243
knipt	3.243
ange	3.243
shaun	3.243
werkstuk	3.243
made	3.243
vooruitzichten	3.243
m`n	3.243
commercieel	3.243
bertha	3.243
vergrijp	3.243
oslo	3.243
coördineren	3.243
coast	3.243
helium	3.243
mik	3.243
ondernomen	3.243
omloop	3.243
kendrick	3.243
knokkels	3.243
uiting	3.243
titanium	3.242
uther	3.242
wetenschappen	3.242
wi-fi	3.242
battle	3.242
getuigd	3.242
text	3.242
cooler	3.242
griek	3.242
market	3.242
geïntimideerd	3.242
goudvis	3.242
bekeuring	3.242
markus	3.242
vergunningen	3.242
vergoten	3.242
rondhangt	3.242
yuki	3.242
lorelei	3.242
squad	3.242
detecteren	3.242
elfde	3.242
paddenstoelen	3.242
souvenirs	3.242
lezer	3.242
uitvindingen	3.242
ct-scan	3.242
vervoert	3.242
oostwaarts	3.242
congo	3.242
cannon	3.241
isa	3.241
kleppen	3.241
rozijnen	3.241
ellison	3.241
bashir	3.241
hurley	3.241
verachtelijk	3.241
aankopen	3.241
overgelaten	3.241
ontruim	3.241
opdonderen	3.241
jachthaven	3.241
gedateerd	3.241
koplampen	3.241
onaangekondigd	3.241
aanvulling	3.241
autopsierapport	3.241
vesting	3.241
inrichten	3.241
ondiep	3.241
mortimer	3.241
plaatsten	3.241
kleurtje	3.241
hattie	3.240
nino	3.240
koppie	3.240
dobbelstenen	3.240
vergeleek	3.240
toegenomen	3.240
legba	3.240
vrijwillige	3.240
lawine	3.240
roosteren	3.240
schaafwonden	3.240
jumper	3.240
muzikaal	3.240
vulgair	3.240
reece	3.240
intimiderend	3.240
serveert	3.240
marple	3.240
bedriegers	3.240
geëlektrocuteerd	3.240
breder	3.240
rolex	3.240
reflex	3.240
lekte	3.240
emmet	3.240
dwangbevel	3.240
geroerd	3.240
experimenteel	3.240
landelijk	3.239
sutter	3.239
stripboeken	3.239
some	3.239
grillen	3.239
proefkonijn	3.239
wonderlijke	3.239
mainframe	3.239
uitgebroken	3.239
navigator	3.239
populariteit	3.239
toegezegd	3.239
deodorant	3.239
toto	3.239
comfortabeler	3.239
vredige	3.239
betrokkenen	3.239
stamt	3.239
chico	3.239
vervuild	3.239
darhk	3.239
ontsteken	3.239
doodgestoken	3.239
marlowe	3.239
bewering	3.239
onvoorzichtig	3.239
helmen	3.239
prettiger	3.239
voedselketen	3.239
bennie	3.239
vinny	3.239
ingeving	3.239
onthoofden	3.239
splinter	3.239
terugkeerde	3.239
crow	3.239
marmer	3.239
verbanden	3.239
3d	3.239
doorweekt	3.239
uitdagend	3.238
daleks	3.238
sterveling	3.238
connelly	3.238
kicken	3.238
omhelzing	3.238
affectie	3.238
transfer	3.238
verdoemenis	3.238
hemingway	3.238
bedrijfsleven	3.238
operator	3.238
bekendheid	3.238
bijgekomen	3.238
teniet	3.238
nederigheid	3.238
backup	3.238
diepere	3.238
fossiel	3.238
princess	3.238
opgevraagd	3.238
tosh	3.238
sterrenbeeld	3.237
geramd	3.237
terzake	3.237
smokkel	3.237
tokke	3.237
programmeren	3.237
brandtrap	3.237
frodo	3.237
stalkt	3.237
eregast	3.237
opgeëist	3.237
loco	3.237
phelps	3.237
cardassianen	3.237
lasten	3.237
vergelijkingen	3.237
afgewerkt	3.237
fenton	3.237
circle	3.237
magda	3.237
bean	3.237
zorgzaam	3.237
tegenslagen	3.237
slapend	3.237
verdrinking	3.237
mokkel	3.237
medusa	3.237
bewaakte	3.237
brandi	3.237
volmaakte	3.237
rolling	3.237
chaotisch	3.237
darnell	3.237
mafkezen	3.237
roet	3.237
vermits	3.237
knikken	3.236
stunts	3.236
erft	3.236
stuiten	3.236
cincinnati	3.236
hands	3.236
bloedvaten	3.236
atoom	3.236
bewondert	3.236
schuldigen	3.236
beledigde	3.236
dion	3.236
immigratiedienst	3.236
eppes	3.236
antimaterie	3.236
oval	3.236
zuidkant	3.236
fundering	3.236
brenner	3.236
sjiek	3.236
intenties	3.236
kalmerend	3.236
vertoonde	3.236
actrices	3.236
weber	3.236
blokkeerde	3.236
cally	3.236
march	3.236
bijgehouden	3.236
pence	3.236
muller	3.236
rinkelt	3.235
het.	3.235
proefschrift	3.235
clancy	3.235
brokken	3.235
aloha	3.235
chucky	3.235
patrice	3.235
scrooge	3.235
voorschrift	3.235
sulu	3.235
raquel	3.235
consultant	3.235
velma	3.235
vervloekingen	3.235
hawthorne	3.235
omvat	3.235
keurige	3.235
monkey	3.235
travers	3.235
verpleeghuis	3.235
gerechten	3.235
reisden	3.235
uitgebracht	3.235
schattebout	3.235
sluipt	3.235
doorsturen	3.234
aangeschoten	3.234
scharen	3.234
samaritan	3.234
homerun	3.234
ettertje	3.234
drums	3.234
navelstreng	3.234
specificaties	3.234
cid	3.234
masterson	3.234
magdalena	3.234
plankton	3.234
illegalen	3.234
toegekend	3.234
triple	3.234
five-o	3.234
fijner	3.234
reageerden	3.234
gezind	3.234
rukte	3.234
moose	3.234
werktijd	3.234
keizerrijk	3.234
bolton	3.234
heath	3.234
geforceerd	3.233
tovenarij	3.233
kelner	3.233
macarthur	3.233
verzoekt	3.233
eethuis	3.233
herhaalde	3.233
rambo	3.233
flodders	3.233
sparta	3.233
bruikbare	3.233
afweet	3.233
uitlegt	3.233
peiling	3.233
rondrennen	3.233
bijkwam	3.233
elmo	3.233
onverschillig	3.233
berta	3.233
isobel	3.233
settelen	3.233
gezinnetje	3.233
stampen	3.233
lafheid	3.233
klopjacht	3.233
gage	3.233
ballingschap	3.233
deeltje	3.233
werkkamer	3.233
cinema	3.232
vluchtig	3.232
springlevend	3.232
twin	3.232
opendoet	3.232
izzie	3.232
glipte	3.232
kibbelen	3.232
eerbied	3.232
slip	3.232
bevorderd	3.232
uh-oh	3.232
volksgezondheid	3.232
mueller	3.232
andrei	3.232
astronomen	3.232
onethisch	3.232
blessure	3.232
eindexamen	3.232
inslapen	3.232
vriezen	3.232
weller	3.232
slaapzak	3.232
naad	3.232
bederft	3.232
spits	3.232
kruitsporen	3.232
zielsverwant	3.232
thing	3.232
mcleod	3.232
gezonder	3.232
beteren	3.232
coureur	3.232
afghaanse	3.232
beheersing	3.232
enrique	3.232
ongelovigen	3.232
geuit	3.232
snuit	3.231
tig	3.231
hiërarchie	3.231
aantocht	3.231
opvattingen	3.231
uitbarstingen	3.231
harrington	3.231
rangen	3.231
genialiteit	3.231
animal	3.231
montalbano	3.231
onregelmatig	3.231
ketamine	3.231
seoul	3.231
purcell	3.231
steil	3.231
overschrijden	3.231
lili	3.231
juarez	3.231
macbeth	3.231
hutten	3.231
bagel	3.231
achterstand	3.231
schruers	3.231
braziliaanse	3.231
mutant	3.231
fouilleer	3.231
abate	3.231
disk	3.231
voss	3.231
rollenspel	3.231
versnelt	3.231
wijfjes	3.231
hutch	3.231
snoer	3.231
klaslokaal	3.231
geëvolueerd	3.230
ontbinden	3.230
helderheid	3.230
doodbloeden	3.230
jihad	3.230
verstuur	3.230
rotding	3.230
oprukken	3.230
vuurt	3.230
kamertje	3.230
rechterarm	3.230
angelina	3.230
gladjes	3.230
mardi	3.230
comet	3.230
helene	3.230
his	3.230
vertoond	3.230
seminar	3.230
minderjarigen	3.230
pleegouders	3.230
noordkant	3.230
opviel	3.230
verbeteringen	3.230
chimpansee	3.230
excursie	3.230
verwezenlijken	3.230
beveiliger	3.229
public	3.229
feeks	3.229
dildo	3.229
apophis	3.229
sadist	3.229
finley	3.229
gereinigd	3.229
d.j.	3.229
warwick	3.229
privé-detective	3.229
carey	3.229
poel	3.229
bloedspoor	3.229
player	3.229
kogelvrije	3.229
leegmaken	3.229
droogt	3.229
smokkelaars	3.229
draaiden	3.229
parkeerde	3.229
gespierd	3.229
scarlet	3.229
renovatie	3.229
creëer	3.229
avalon	3.229
poedel	3.229
specter	3.229
verjaagd	3.229
inbrak	3.229
mccord	3.229
pianist	3.229
suffe	3.229
netten	3.228
stapelen	3.228
sayid	3.228
lichtsnelheid	3.228
ecosysteem	3.228
uithoudingsvermogen	3.228
abbs	3.228
emilie	3.228
mandela	3.228
maagzweer	3.228
ergeren	3.228
lonen	3.228
ontwikkelden	3.228
waas	3.228
verliefdheid	3.228
uitgedeeld	3.228
slachter	3.228
zeden	3.228
postzegel	3.228
afwees	3.228
gare	3.228
overhaasten	3.228
onderhandel	3.227
knapte	3.227
aarzelde	3.227
geript	3.227
inspireerde	3.227
grover	3.227
intrekt	3.227
gepaard	3.227
tekenfilms	3.227
stubbs	3.227
voegde	3.227
grizzly	3.227
jeanette	3.227
circa	3.227
damn	3.227
bleke	3.227
nigga	3.227
kluisjes	3.227
kapitalisme	3.227
why	3.227
jens	3.227
kraam	3.227
koloniën	3.227
niezen	3.227
verantwoord	3.227
verontrustende	3.227
kalmeringsmiddel	3.226
verluidt	3.226
heisa	3.226
zere	3.226
is-ie	3.226
khalid	3.226
bartlet	3.226
renaissance	3.226
excentriek	3.226
aanvaardbaar	3.226
imiteren	3.226
faxen	3.226
lire	3.226
loopje	3.226
z.	3.226
mijnenveld	3.226
genitaliën	3.226
kers	3.226
lotion	3.226
herrmann	3.226
teugels	3.226
bruidsmeisjes	3.226
prinsen	3.226
ouderlijk	3.226
boetedoening	3.226
deuntje	3.225
politiewagen	3.225
dichters	3.225
ontwijk	3.225
rantsoen	3.225
mechanisch	3.225
verdeling	3.225
bespeur	3.225
yvette	3.225
respecteerde	3.225
aziatisch	3.225
gletsjer	3.225
toevallige	3.225
identiteitsbewijs	3.225
javi	3.225
aftershave	3.225
champ	3.225
carpenter	3.225
kwal	3.225
instortte	3.225
relevante	3.225
toonden	3.225
nikolai	3.225
burgerrechten	3.225
kokosnoot	3.225
perzische	3.225
onherkenbaar	3.225
bradshaw	3.225
toppunt	3.224
heinrich	3.224
gedropt	3.224
machete	3.224
blozen	3.224
spoot	3.224
glory	3.224
ortiz	3.224
hold	3.224
gehandicapte	3.224
opschiet	3.224
uitvallen	3.224
champignons	3.224
typemachine	3.224
tijuana	3.224
airlines	3.224
crèche	3.224
smithers	3.224
pines	3.224
vergissingen	3.224
ingangen	3.224
schelpen	3.224
ondiepe	3.224
c.i.a.	3.224
horens	3.223
terra	3.223
rusteloos	3.223
lotsbestemming	3.223
bezien	3.223
koelbloedige	3.223
overdenken	3.223
ambitieuze	3.223
mayer	3.223
reclassering	3.223
domineren	3.223
worstelde	3.223
politiemensen	3.223
valsspeler	3.223
then	3.223
vermoedelijke	3.223
spuugzat	3.223
foundation	3.223
siroop	3.223
terrance	3.223
identiteitskaart	3.223
teven	3.223
mcgill	3.223
pieken	3.223
davy	3.223
alonzo	3.222
latijnse	3.222
informeel	3.222
uitzoekt	3.222
sombere	3.222
keeper	3.222
leveringen	3.222
afhangen	3.222
afvegen	3.222
schuren	3.222
schaamteloos	3.222
t-rex	3.222
tegels	3.222
gokte	3.222
lew	3.222
glijmiddel	3.222
krukken	3.222
afgaande	3.222
traumatisch	3.222
sergio	3.222
beijing	3.222
mass	3.222
watt	3.222
doodgewone	3.222
opengemaakt	3.222
opvanghuis	3.222
sandalen	3.221
rhode	3.221
gevoeligheid	3.221
minus	3.221
parish	3.221
klassiekers	3.221
iraanse	3.221
huwelijkse	3.221
fanatiek	3.221
intellect	3.221
laatstejaars	3.221
meel	3.221
matilda	3.221
oordeels	3.221
samurai	3.221
reanimatie	3.221
indonesië	3.221
hijzelf	3.221
oprichten	3.221
gloeit	3.221
ranzig	3.221
verzoening	3.221
waardevols	3.221
zeewater	3.221
meadow	3.220
patch	3.220
alarmfase	3.220
coltrane	3.220
aal	3.220
kemp	3.220
geïnfiltreerd	3.220
trakteert	3.220
martel	3.220
wasserij	3.220
taser	3.220
ontkend	3.220
modeshow	3.220
pint	3.220
alain	3.220
deskundigen	3.220
oudje	3.220
neppe	3.220
tan	3.220
himalaya	3.220
eigenwaarde	3.220
emery	3.220
pasgeboren	3.220
adviezen	3.220
drinkwater	3.220
plankgas	3.219
tegenwerken	3.219
goebbels	3.219
blootstellen	3.219
russel	3.219
stralende	3.219
frau	3.219
vrachtauto	3.219
stef	3.219
seals	3.219
grootsheid	3.219
begripvol	3.219
al-qaeda	3.219
onthulde	3.219
slaapplaats	3.219
röntgen	3.219
danvers	3.219
bronzen	3.219
non-stop	3.219
pannen	3.219
verschoven	3.219
d-day	3.219
fong	3.219
krom	3.219
dementie	3.219
vastzetten	3.219
stilzitten	3.219
geïnterviewd	3.219
golflengte	3.219
spaarde	3.219
killarney	3.219
20ste	3.219
akiva	3.219
stilhouden	3.219
capitol	3.219
ortega	3.218
kerstdag	3.218
present	3.218
ketenen	3.218
amnestie	3.218
vrijlaat	3.218
rups	3.218
gedoneerd	3.218
obstructie	3.218
troje	3.218
nellie	3.218
wanden	3.218
winkeldiefstal	3.218
ontgaan	3.218
kapiteins	3.218
ontmaagd	3.218
snelst	3.218
zelena	3.218
c4	3.218
holster	3.218
economisch	3.218
irrationeel	3.218
hardwerkende	3.218
verkleinen	3.218
dop	3.218
med	3.218
hagedissen	3.218
vort	3.218
werkeloos	3.218
kinderspel	3.218
keane	3.217
dong	3.217
achtergehouden	3.217
pilsje	3.217
bekaf	3.217
tabletten	3.217
lichaamstaal	3.217
spleet	3.217
bijgedragen	3.217
glitter	3.217
moordenares	3.217
glasgow	3.217
overblijven	3.217
blanca	3.217
rigsby	3.217
sterfelijk	3.217
blondie	3.217
bach	3.217
denkje	3.217
luchtwegen	3.217
schietpartijen	3.216
geprikt	3.216
onwel	3.216
liefhebber	3.216
castillo	3.216
voila	3.216
winterslaap	3.216
bernstein	3.216
heat	3.216
pilot	3.216
medical	3.216
hakte	3.216
krantenkoppen	3.216
voortuin	3.216
calcium	3.216
rottige	3.216
dynastie	3.216
opgedronken	3.216
nucky	3.216
steaks	3.216
bijbels	3.216
hoofdzakelijk	3.216
gistermiddag	3.216
cctv	3.216
draadloze	3.216
spinazie	3.216
bezatten	3.216
schandelijk	3.216
braak	3.215
zelve	3.215
toegestemd	3.215
opblijven	3.215
presteren	3.215
twilight	3.215
mitswa	3.215
afzondering	3.215
meghan	3.215
houvast	3.215
toeslaat	3.215
kondig	3.215
wizard	3.215
midnight	3.215
starr	3.215
michelangelo	3.215
vouwen	3.215
vervalt	3.215
benader	3.215
absorberen	3.215
guard	3.215
vuurbal	3.215
kipling	3.215
gespoten	3.215
marlon	3.215
aangaf	3.215
dunner	3.215
bijvullen	3.215
kritische	3.215
protesteer	3.215
skeletten	3.214
bestseller	3.214
celstraf	3.214
verga	3.214
toledo	3.214
vereren	3.214
heldhaftige	3.214
view	3.214
puzzels	3.214
onafscheidelijk	3.214
hardison	3.214
bosbessen	3.214
geschil	3.214
rijdende	3.214
wapenhandel	3.214
8e	3.214
woestenij	3.214
chantal	3.214
tegenpartij	3.214
vermengd	3.214
towers	3.214
holst	3.214
bijwerking	3.214
hondenvoer	3.212
afleveringen	3.212
behekst	3.212
scylla	3.212
oskar	3.212
productief	3.212
opvliegend	3.212
oil	3.212
hawkeye	3.212
ongewapende	3.212
snyder	3.212
oneervol	3.212
uitbetaald	3.212
zowaar	3.212
mein	3.212
hoogverraad	3.212
weerleggen	3.212
prinsessen	3.212
lokatie	3.212
londense	3.212
respectabele	3.211
zoekend	3.211
bootje	3.211
omdraait	3.211
grepen	3.211
dansfeest	3.211
arriveerden	3.211
afzonderlijke	3.211
lecter	3.211
weggesleept	3.211
godfather	3.211
blindedarm	3.211
schotten	3.211
alyssa	3.211
haïti	3.211
meegeven	3.211
vergezeld	3.211
katje	3.211
x-ray	3.211
werkgevers	3.211
ontbonden	3.211
geroosterde	3.211
stommiteit	3.211
jukebox	3.211
achterlieten	3.211
trommel	3.211
spit	3.211
catalina	3.211
mosselen	3.211
lassiter	3.210
kanan	3.210
waan	3.210
belasten	3.210
hagel	3.210
plekjes	3.210
jets	3.210
wegwerken	3.210
kiera	3.210
hoogstwaarschijnlijk	3.210
werkzaamheden	3.210
democratisch	3.210
nominatie	3.210
wedstrijdje	3.210
stek	3.210
rosewood	3.210
barbaars	3.210
slappeling	3.210
corp	3.210
videobeelden	3.210
vanachter	3.210
che	3.210
uitademen	3.210
kowalski	3.209
gemaar	3.209
kometen	3.209
kerstdagen	3.209
politierapport	3.209
knippert	3.209
braden	3.209
noppes	3.209
burgerwacht	3.209
bekritiseren	3.209
duigen	3.209
geblinddoekt	3.209
wurging	3.209
pelgrims	3.209
blinden	3.209
clair	3.209
goedkeurt	3.209
sluip	3.209
simons	3.209
uitgeweest	3.209
alarmsysteem	3.209
vermenigvuldigen	3.209
aantekening	3.209
morrow	3.209
bureaus	3.209
malloy	3.209
raadsvrouw	3.209
stones	3.209
lichtje	3.209
slijk	3.209
musea	3.209
wiley	3.209
lans	3.209
koloniale	3.209
melken	3.209
severide	3.209
benodigdheden	3.209
loch	3.208
meegewerkt	3.208
poseidon	3.208
voorkomende	3.208
wax	3.208
voorbedachte	3.208
bescheidenheid	3.208
deke	3.208
boekt	3.208
voorspoed	3.208
rouwende	3.208
pijnstiller	3.208
resort	3.208
louche	3.208
birmingham	3.208
sensei	3.208
clarice	3.208
meadows	3.208
handelaren	3.208
verving	3.208
director	3.208
brandweermannen	3.208
peil	3.208
senor	3.208
loodje	3.208
lacrosse	3.208
instructie	3.208
relaxed	3.208
boeiende	3.208
onschatbare	3.208
sarin	3.208
deanna	3.207
kruimels	3.207
commandopost	3.207
bewind	3.207
teo	3.207
pruimen	3.207
neptunus	3.207
blunt	3.207
fazio	3.207
arlington	3.207
coalitie	3.207
venice	3.207
sake	3.207
opgeef	3.207
koninkrijken	3.207
birthday	3.207
oplet	3.207
overhandigd	3.207
tweedejaars	3.207
broadcast	3.207
scherper	3.207
oppakt	3.207
rantsoenen	3.207
aangegaan	3.207
yoko	3.207
gone	3.207
variabelen	3.207
zuiplap	3.207
doodmaken	3.207
wakefield	3.207
bekomen	3.207
gewaad	3.207
lafayette	3.206
kunstwerken	3.206
koreaans	3.206
bee-teevee	3.206
domino	3.206
leugenachtige	3.206
genas	3.206
bedford	3.206
erika	3.206
barmhartigheid	3.206
hindert	3.206
pilar	3.206
vervangbaar	3.206
ruime	3.206
bj	3.206
stroomstoring	3.206
hondsdolheid	3.206
instinctief	3.206
leary	3.206
nieuwkomer	3.206
strafrecht	3.206
afgezonderd	3.206
belinda	3.206
castor	3.206
huwelijkscadeau	3.206
benadert	3.205
beschouwde	3.205
missende	3.205
branson	3.205
adjunct	3.205
korra	3.205
doodlopende	3.205
oorlogsgebied	3.205
kleuter	3.205
sip	3.205
corky	3.205
geschatte	3.205
taggart	3.205
vesten	3.205
cairo	3.205
board	3.205
transporteren	3.205
dinah	3.205
treuzelen	3.205
verkondigen	3.205
giller	3.205
jammeren	3.205
oudejaarsavond	3.205
strek	3.205
bejaarden	3.205
archibald	3.205
geveld	3.205
kille	3.204
awards	3.204
vergelijkbare	3.204
vermorzelen	3.204
voorbedachten	3.204
ipad	3.204
verzekeringsmaatschappij	3.204
cupido	3.204
toontje	3.204
oerknal	3.204
opgepiept	3.204
laurence	3.204
enveloppen	3.204
oproept	3.204
axe	3.204
gewoontjes	3.204
toename	3.204
resync	3.204
klieren	3.204
journal	3.204
hero	3.204
johann	3.204
kurk	3.204
alamo	3.204
hooper	3.204
spookhuis	3.204
constantine	3.204
getogen	3.204
forrester	3.204
precedent	3.204
bloedsporen	3.204
him	3.204
tarwe	3.204
neerslaan	3.204
gegrilde	3.204
onbewoond	3.204
tiental	3.204
dienden	3.204
gardens	3.203
orale	3.203
overhaalde	3.203
leerkracht	3.203
wedergeboorte	3.203
demoon	3.203
profs	3.203
platina	3.203
shotgun	3.203
incompetent	3.203
decor	3.203
klemmen	3.203
dweil	3.203
piept	3.203
blindelings	3.203
epi	3.203
leeggehaald	3.203
vreemdging	3.203
uitgestoken	3.203
opdragen	3.203
kenner	3.203
verachtelijke	3.203
onbeperkt	3.203
jonny	3.203
doken	3.203
verstrekken	3.203
daarzo	3.203
eloise	3.203
mmf	3.203
finland	3.203
filmpjes	3.203
voedingsstoffen	3.203
beginnend	3.203
items	3.203
terugwinnen	3.203
kluizen	3.203
steriel	3.203
styles	3.203
gedijen	3.203
vluchtauto	3.202
lichaamstemperatuur	3.202
oplappen	3.202
kabaal	3.202
beleeft	3.202
weekenden	3.202
voorkennis	3.202
verslavend	3.202
speren	3.202
bespringen	3.202
gisterochtend	3.202
rocken	3.202
martelde	3.202
loki	3.202
weiden	3.202
rokje	3.202
worstel	3.202
serienummers	3.202
priscilla	3.202
partijtje	3.202
neerknallen	3.202
egan	3.202
zingende	3.201
overwerk	3.201
geldproblemen	3.201
geologische	3.201
lazen	3.201
selena	3.201
veronderstelde	3.201
geschifte	3.201
activeert	3.201
betast	3.201
overall	3.201
bahama	3.201
smokkelaar	3.201
raadgever	3.201
aanbeden	3.201
koks	3.201
tussenin	3.201
iedereens	3.201
zakenpartners	3.201
flipt	3.201
voortplanten	3.201
bundelen	3.201
staatsgreep	3.201
koopwaar	3.201
ezekiel	3.201
eigenlijke	3.201
fier	3.201
bekwame	3.201
ontzag	3.201
bewonderaar	3.201
tricia	3.201
jijzelf	3.201
janus	3.201
doorkomen	3.201
levenskracht	3.201
malia	3.201
vergetelheid	3.201
doelt	3.200
jewel	3.200
archeoloog	3.200
dichtheid	3.200
chat	3.200
houtje	3.200
strafvermindering	3.200
radiator	3.200
impasse	3.200
wilkins	3.200
mailen	3.200
schoof	3.200
eunice	3.200
carlyle	3.200
jos	3.200
openstaan	3.200
versnelde	3.200
spulletjes	3.200
juanita	3.200
fantaseren	3.200
worstje	3.200
herald	3.200
uitgeroepen	3.200
gevorderd	3.200
scheidde	3.200
bekeerd	3.200
snol	3.200
sorry.	3.200
positiefs	3.200
katheter	3.200
liefdesverhaal	3.200
luchtig	3.200
ridley	3.200
holiday	3.199
komisch	3.199
europees	3.199
opgerold	3.199
overzien	3.199
kleeft	3.199
slavin	3.199
verleent	3.199
eruitzag	3.199
volgehouden	3.199
meegesleurd	3.199
richtlijn	3.199
diplomaten	3.199
parken	3.199
langst	3.199
gevist	3.199
schendt	3.199
garret	3.199
capuchon	3.199
belastend	3.198
heelt	3.198
airwolf	3.198
beiroet	3.198
spendeerde	3.198
defensief	3.198
zeppelin	3.198
bolle	3.198
erfelijk	3.198
horizontaal	3.198
whit	3.198
duet	3.198
getuig	3.198
kruid	3.198
vrijt	3.198
gelaat	3.198
drieduizend	3.198
verzinsel	3.198
guinevere	3.198
watervallen	3.198
sahara	3.198
gekneusd	3.198
variant	3.198
hemeltjelief	3.198
samenwerkte	3.198
feliciteer	3.198
intrappen	3.198
magma	3.198
jockey	3.198
gaslek	3.198
waarnemend	3.198
adrianna	3.198
whitehall	3.198
talk	3.197
longkanker	3.197
opgezegd	3.197
fotografen	3.197
pannenkoek	3.197
paddestoelen	3.197
bruikbaars	3.197
vloedgolf	3.197
invloedrijke	3.197
bedreigend	3.197
buurten	3.197
boomhut	3.197
helderder	3.197
vossen	3.197
shrek	3.197
steward	3.197
verheugen	3.197
dealt	3.197
kralen	3.197
knoei	3.197
puber	3.197
eenling	3.197
sims	3.197
truien	3.196
barbaar	3.196
rituele	3.196
sly	3.196
tasten	3.196
navragen	3.196
belastinggeld	3.196
ongewenst	3.196
forel	3.196
weghaalt	3.196
absurde	3.195
vitamines	3.195
hancock	3.195
danni	3.195
ferdinand	3.195
ontzeggen	3.195
again	3.195
slijmbal	3.195
oorzaken	3.195
checkte	3.195
augurk	3.195
bolivia	3.195
verwarmen	3.195
bijbelse	3.195
stalkte	3.195
adviseerde	3.195
grillig	3.195
halstead	3.195
franck	3.195
nonkel	3.195
uitgetrokken	3.195
bakje	3.195
hervat	3.195
bedonderd	3.195
tattoos	3.195
thorn	3.195
elven	3.195
correspondentie	3.195
logeerde	3.195
aanvoeren	3.195
kuifje	3.195
aanbied	3.195
liberale	3.195
beeldschone	3.194
lotto	3.194
krachtigste	3.194
truth	3.194
dienaren	3.194
bertie	3.194
evangelie	3.194
spant	3.194
haring	3.194
hersenbeschadiging	3.194
spiegelbeeld	3.194
freedom	3.194
ingebracht	3.194
hollander	3.194
baalt	3.194
duizeligheid	3.194
bezighoudt	3.194
luisa	3.194
zwitsers	3.194
doorboren	3.194
zamelen	3.194
excalibur	3.194
raampje	3.194
provoceren	3.194
carr	3.194
mathias	3.194
ernstiger	3.194
spiderman	3.194
geregistreerde	3.194
beale	3.194
koenig	3.192
manoeuvre	3.192
stiekeme	3.192
losgemaakt	3.192
knalde	3.192
ferengi	3.192
kraakt	3.192
driekwart	3.192
escorteren	3.192
subtitles	3.192
kingsley	3.192
plakt	3.192
toetsenbord	3.192
verontschuldigd	3.192
gatver	3.192
mengt	3.192
move	3.192
torchwood	3.192
erken	3.192
wervelkolom	3.192
doreen	3.192
storingen	3.192
repareert	3.192
zestiende	3.192
gespuis	3.192
onbezonnen	3.192
porselein	3.192
gort	3.192
kartels	3.192
around	3.191
terugging	3.191
kenia	3.191
friday	3.191
oproer	3.191
gloeiende	3.191
afmetingen	3.191
beige	3.191
flack	3.191
pastor	3.191
critici	3.191
signe	3.191
sussen	3.191
leviathan	3.191
nauwgezet	3.191
rocket	3.191
gefouilleerd	3.191
roper	3.191
denis	3.191
producenten	3.191
doodschoot	3.191
kluts	3.191
esmeralda	3.191
gecompromitteerd	3.191
schiller	3.191
hoffelijkheid	3.191
vleiend	3.191
hoofdletsel	3.191
motiveren	3.191
relevantie	3.191
democraat	3.191
variatie	3.190
abs	3.190
zuivering	3.190
strooien	3.190
comfortabele	3.190
ondervinden	3.190
opgezadeld	3.190
snotneus	3.190
colonne	3.190
elthijsie	3.190
verstrekt	3.190
paulus	3.190
spelling	3.190
radiologie	3.190
ip-adres	3.190
etterbak	3.190
aron	3.190
vatte	3.190
veroordeelden	3.190
neela	3.190
treinstation	3.190
genereren	3.190
geruzie	3.190
betrekkingen	3.190
afgeschermd	3.190
lavendel	3.190
begroting	3.190
geofferd	3.190
omsingelen	3.190
huizes	3.190
asteroïden	3.190
aantijgingen	3.189
trutten	3.189
behoudt	3.189
dhs	3.189
keerpunt	3.189
magnum	3.189
bezoedeld	3.189
kinderwagen	3.189
elektricien	3.189
veronderstelt	3.189
pepe	3.189
veegt	3.189
binnengevallen	3.189
sons	3.189
padre	3.189
cardiff	3.189
faraday	3.189
cocon	3.189
johanna	3.189
rashid	3.189
chrissy	3.189
krachtbron	3.189
tweet	3.189
dialyse	3.189
dynamische	3.189
conservatief	3.189
hinderen	3.189
tweelingzus	3.189
tofu	3.189
kitchen	3.188
evacueer	3.188
dooley	3.188
betrof	3.188
geëerd	3.188
kleinigheidje	3.188
laadt	3.188
bekvechten	3.188
studios	3.188
book	3.188
cao	3.188
bestuurders	3.188
zintuig	3.188
bemanningslid	3.188
wexler	3.188
faber	3.188
hét	3.188
runde	3.188
grandioos	3.188
verleen	3.188
spelbreker	3.188
bonbons	3.188
row	3.188
opgewarmd	3.188
invalshoek	3.188
wekte	3.188
hongaarse	3.188
bowling	3.188
rechtuit	3.188
priya	3.188
buisje	3.187
zieker	3.187
schots	3.187
schreeuwden	3.187
lichtjaar	3.187
milde	3.187
broekje	3.187
scores	3.187
opgedroogd	3.187
rechtschapen	3.187
helper	3.187
chill	3.187
ondermijnt	3.187
gebaard	3.187
stippen	3.187
staaltje	3.187
gissen	3.187
instagram	3.187
doelpunt	3.187
slaapzaal	3.187
banshee	3.187
pijpbeurt	3.187
glamour	3.187
vliegticket	3.187
holodek	3.187
roekeloze	3.187
dampkring	3.187
opneem	3.187
jung	3.187
anakin	3.187
onpartijdig	3.187
gespot	3.187
reusachtig	3.187
geneesmiddelen	3.187
ingedeeld	3.187
doorn	3.187
vredestichters	3.186
buitenwijk	3.186
smoorverliefd	3.186
overhaaste	3.186
misdadig	3.186
daarvandaan	3.186
belletjes	3.186
aanbevelingen	3.186
nicks	3.186
would	3.186
vermoeide	3.186
verzamelaars	3.186
treurige	3.186
indiaans	3.186
snurkt	3.186
eigenbelang	3.186
sterfelijke	3.186
uitnodigt	3.186
peabody	3.186
standhouden	3.186
celine	3.186
uitlokken	3.185
neerkomt	3.185
romulanen	3.185
bovenaf	3.185
printen	3.185
vervult	3.185
diplomatiek	3.185
blaze	3.185
cipiers	3.185
paprika	3.185
eiffeltoren	3.185
ideetje	3.185
flush	3.185
maar.	3.185
bloedsomloop	3.185
betrekt	3.185
strekt	3.185
boiler	3.185
inscriptie	3.185
forman	3.185
heksenjacht	3.185
empathie	3.185
doorvertellen	3.185
marlo	3.185
successen	3.185
social	3.185
rosalee	3.185
gro	3.184
onverwoestbaar	3.184
vakken	3.184
vliegdekschip	3.184
meningsverschillen	3.184
heidense	3.184
néé	3.184
verbijsterend	3.184
beleef	3.184
mind	3.184
vaderschap	3.184
artritis	3.184
basiskamp	3.184
optreedt	3.184
opzoekt	3.184
vermakelijk	3.184
generale	3.184
katapult	3.184
dad	3.184
kamergenote	3.184
gletsjers	3.184
vriendschappelijk	3.184
heaven	3.184
rsman	3.183
ongehoord	3.183
spraak	3.183
uitgezeten	3.183
aanrijden	3.183
bruidsschat	3.183
verbaal	3.183
evolueren	3.183
heavy	3.183
knikker	3.183
stroomde	3.183
moederschap	3.183
grootboek	3.183
michaël	3.183
vervoerde	3.183
geologen	3.183
malle	3.183
colton	3.183
rayburn	3.183
beweringen	3.183
schorem	3.183
doorzochten	3.183
scheidingspapieren	3.183
publicatie	3.183
weliswaar	3.183
bourne	3.183
rustplaats	3.183
aanbad	3.183
curt	3.183
opengaat	3.183
stroomopwaarts	3.183
chanteert	3.183
piste	3.183
overmeesteren	3.183
patriotten	3.181
zuidoosten	3.181
verplegers	3.181
verzieken	3.181
bonnetjes	3.181
zones	3.181
brownie	3.181
gefopt	3.181
secundaire	3.181
mann	3.181
hendrik	3.181
linkerarm	3.181
santo	3.181
optrekje	3.181
haatten	3.181
camden	3.181
instanties	3.181
bitches	3.181
staand	3.181
overlegd	3.181
kustlijn	3.181
reine	3.181
corbett	3.181
afsluit	3.181
barmhartige	3.181
cardassië	3.181
stip	3.181
mckenna	3.181
zwaargewicht	3.181
mort	3.181
ontheven	3.181
wapenbezit	3.181
penguin	3.180
bemind	3.180
lies	3.180
doordacht	3.180
onderdrukte	3.180
nichtjes	3.180
crockett	3.180
ongeschonden	3.180
bloes	3.180
britta	3.180
opgetrokken	3.180
grootbrengen	3.180
ritz	3.180
gekrenkt	3.180
korset	3.180
verdaagd	3.180
uitmuntend	3.180
pitbull	3.180
adriana	3.180
lund	3.180
flo	3.180
ondersteund	3.180
limoen	3.180
foxtrot	3.180
yolanda	3.180
toenemen	3.180
opgestart	3.180
kwast	3.180
sets	3.180
tobin	3.180
brain	3.180
diefstallen	3.180
ontcijferd	3.179
meetelt	3.179
alleenstaand	3.179
brokstukken	3.179
hebreeuws	3.179
bowen	3.179
globe	3.179
orac	3.179
smeet	3.179
etentjes	3.179
rondvragen	3.179
stinkdier	3.179
sergant	3.179
wanten	3.179
dmitri	3.179
heler	3.179
vennoten	3.179
teheran	3.179
afwijst	3.179
impliceert	3.179
hartmassage	3.179
belangrijkers	3.179
overzee	3.179
opgevoerd	3.179
darnley	3.179
alleszins	3.179
bedient	3.179
onhandige	3.179
mystery	3.179
zaadjes	3.179
natalia	3.179
verminderde	3.179
lantaarns	3.179
verbouwd	3.178
mu	3.178
dane	3.178
erfgename	3.178
petrov	3.178
huntington	3.178
wandelstok	3.178
verhinderd	3.178
sorteren	3.178
soedan	3.178
claus	3.178
bobbi	3.178
weerbericht	3.178
cartwright	3.178
cedar	3.178
fascisten	3.178
alden	3.178
instoppen	3.178
slow	3.178
vuilnisbakken	3.178
hauser	3.178
inzinking	3.178
flop	3.178
koolhydraten	3.178
hetgene	3.178
pestkoppen	3.178
wel.	3.178
underground	3.178
kinderopvang	3.178
pluis	3.178
ontslagbrief	3.178
denker	3.178
tentakels	3.178
ziekelijke	3.178
meervoudige	3.178
seamus	3.177
spijten	3.177
doeg	3.177
opgedaan	3.177
buitenpost	3.177
airport	3.177
eiwit	3.177
coyotes	3.177
ondernemingen	3.177
leave	3.177
gekrompen	3.177
occulte	3.177
condities	3.177
smakeloos	3.177
bebe	3.177
retro	3.177
overgegaan	3.177
afzonderlijk	3.177
radiocontact	3.177
verbleven	3.177
toasten	3.177
chirurgisch	3.177
laatsten	3.177
religies	3.177
slachtpartij	3.177
once	3.177
voorzag	3.177
rosario	3.177
trina	3.177
tegenzin	3.177
merlyn	3.177
misdragen	3.177
conservatieve	3.177
martine	3.177
blijer	3.177
maru	3.177
zodoende	3.177
silo	3.177
ijzige	3.177
afgekeurd	3.176
bespottelijk	3.176
harig	3.176
navigeren	3.176
komend	3.176
waaien	3.176
bronson	3.176
specifieks	3.176
optimist	3.176
ongehoorzaamheid	3.176
milner	3.176
kerngezond	3.176
onbepaalde	3.176
kruisboog	3.176
opvolgt	3.176
zeewier	3.176
bemoeide	3.176
pieten	3.176
merlin	3.176
tijdsverspilling	3.176
efficiënte	3.176
orchidee	3.176
halfbloed	3.176
co2	3.176
déjà	3.176
mets	3.176
peking	3.176
yellow	3.176
maud	3.176
deugniet	3.176
iraakse	3.176
bannerman	3.176
onvoorstelbare	3.176
spotje	3.176
operationele	3.176
wettig	3.176
kruger	3.176
vicodin	3.176
pools	3.176
gefrituurde	3.176
guatemala	3.176
third	3.176
interieur	3.176
glock	3.176
gaas	3.176
eenmalige	3.176
panter	3.175
zitkamer	3.175
chevy93	3.175
dodger	3.175
kloothommel	3.175
glanzende	3.175
uitzet	3.175
jeugdzorg	3.175
doorbroken	3.175
inplaats	3.175
volkslied	3.175
montecito	3.175
punk	3.175
kakken	3.175
hei	3.175
strong	3.175
galileo	3.175
loof	3.175
strickland	3.175
bewapenen	3.175
sportzaal	3.175
ludwig	3.175
duran	3.175
lieutenant	3.175
kryptoniet	3.175
afvraag	3.175
boedapest	3.175
elsie	3.175
purple	3.175
kol	3.175
verschaft	3.175
hik	3.175
ophanging	3.175
aanhad	3.175
overmaken	3.175
kaarsjes	3.174
gelijktijdig	3.174
onaantastbaar	3.174
bewoond	3.174
tekenfilm	3.174
bedankte	3.174
verschrikking	3.174
provenza	3.174
delenn	3.174
getuigenissen	3.174
atwood	3.174
zĳn	3.174
geslaagde	3.174
koeweit	3.174
goldberg	3.174
gedegradeerd	3.174
nieuwkomers	3.174
babbel	3.174
adjunct-directeur	3.174
hooggeplaatste	3.174
fall	3.174
sloep	3.174
ontboden	3.174
betasten	3.174
literaire	3.174
honolulu	3.174
behandelden	3.174
verontschuldigt	3.174
gediskwalificeerd	3.174
ruggenmerg	3.174
knicks	3.174
nan	3.174
thermische	3.174
anson	3.174
bedachten	3.174
clausule	3.173
libië	3.173
ay	3.173
beecher	3.173
afgesteld	3.173
opengaan	3.173
verlaagd	3.173
vermisten	3.173
better	3.173
onbekwaam	3.173
bezoekjes	3.173
kreeften	3.173
terugga	3.173
gebarentaal	3.173
peace	3.173
geheimhouden	3.173
trusten	3.173
davids	3.173
stijgende	3.173
loft	3.173
bastaards	3.173
navo	3.173
stemmetje	3.173
bedraagt	3.173
gertrude	3.173
aantrekkelijker	3.173
sand	3.173
bloeit	3.173
eagles	3.173
kiev	3.173
gedroogde	3.173
hoofdredacteur	3.173
frisbee	3.173
flikt	3.173
vriendinnetjes	3.173
bloedend	3.171
verhoudingen	3.171
bowers	3.171
efficiëntie	3.171
onderhandelt	3.171
voordeed	3.171
verwoestte	3.171
kruik	3.171
binnengehaald	3.171
stafford	3.171
luisde	3.171
broche	3.171
verhandelen	3.171
myrtle	3.171
taft	3.171
rondsnuffelen	3.171
gedurfd	3.171
vortex	3.171
thelma	3.171
misplaatst	3.171
beschutting	3.171
slagman	3.171
vouw	3.171
herenhuis	3.171
depri	3.171
nik	3.171
zoent	3.171
hoerenjong	3.171
verdampt	3.171
uitgestapt	3.171
grondstoffen	3.170
grappiger	3.170
afleidingsmanoeuvre	3.170
vrijer	3.170
verscheurde	3.170
wichita	3.170
stijging	3.170
geflirt	3.170
ingemaakt	3.170
piepklein	3.170
trav	3.170
aardbei	3.170
speeches	3.170
range	3.170
gedroogd	3.170
slaapmiddel	3.170
liefdesverdriet	3.170
ouderlijke	3.170
diameter	3.170
berouwen	3.170
gecontroleerde	3.170
vervroegde	3.170
poppenkast	3.170
programmering	3.170
uitgehangen	3.170
valentino	3.170
franky	3.170
verbreekt	3.170
cummings	3.170
fly	3.169
after	3.169
banner	3.169
calum	3.169
getver	3.169
taj	3.169
honda	3.169
zakenvrouw	3.169
providence	3.169
gesmeed	3.169
still	3.169
mikhail	3.169
colleges	3.169
tevredenheid	3.169
cassius	3.169
garland	3.169
zelfmoorden	3.169
onderhand	3.169
olympisch	3.169
nelly	3.169
geruimd	3.169
herdenken	3.169
verrotte	3.169
hersendood	3.169
vervormd	3.169
waargebeurd	3.169
beschadigt	3.169
openhouden	3.169
ruilde	3.169
kunstacademie	3.169
luigi	3.168
ups	3.168
ontzettende	3.168
almeida	3.168
pelt	3.168
bezochten	3.168
ramde	3.168
wasgoed	3.168
nessa	3.168
ruthie	3.168
heimelijk	3.168
deserteur	3.168
winstgevend	3.168
tappen	3.168
wals	3.168
spraakzaam	3.168
huurcontract	3.168
noodlanding	3.168
lucrezia	3.168
evenbeeld	3.168
uitreiking	3.168
glanzend	3.168
beroerde	3.168
genocide	3.168
hive	3.168
slome	3.168
onrechtvaardig	3.168
proefpersonen	3.168
aya	3.168
beschieten	3.168
lachende	3.168
achterzijde	3.168
verkrijgbaar	3.167
vooraanstaande	3.167
zelfgemaakt	3.167
egoïst	3.167
percell	3.167
erfde	3.167
daling	3.167
reptiel	3.167
dankt	3.167
ab	3.167
invaller	3.167
onverstandig	3.167
extraatje	3.167
vriendschappen	3.167
toosten	3.167
bases	3.167
kwab	3.167
waanvoorstellingen	3.167
overvalt	3.167
valsspelen	3.167
proviand	3.166
gewandeld	3.166
nationaliteit	3.166
slaapkop	3.166
buitensporig	3.166
dapperste	3.166
lorne	3.166
schrammen	3.166
najagen	3.166
calleigh	3.166
bloeddorstige	3.166
niklas	3.166
commodore	3.166
plakkerig	3.166
mercurius	3.166
neptune	3.166
asfalt	3.166
overtreft	3.166
rechtvaardigt	3.166
diersoorten	3.166
ryland	3.166
bejaarde	3.166
muil	3.166
gemoedsrust	3.166
lesley	3.166
brigitte	3.165
chihuahua	3.165
vogelverschrikker	3.165
hoopje	3.165
hoogachtend	3.165
vaatwasser	3.165
vernielt	3.165
geadviseerd	3.165
badkamers	3.165
gespierde	3.165
strikvraag	3.165
gozers	3.165
barnett	3.165
ecg	3.165
nada	3.165
armageddon	3.165
betreedt	3.165
prof.	3.165
ontzet	3.165
rage	3.165
speelplaats	3.165
voorzorgsmaatregel	3.165
monaco	3.163
samenzweerders	3.163
verscheept	3.163
ontkomt	3.163
stackhouse	3.163
bazin	3.163
kahlan	3.163
feds	3.163
postkoets	3.163
gelederen	3.163
callum	3.163
observeer	3.163
suïcidaal	3.163
zwakkeling	3.163
doodgebloed	3.163
begaf	3.163
dreigend	3.163
drive-in	3.163
seeley	3.163
oudheid	3.163
wapenkamer	3.163
drankprobleem	3.163
caïro	3.163
radiostilte	3.163
ontvlucht	3.163
fang	3.163
giften	3.163
tumoren	3.163
rendez-vous	3.163
duff	3.163
pratend	3.163
bommenlegger	3.163
samir	3.163
shark	3.163
denen	3.163
ontmanteld	3.163
reling	3.163
joaquin	3.163
peren	3.163
placenta	3.163
dosering	3.163
olympus	3.163
uitgeleend	3.162
spat	3.162
riverside	3.162
winsten	3.162
omgeleid	3.162
annika	3.162
braxton	3.162
yorker	3.162
hongarije	3.162
nr	3.162
bespioneert	3.162
fotosessie	3.162
vasthoud	3.162
afgestemd	3.162
schriftelijk	3.162
veearts	3.162
kapen	3.162
topgeheim	3.162
anaal	3.162
opbouw	3.162
roma	3.162
onbetrouwbare	3.162
mais	3.162
vastgelopen	3.162
waarvandaan	3.161
amputeren	3.161
mathilde	3.161
vakmanschap	3.161
deftig	3.161
vreemdgegaan	3.161
vriendelijker	3.161
westwaarts	3.161
geldautomaat	3.161
hu	3.161
buffel	3.161
latex	3.161
beroepen	3.161
clarissa	3.161
eerbare	3.161
dammen	3.161
reginald	3.161
volste	3.161
epinefrine	3.161
child	3.161
etienne	3.161
toegeslagen	3.161
muntjes	3.161
samuels	3.161
goddeloze	3.161
barbaarse	3.161
prior	3.161
inboorlingen	3.161
aanmoediging	3.161
maynard	3.160
oefende	3.160
ofje	3.160
francesco	3.160
harmony	3.160
verleidt	3.160
vale	3.160
geschieden	3.160
ontdooien	3.160
gia	3.160
demonische	3.160
skinny	3.160
serveersters	3.160
stichter	3.160
today	3.160
nieuwtje	3.160
overlever	3.160
tempels	3.160
rach	3.160
vergaf	3.160
benoem	3.160
fronten	3.160
yin	3.160
sneuvelen	3.160
geblesseerd	3.160
pups	3.160
openbaren	3.160
platbranden	3.160
geschat	3.160
area	3.160
wijntje	3.160
verdraaien	3.160
optimaal	3.160
surfer	3.160
thuisbasis	3.160
opschepper	3.160
hardst	3.159
versterkte	3.159
evenaar	3.159
rudolph	3.159
eskimo	3.159
plechtigheid	3.159
geregeerd	3.159
afremmen	3.159
ontsnap	3.159
bagels	3.159
waneer	3.159
bijwerken	3.159
ijsbeer	3.159
edelman	3.159
teamwork	3.159
broeden	3.159
binnenkwamen	3.159
mafia	3.159
yellowstone	3.159
bali	3.159
zenuwgas	3.159
beuk	3.159
opengesneden	3.159
opgelapt	3.159
clooney	3.159
jeanie	3.159
tandvlees	3.159
cider	3.159
teruggehaald	3.159
voorkom	3.159
vakbonden	3.159
kalveren	3.159
tor	3.159
joxer	3.159
nijl	3.159
bone	3.159
doodongerust	3.159
weergave	3.158
stilgestaan	3.158
frida	3.158
motelkamer	3.158
dronkaards	3.158
defiance	3.158
loodsen	3.158
jean-luc	3.158
tu	3.158
latijns	3.158
geschillen	3.158
opgeleide	3.158
getuigenverklaring	3.158
talentenjacht	3.158
barstte	3.158
trade	3.158
openbreken	3.158
statement	3.158
oogleden	3.158
snaar	3.158
peptalk	3.158
elmer	3.158
pist	3.158
wickham	3.158
regisseren	3.158
sjieke	3.158
defensieve	3.158
leia	3.158
boosaardige	3.158
royalty	3.158
teamgenoten	3.158
achterbaks	3.158
uitkijkt	3.158
houthakker	3.158
reclames	3.158
vasten	3.158
popeye	3.158
touch	3.156
afgeschreven	3.156
hulpeloze	3.156
bb	3.156
lanie	3.156
neergeknald	3.156
promenade	3.156
artagnan	3.156
verdiepen	3.156
shell	3.156
mislukkingen	3.156
weide	3.156
begaafde	3.156
waarnemer	3.156
caplan	3.156
ser	3.156
weekje	3.156
sparrow	3.156
pupil	3.156
bugs	3.156
etnische	3.156
schors	3.156
verticale	3.156
maagzuur	3.155
dampen	3.155
vergrijpen	3.155
eiwitten	3.155
zuiverheid	3.155
teq	3.155
givens	3.155
verrukt	3.155
bergafwaarts	3.155
gehaktballen	3.155
linnen	3.155
aanvaring	3.155
elanna	3.155
smokkelt	3.155
smoothie	3.155
saxon	3.155
zoog	3.155
intensieve	3.155
shine	3.155
overhandig	3.155
vrijgezelle	3.155
kiosk	3.155
uitlevering	3.155
afgunst	3.155
farrow	3.155
theta	3.155
platt	3.155
gecrasht	3.155
onderen	3.155
genezer	3.155
opgeslokt	3.155
voltreffer	3.155
frieten	3.155
verprutsen	3.155
margie	3.155
swingen	3.155
obsessief	3.155
british	3.154
isis	3.154
schoonbroer	3.154
billings	3.154
overstappen	3.154
blender	3.154
yan	3.154
hengel	3.154
hoofdstukken	3.154
verdwaalt	3.154
protesten	3.154
noble	3.154
weigering	3.154
afnam	3.154
brandblusser	3.154
intensiteit	3.154
vergen	3.154
uitbrak	3.154
kogelgaten	3.154
smeerde	3.154
n-roll	3.154
uitgeschreven	3.154
tee	3.154
neuroloog	3.154
mislopen	3.154
abonnement	3.154
voorgerecht	3.154
blindheid	3.154
aangedreven	3.154
dodgers	3.154
ambulances	3.154
verwittig	3.154
alletwee	3.154
mcmanus	3.154
caprica	3.154
amish	3.153
mevrouwtje	3.153
legenden	3.153
scoob	3.153
generatoren	3.153
wereldberoemde	3.153
cilinder	3.153
vergiftigt	3.153
quahog	3.153
valuta	3.153
beschermers	3.153
sprinkhanen	3.153
belabberd	3.153
almachtig	3.153
smitty	3.153
plato	3.153
songs	3.153
pathologie	3.153
e-mailen	3.153
rider	3.153
rechtenstudie	3.153
scepter	3.153
draagmoeder	3.153
rolls	3.153
vergiste	3.153
overstromingen	3.153
boekwinkel	3.153
kartonnen	3.153
cambodja	3.153
atlas	3.153
kome	3.153
gehuil	3.153
zeehond	3.153
hub	3.153
romein	3.153
baptiste	3.152
erich	3.152
synced	3.152
pryce	3.152
mafketel	3.152
oversteek	3.152
scorpion	3.152
soldaatje	3.152
adrien	3.152
executies	3.152
wessex	3.152
innerlijk	3.152
delinda	3.152
ziekenuis	3.152
bereidde	3.152
hervatten	3.152
ralphie	3.152
zwaargewond	3.152
oxy	3.152
jatte	3.152
gecompliceerder	3.152
vakman	3.152
paardje	3.152
voorouder	3.152
maui	3.152
gilles	3.152
carrières	3.152
stapjes	3.152
heetste	3.152
gerund	3.152
hardste	3.152
fulton	3.152
ontnam	3.152
bridgette	3.152
vasthoudend	3.152
arrestatieteam	3.152
chloor	3.152
carole	3.152
bamboe	3.150
dolls	3.150
woensdagavond	3.150
victory	3.150
mavis	3.150
zeeziek	3.150
stormde	3.150
hectisch	3.150
uitgezien	3.150
rehabilitatie	3.150
dichtste	3.150
vernietigende	3.150
chino	3.150
krijgsheer	3.150
morbide	3.150
fijnste	3.150
gadver	3.150
kernbom	3.150
optische	3.150
mozzie	3.150
kelsey	3.150
verwijdering	3.150
toevoeging	3.150
verzachtende	3.150
cjdijk	3.150
stimuleert	3.150
walk	3.150
waakhond	3.150
hernia	3.150
schuilplaatsen	3.150
piramides	3.150
vuurpeloton	3.150
watermeloen	3.150
anonimiteit	3.150
uitdager	3.150
ellendeling	3.149
faillissement	3.149
weggestopt	3.149
griezels	3.149
cognitieve	3.149
intel	3.149
kroongetuige	3.149
onberispelijk	3.149
kauw	3.149
meldkamer	3.149
makers	3.149
stembanden	3.149
warrick	3.149
gehuld	3.149
roswell	3.149
vernietiger	3.149
kwijtraakte	3.149
verzekeringsgeld	3.149
fawlty	3.149
beginners	3.149
drum	3.149
benoeming	3.149
diender	3.149
r2	3.149
nar	3.149
inferno	3.149
buschauffeur	3.149
flick	3.149
terechtkwam	3.149
besteedde	3.149
garvey	3.149
niagara	3.148
droppen	3.148
hodge	3.148
leverden	3.148
adviseert	3.148
uitdroging	3.148
bristow	3.148
brewer	3.148
gepiept	3.148
galactische	3.148
kimber	3.148
herentoilet	3.148
rumbold	3.148
zwembaden	3.148
gesnopen	3.148
nzt	3.148
tatiana	3.148
tino	3.148
toegaan	3.148
sterfgeval	3.148
giselle	3.148
aktie	3.148
cortex	3.148
shue	3.148
communiceert	3.148
schikt	3.148
micro	3.148
vendetta	3.148
verlengd	3.148
lelies	3.148
borstbeen	3.148
loonsverhoging	3.148
bleekmiddel	3.148
tart	3.148
schemering	3.148
steile	3.148
buk	3.148
beterschap	3.148
wisselt	3.147
tac	3.147
uitgestrekte	3.147
berlin	3.147
cornelius	3.147
snellere	3.147
onwaardig	3.147
every	3.147
small	3.147
aftappen	3.147
keizersnede	3.147
dommerik	3.147
slinger	3.147
bewandelen	3.147
haag	3.147
dupree	3.147
geschrift	3.147
paswoord	3.147
slijterij	3.147
systematisch	3.147
onwettige	3.147
ík	3.147
wartaal	3.147
tag	3.147
bios	3.147
definiëren	3.147
meermaals	3.147
hangende	3.147
colette	3.147
vastgeketend	3.147
judge	3.147
wát	3.147
alfonso	3.147
ssst	3.147
grasmaaier	3.147
gewillig	3.147
reaper	3.147
tarten	3.147
gefluister	3.147
jeb	3.146
nijlpaard	3.146
luisteraars	3.146
tv-show	3.146
ever	3.146
afgekoeld	3.146
katia	3.146
vegetarische	3.146
beten	3.146
ontlasting	3.146
gezwel	3.146
señorita	3.146
custer	3.146
encryptie	3.146
speling	3.146
michele	3.146
klank	3.146
overhaalt	3.146
lt.	3.146
kleurrijk	3.146
bloedzuiger	3.146
analyseer	3.146
betoverde	3.146
smokkelwaar	3.146
vagevuur	3.146
repen	3.146
samenkomst	3.146
clifton	3.146
vrijheden	3.146
extase	3.146
verteller	3.146
trachten	3.146
engerds	3.146
technologische	3.146
radiostation	3.146
onverslaanbaar	3.146
blauwdruk	3.146
castiel	3.146
elisa	3.146
massamoord	3.146
lepels	3.146
meeluisteren	3.146
bjorn	3.146
tegenstrijdige	3.145
onderzoeksteam	3.145
import	3.145
kreunen	3.145
wreedheden	3.145
verdraag	3.145
legioenen	3.145
stinkerd	3.145
bedolven	3.145
isles	3.145
inning	3.145
doorspoelen	3.145
cracker	3.145
mails	3.145
mutanten	3.145
hulpmiddelen	3.145
lomax	3.145
reïncarnatie	3.145
volgeboekt	3.145
radley	3.145
saturatie	3.145
skyler	3.145
geruststelling	3.145
stijg	3.145
efficiënter	3.145
gulp	3.145
treiteren	3.145
opschudding	3.145
scheert	3.145
aannemers	3.145
zachtaardig	3.145
brok	3.143
whittaker	3.143
onbeduidend	3.143
na-aper	3.143
andermaal	3.143
doctoraat	3.143
grainger	3.143
naderde	3.143
short	3.143
gepist	3.143
zwaardere	3.143
hawkes	3.143
kaap	3.143
vietcong	3.143
synagoge	3.143
afpersen	3.143
respectabel	3.143
tilde	3.143
friends	3.143
ondoorgrondelijk	3.143
platzak	3.143
rijkelijk	3.143
verlovingsfeest	3.143
bane	3.143
ondertekent	3.143
globale	3.143
fame	3.143
sub	3.143
langdurig	3.143
uitvaart	3.143
géén	3.143
korsak	3.143
zeggenschap	3.143
snede	3.142
moederdag	3.142
sanderson	3.142
repelsteeltje	3.142
vervaagt	3.142
rolletje	3.142
hallie	3.142
kidnapping	3.142
horton	3.142
logistiek	3.142
zn	3.142
vp	3.142
aantasten	3.142
uitvoerde	3.142
kuddes	3.142
lowry	3.142
gastvrij	3.142
misverstanden	3.142
europeanen	3.142
ontvankelijk	3.142
relais	3.142
huurden	3.142
verduidelijken	3.142
bears	3.142
billenkoek	3.142
pamfletten	3.142
vliezen	3.142
moedertje	3.142
groepjes	3.142
willoughby	3.142
achmed	3.142
felipe	3.141
alexei	3.141
devereaux	3.141
gedeporteerd	3.141
eichmann	3.141
aftocht	3.141
waardeerde	3.141
aantreden	3.141
uitgegooid	3.141
geoloog	3.141
begunstigde	3.141
gecontacteerd	3.141
gezant	3.141
toga	3.141
laan	3.141
disciplinaire	3.141
tampons	3.141
libanon	3.141
mekka	3.141
claimt	3.141
gonzales	3.141
oostkant	3.141
criteria	3.141
tapijten	3.141
voetstuk	3.141
misleidend	3.141
hijgen	3.141
neefjes	3.141
diversiteit	3.141
zedd	3.141
vermijdt	3.141
bontjas	3.141
dix	3.141
gunt	3.141
geassocieerd	3.141
ruïneert	3.141
zaklantaarn	3.141
voorgevallen	3.140
gloeien	3.140
méér	3.140
mckenzie	3.140
afgetuigd	3.140
falcone	3.140
vinick	3.140
brandstichter	3.140
thai	3.140
annabel	3.140
watch	3.140
knorretje	3.140
mijlenver	3.140
fiction	3.140
dougal	3.140
unief	3.140
draaimolen	3.140
concreets	3.140
naaktfoto	3.140
opgetreden	3.140
verdovende	3.140
potverdorie	3.140
arms	3.140
zeeland	3.140
snotaap	3.138
opgevat	3.138
royale	3.138
raiders	3.138
ole	3.138
gerookte	3.138
zoetje	3.138
verworven	3.138
damascus	3.138
voortgezet	3.138
prooien	3.138
armzalige	3.138
vereisen	3.138
nederzetting	3.138
accounts	3.138
onuitstaanbaar	3.138
uitkammen	3.138
scherf	3.138
uithoek	3.138
werktuig	3.138
schuin	3.138
woordjes	3.138
arsenicum	3.138
lightning	3.138
overtrad	3.138
karkas	3.138
koopman	3.138
knapperig	3.138
krioelt	3.138
spoorde	3.138
vastgemaakt	3.138
panthers	3.138
gewenste	3.138
stuiteren	3.138
redactie	3.138
formaliteiten	3.138
drinker	3.138
bespotten	3.138
zed	3.138
schoolbus	3.138
veulen	3.138
sanjay	3.138
tennissen	3.137
taakstraf	3.137
rijzen	3.137
lintje	3.137
verloven	3.137
baines	3.137
trace	3.137
pioniers	3.137
knipper	3.137
omringt	3.137
roker	3.137
lucie	3.137
rosalie	3.137
hobson	3.137
getolereerd	3.137
accessoires	3.137
waverly	3.137
zink	3.136
pacemaker	3.136
gemoedstoestand	3.136
opstandelingen	3.136
bekleding	3.136
obelix	3.136
roderick	3.136
vodden	3.136
wash	3.136
jetlag	3.136
archeologen	3.136
complicatie	3.136
sheriffs	3.136
stargate	3.136
vermommen	3.136
gepoept	3.136
doordraaien	3.136
kwijtraak	3.136
hiel	3.136
nestelen	3.136
kruidenier	3.136
ontloopt	3.136
regie	3.136
midsomer	3.136
verholpen	3.136
clouseau	3.136
faulkner	3.136
verraderlijk	3.136
capsules	3.136
wicht	3.136
pasadena	3.136
calhoun	3.136
nicholson	3.136
massey	3.136
gevaarlijks	3.136
zalige	3.136
lise	3.136
verbood	3.136
hertrouwd	3.136
marcello	3.136
binnenstebuiten	3.136
nóg	3.136
d.a.	3.135
chapel	3.135
behaald	3.135
ongemakkelijke	3.135
bezigheden	3.135
institute	3.135
pilates	3.135
henrietta	3.135
inruilen	3.135
overdonderd	3.135
rijder	3.135
aansluit	3.135
gant	3.135
martelingen	3.135
göring	3.135
step	3.135
morsen	3.135
kel	3.135
herroepen	3.135
drugsgeld	3.135
bezwijken	3.135
contacteer	3.135
oorlogstijd	3.135
malt	3.135
winkelier	3.135
verschuilt	3.135
dealde	3.135
prefect	3.135
boekenclub	3.135
daalde	3.135
pruiken	3.135
drogist	3.135
mrzazou	3.135
terugzetten	3.135
moersleutel	3.135
laagje	3.135
wederopstanding	3.135
ergert	3.135
vila	3.135
teweeg	3.135
bovennatuurlijk	3.135
zaait	3.135
through	3.135
paulo	3.134
bosnië	3.134
bekentenissen	3.134
tr	3.134
overwoog	3.134
overspannen	3.134
atkins	3.134
boogschutter	3.134
verzweeg	3.134
spetter	3.134
maandagochtend	3.134
bijstellen	3.134
grieten	3.134
giants	3.134
upgrade	3.134
toeschouwer	3.134
autopech	3.134
gesponsord	3.134
pelant	3.134
aspen	3.134
anale	3.134
overstralen	3.134
ontvoerden	3.134
colombianen	3.134
hersenactiviteit	3.134
gemeenschappen	3.134
geweldigste	3.134
ripped	3.134
benito	3.134
johnston	3.134
opkomende	3.134
chemicus	3.134
klapt	3.134
afgezocht	3.134
gestaakt	3.134
kleurrijke	3.134
bevrijdde	3.134
bijleggen	3.134
echtelijke	3.134
onwerkelijk	3.132
labyrint	3.132
tweederangs	3.132
birch	3.132
prostaat	3.132
uitgegleden	3.132
cherokee	3.132
going	3.132
zegeningen	3.132
mobile	3.132
verstuikt	3.132
ferry	3.132
opblaast	3.132
verweer	3.132
clarkson	3.132
vlechten	3.132
stamcellen	3.132
haynes	3.132
edelstenen	3.132
hermes	3.132
moby	3.132
doetje	3.132
recessie	3.132
hemden	3.132
touwtje	3.132
trotter	3.132
7e	3.132
schoolmeisje	3.132
schil	3.132
afvallige	3.132
claudius	3.132
emilia	3.132
defiant	3.132
boothuis	3.132
merkten	3.132
gedachtes	3.132
commandanten	3.132
zeelui	3.131
moorddadige	3.131
concluderen	3.131
cosimo	3.131
lafbek	3.131
bioloog	3.131
begroeven	3.131
tanaka	3.131
dassen	3.131
wagons	3.131
vanop	3.131
wifi	3.131
verdiensten	3.131
hat	3.131
uitschakelt	3.131
vierentwintig	3.131
dierlijk	3.131
albright	3.131
fayed	3.131
chamberlain	3.131
frederic	3.131
kruiser	3.131
dreven	3.131
ritter	3.131
strijk	3.131
meteorieten	3.131
karamel	3.131
plaatsvervanger	3.131
overmacht	3.131
brander	3.131
bleekscheet	3.131
afstammeling	3.131
vierden	3.130
ontmoedigen	3.130
synthetisch	3.130
vibraties	3.130
knieen	3.130
fragiel	3.130
uitte	3.130
parkeert	3.130
cafés	3.130
vertraag	3.130
vogeltjes	3.130
neurochirurg	3.130
bergman	3.130
portugees	3.130
zodiac	3.130
beletten	3.130
kooldioxide	3.130
pooiers	3.130
cbs	3.130
cyborg	3.130
rawlins	3.130
kannibalen	3.130
spice	3.130
xbox	3.130
gareel	3.130
action	3.130
snurken	3.130
sleepwagen	3.130
beëindigde	3.130
banjo	3.130
naasten	3.130
niklaus	3.130
heroveren	3.130
kreten	3.130
tahoe	3.130
eetbaar	3.130
minibar	3.130
dolgelukkig	3.130
rampzalige	3.130
maandagavond	3.130
narcisse	3.130
bommenwerper	3.130
depositair	3.130
vanalles	3.130
aankeek	3.130
kinderachtige	3.130
trekstraal	3.130
celgenoot	3.130
enz	3.130
vuilnisman	3.129
hermann	3.129
vervulling	3.129
gehypnotiseerd	3.129
michaela	3.129
lon	3.129
goedvindt	3.129
habitat	3.129
laboratoria	3.129
annabeth	3.129
verlaag	3.129
rolmodel	3.129
luchtvaart	3.129
stomen	3.129
opgestegen	3.129
traject	3.129
mos	3.129
patel	3.129
olijfolie	3.129
aanspreekt	3.129
gong	3.129
ami	3.129
leblanc	3.129
onderbrak	3.129
ronddraaien	3.129
living	3.129
poepie	3.129
geweerschoten	3.129
machinist	3.129
verwonderlijk	3.129
iaat	3.129
macdonald	3.129
terugkijken	3.129
rosbief	3.129
serveer	3.129
alledaags	3.129
para	3.129
verscheur	3.127
paranormaal	3.127
ivoor	3.127
moto	3.127
strategieën	3.127
conventionele	3.127
arkansas	3.127
inrekenen	3.127
terugkrijg	3.127
lasalle	3.127
julianne	3.127
zwoegen	3.127
obi-wan	3.127
asbest	3.127
karaat	3.127
verzorger	3.127
aanklaagt	3.127
briesje	3.127
10e	3.127
werkloze	3.127
schram	3.127
teruggeroepen	3.127
garant	3.127
bulls	3.127
hoertjes	3.127
afvroeg	3.127
wegblijft	3.127
tsukasa	3.127
schokgolf	3.126
telepathie	3.126
advokaat	3.126
facturen	3.126
schold	3.126
linkt	3.126
zeikerd	3.126
omga	3.126
canning	3.126
cornwall	3.126
servies	3.126
beoordeelt	3.126
raptor	3.126
gaspedaal	3.126
boogschutters	3.126
sjamaan	3.126
boca	3.126
mijlpaal	3.126
biggs	3.126
achterhoudt	3.126
deurknop	3.126
ingebouwd	3.126
okinawa	3.126
ontucht	3.126
uilskuiken	3.126
niki	3.126
bestraling	3.126
onvoorziene	3.126
downton	3.126
datums	3.126
elfjes	3.126
verticaal	3.126
ground	3.126
gewoonlijke	3.126
oksels	3.126
omgekleed	3.125
woodward	3.125
traceer	3.125
vervloeking	3.125
ecstasy	3.125
clover	3.125
teennagels	3.125
verwrongen	3.125
conroy	3.125
industrieel	3.125
birma	3.125
alom	3.125
stalingrad	3.125
toekeren	3.125
mikael	3.125
uitgedacht	3.125
opgedrongen	3.125
fluwelen	3.125
bijzonderheden	3.125
veegde	3.125
marv	3.125
opzouten	3.125
rottende	3.125
mojo	3.125
mascara	3.125
crais	3.125
fleur	3.125
kwartiertje	3.125
besprekingen	3.125
onthouding	3.125
naarje	3.125
verdedigers	3.125
meade	3.125
dent	3.125
gerda	3.125
ontruimd	3.125
entiteit	3.124
cholera	3.124
bedaar	3.124
juristen	3.124
naruto	3.124
muilezel	3.124
germaine	3.124
berust	3.124
speedy	3.124
passief	3.124
boosaardig	3.124
uitvluchten	3.124
kali	3.124
wanna	3.124
abrams	3.124
opgediend	3.124
panel	3.124
bloedarmoede	3.124
hotchner	3.124
aanstaan	3.124
whitmore	3.124
loten	3.124
inschrijving	3.124
veldmaarschalk	3.124
gangetje	3.124
poppetje	3.124
spade	3.124
voortleven	3.124
cadetten	3.124
mededelen	3.124
greenwich	3.124
verdrongen	3.124
okidoki	3.124
chapo	3.124
creed	3.124
eendje	3.124
sundance	3.124
vruchtbaarheid	3.124
financiert	3.124
watten	3.124
than	3.124
heinz	3.122
mum	3.122
bouillon	3.122
bespioneer	3.122
gepresenteerd	3.122
moerassen	3.122
servische	3.122
engineering	3.122
kabouters	3.122
zweed	3.122
monarchie	3.122
lupus	3.122
blokje	3.122
verminkte	3.122
voortvluchtigen	3.122
weggespoeld	3.122
gedesoriënteerd	3.122
vervoegen	3.122
tropisch	3.122
feedback	3.122
twain	3.122
taille	3.122
philips	3.122
componist	3.122
doorgedrongen	3.122
toekijkt	3.122
genant	3.122
wrijving	3.122
decoratie	3.122
boxer	3.122
homoseksualiteit	3.122
jeffersonian	3.122
vervalser	3.122
afreageren	3.122
verbranding	3.122
westelijk	3.122
ruimteschepen	3.122
howell	3.122
shana	3.122
verstoorde	3.122
intelligence	3.122
verlangd	3.122
fascist	3.121
uitlekken	3.121
kremlin	3.121
roei	3.121
zonsopkomst	3.121
bezette	3.121
moreau	3.121
residu	3.121
gillend	3.121
kenobi	3.121
geringste	3.121
vuurlinie	3.121
harteloze	3.121
doekje	3.121
stoplicht	3.121
koeriers	3.121
plaatsvervangend	3.121
ladies	3.121
verzamelden	3.121
reddingsboot	3.121
breedte	3.121
fuif	3.121
ladderzat	3.121
zuidpool	3.121
schoolkrant	3.121
rikers	3.121
voorliefde	3.121
mallard	3.121
doses	3.121
sas	3.121
bemoedigend	3.121
ex-gevangene	3.121
schouwspel	3.121
darrell	3.121
mm-hm	3.121
bunkers	3.121
verbrijzelde	3.121
fundamenteel	3.121
berk	3.121
kolom	3.121
things	3.121
terugtrekking	3.121
hebzuchtig	3.121
ulrich	3.121
moz	3.121
inquisitie	3.121
kinder	3.121
coördinatie	3.121
ahsoka	3.120
messer	3.120
always	3.120
opdaagt	3.120
volgeling	3.120
munch	3.120
geeneens	3.120
voorbeeldig	3.120
root	3.120
klaarstaat	3.120
find	3.120
chardonnay	3.120
doorheeft	3.120
kroonprins	3.120
refrein	3.120
olson	3.120
sports	3.120
waller	3.120
luist	3.120
traci	3.120
toothless	3.120
wijkt	3.120
grantham	3.120
rebellie	3.120
pepperspray	3.120
jer	3.120
manipuleerde	3.120
ommetje	3.120
pod	3.120
komkommer	3.120
indiaas	3.120
collectieve	3.120
koffieshop	3.120
speurwerk	3.120
uitviel	3.120
renard	3.120
rakker	3.120
vissersboot	3.120
oncomfortabel	3.120
opstandig	3.120
swagboy	3.118
premiejagers	3.118
riskante	3.118
atropine	3.118
ontketenen	3.118
thuiswereld	3.118
hybriden	3.118
mishandelen	3.118
vrijster	3.118
kaarslicht	3.118
gehandicapten	3.118
hallucineren	3.118
pieter	3.118
trigger	3.118
uilen	3.118
bewijsstukken	3.118
oostelijk	3.118
etages	3.118
beding	3.118
blye	3.118
rugpijn	3.118
icarly	3.118
meedoe	3.118
low	3.118
vergoed	3.118
turn	3.118
overheersen	3.118
profielen	3.118
karton	3.118
thx	3.118
jemen	3.118
erkende	3.118
jochies	3.118
renata	3.118
wratten	3.118
angelus	3.118
eerlijker	3.118
werkje	3.118
salto	3.118
bazooka	3.118
afgetapt	3.118
wachtwoorden	3.118
wijnkelder	3.118
heethoofd	3.118
monteren	3.118
hitchcock	3.118
frazier	3.118
makelaars	3.118
stromend	3.117
anarchisten	3.117
grondige	3.117
algebra	3.117
versierde	3.117
pizzeria	3.117
herdenkingsdienst	3.117
uitgedaan	3.117
belemmert	3.117
begeert	3.117
bespeelde	3.117
beangstigt	3.117
moeilijkst	3.117
habib	3.117
hein	3.117
straight	3.117
gegraveerd	3.117
paaien	3.117
receptionist	3.117
walkers	3.117
fakkels	3.117
stripboek	3.117
logboeken	3.117
dagdromen	3.117
showbusiness	3.117
serieuzer	3.117
eèn	3.117
stokjes	3.117
farnsworth	3.117
rotwijf	3.117
slokdarm	3.117
wederdienst	3.117
trainingskamp	3.117
ingedrukt	3.117
inwendig	3.117
bewaarder	3.117
direkt	3.116
verstrooid	3.116
shep	3.116
klinieken	3.116
stangen	3.116
rijzende	3.116
inbreng	3.116
pornografie	3.116
avontuurlijk	3.116
lassen	3.116
weerhield	3.116
gewroken	3.116
aanvullen	3.116
bello	3.116
woordenwisseling	3.116
lower	3.116
digger	3.116
spuugde	3.116
vernietigden	3.116
sneeuwen	3.116
weggelegd	3.116
tegenkwamen	3.116
condor	3.116
terugspoelen	3.116
verkoopster	3.116
verschrikkingen	3.116
projectie	3.116
astronomie	3.116
hercule	3.116
opvreten	3.116
abc	3.116
valentina	3.116
symbiont	3.116
definieer	3.116
je.	3.116
onderlinge	3.116
smak	3.116
slaapwandelen	3.116
samenvoegen	3.116
vermogens	3.116
zeehonden	3.115
filmsterren	3.115
gesynchroniseerd	3.115
kanarie	3.115
octavia	3.115
loge	3.115
drommel	3.115
fortune	3.115
hawking	3.115
longo	3.115
lichtgeraakt	3.115
bedelaars	3.115
geamuseerd	3.115
houtskool	3.115
afscheidsbrief	3.115
mentaliteit	3.115
pavel	3.115
bezoekuur	3.115
pleisters	3.115
cum	3.115
kristina	3.115
chu	3.115
kalme	3.115
myra	3.115
nicaragua	3.115
quote	3.115
bloemetjes	3.115
labels	3.115
thermometer	3.115
belazer	3.115
leukst	3.115
ontspannend	3.115
jingle	3.115
fenomenaal	3.115
lodewijk	3.115
keenan	3.113
rae	3.113
profijt	3.113
janty	3.113
flanagan	3.113
ers	3.113
socrates	3.113
dienstverlening	3.113
citroenen	3.113
parcours	3.113
vezel	3.113
nfl	3.113
versier	3.113
afvalbak	3.113
ontstekers	3.113
binnenland	3.113
huntley	3.113
thais	3.113
alexandre	3.113
gewaagde	3.113
stockton	3.113
zondig	3.113
crosby	3.113
crews	3.113
xev	3.113
odette	3.113
overtuigende	3.113
ijverig	3.113
donaldson	3.113
nazir	3.113
margaux	3.113
bora	3.113
hmmm	3.112
pancho	3.112
bridges	3.112
sponsoren	3.112
chatten	3.112
evolutionaire	3.112
uitvoerend	3.112
geschiede	3.112
maw	3.112
jippie	3.112
armando	3.112
spatten	3.112
dagvaarden	3.112
probleempjes	3.112
mcdeere	3.112
samengevat	3.112
veldslagen	3.112
levensduur	3.112
leerzaam	3.112
bevroor	3.112
bloedvlekken	3.112
individueel	3.112
porren	3.112
mongolen	3.112
cult	3.112
zakmes	3.112
bijnamen	3.112
voorraadkamer	3.112
tweeënhalf	3.112
diensttijd	3.112
vaginale	3.112
concreet	3.112
verwoestende	3.112
pauzes	3.112
motten	3.112
inzamelen	3.112
aanknopingspunt	3.112
corvette	3.112
baltar	3.112
schilders	3.112
iphone	3.112
producers	3.112
rooien	3.112
pleegzorg	3.112
inc	3.112
vervalsingen	3.112
pinkgaai	3.111
bakkie	3.111
chloroform	3.111
kwetsbaarheid	3.111
schoner	3.111
wimpers	3.111
smash	3.111
vastpakken	3.111
zoute	3.111
materiële	3.111
proefpersoon	3.111
logischer	3.111
lachje	3.111
uitgekleed	3.111
wan	3.111
dansles	3.111
onbeschermd	3.111
oppikte	3.111
kiespijn	3.111
cicero	3.111
binnenkomst	3.111
wandelingen	3.111
rijdend	3.111
walrus	3.111
gedoken	3.111
far	3.111
aviv	3.111
mountains	3.111
kwaaie	3.111
steekpenningen	3.111
boontje	3.111
snoes	3.111
touché	3.111
rommeltje	3.109
mazelen	3.109
slijpen	3.109
paraatheid	3.109
gezelligheid	3.109
spartanen	3.109
nigeria	3.109
verschepen	3.109
tanker	3.109
tyrone	3.109
lekkage	3.109
harem	3.109
d.n.a.	3.109
onzinnig	3.109
infecteren	3.109
black-outs	3.109
rivaliserende	3.109
onwetende	3.109
shoot	3.109
ain	3.109
sforza	3.109
stimulans	3.109
versiering	3.109
wegrende	3.109
gekookte	3.109
sterken	3.109
smaakvol	3.109
jaszak	3.109
afvoeren	3.109
observatorium	3.109
buick	3.109
ondergeschikte	3.109
frobisher	3.109
rani	3.109
parameters	3.109
opvragen	3.109
geheid	3.108
maarschalk	3.108
ertegenaan	3.108
wasbak	3.108
peilen	3.108
mile	3.108
gigolo	3.108
sleutelkaart	3.108
revoir	3.108
aanwezige	3.108
stelletjes	3.108
sloeber	3.108
katz	3.108
kuur	3.108
agos	3.108
schneider	3.108
ideeen	3.108
martelt	3.108
affaires	3.108
levenstekens	3.108
fragment	3.108
doodzonde	3.108
guerrilla	3.108
bezweet	3.108
leunt	3.108
copiloot	3.108
rainer	3.108
inleiding	3.108
mccain	3.108
scholieren	3.108
oevers	3.108
aziaten	3.108
zangers	3.108
tv-serie	3.108
wrijft	3.108
onderwijzer	3.108
stekels	3.108
aansprakelijkheid	3.108
verschiet	3.108
pionnen	3.108
anastasia	3.108
daedalus	3.108
ramón	3.108
schuurtje	3.108
dominant	3.108
bonaparte	3.108
birdie	3.108
rokken	3.108
chaz	3.108
voordragen	3.108
postuur	3.108
bedaren	3.108
workshop	3.108
nagenoeg	3.107
schuldgevoelens	3.107
palestijnse	3.107
hĳ	3.107
tiberius	3.107
verafschuw	3.107
jaagde	3.107
secnav	3.107
errol	3.107
mer	3.107
kleineren	3.107
albums	3.107
beginneling	3.107
terminale	3.107
pijpleiding	3.107
bijgelegd	3.107
ommekeer	3.107
covenant	3.107
mine	3.107
syracuse	3.107
drugsgebruik	3.107
koeling	3.107
lammetje	3.107
kincaid	3.107
kebab	3.107
universums	3.107
barber	3.107
ronon	3.107
balken	3.107
hoogleraar	3.107
superkracht	3.107
lelijkste	3.107
linkervoet	3.107
doorgelicht	3.107
hebje	3.107
koetsier	3.107
inspirerende	3.107
relikwie	3.107
zwermen	3.107
hadar	3.107
oostenrijkse	3.107
portfolio	3.107
onderbuik	3.107
nooduitgang	3.105
stoffig	3.105
verminken	3.105
fascistische	3.105
tegenhield	3.105
verdiept	3.105
componenten	3.105
balkan	3.105
donnell	3.105
soprano	3.105
houlihan	3.105
nationals	3.105
krampen	3.105
beschermden	3.105
gekotst	3.105
wraakzuchtig	3.105
gijzelen	3.105
zoila	3.105
shin	3.105
schwartz	3.105
nietsnutten	3.105
liefdesbrieven	3.105
tolereer	3.105
quick	3.105
vingen	3.105
zhao	3.105
sampson	3.105
gefixeerd	3.105
pushen	3.105
childs	3.105
fysiotherapie	3.105
dis	3.105
colbert	3.105
seminarie	3.105
presentator	3.105
vervreemd	3.105
downey	3.105
verslonden	3.105
gevang	3.104
checkt	3.104
informeerde	3.104
z`n	3.104
kangoeroe	3.104
baton	3.104
lutz	3.104
verhuur	3.104
omarm	3.104
ansjovis	3.104
ontgoocheld	3.104
springstof	3.104
ogenblikken	3.104
huisvesting	3.104
uitgooien	3.104
oorlogsschepen	3.104
gebod	3.104
herrezen	3.104
poept	3.104
geïnfecteerde	3.104
opsluit	3.104
louvre	3.104
blanchard	3.104
exorcisme	3.104
gustavo	3.104
curator	3.104
verwisselde	3.104
baylor	3.104
huishoudelijke	3.104
vikram	3.104
walking	3.104
opzichtig	3.104
zaadje	3.104
bessie	3.104
cesare	3.104
saroyan	3.104
sams	3.104
identificeert	3.104
peso	3.104
transfusie	3.104
noodweer	3.104
keurde	3.104
verhuizers	3.104
siegel	3.103
controleerden	3.103
diablo	3.103
newcastle	3.103
martins	3.103
ratelslang	3.103
middleton	3.103
karel	3.103
verwittigd	3.103
kwalificaties	3.103
augie	3.103
crimes	3.103
brullen	3.103
nestor	3.103
notitieboekje	3.103
lieverds	3.103
aards	3.103
sdl	3.103
fay	3.103
losjes	3.103
zwangerschapstest	3.103
delhi	3.103
kous	3.103
nalopen	3.103
buitenspel	3.103
offert	3.103
gemeenste	3.103
gekroond	3.103
omdraaide	3.103
guantanamo	3.103
crixus	3.103
strijdbijl	3.103
vooroordeel	3.103
afgeschaft	3.103
opschuiven	3.103
vietnamese	3.103
stack	3.103
beraad	3.103
sibley	3.103
gisborne	3.101
meloenen	3.101
aandeden	3.101
wick	3.101
buikspieren	3.101
tulsa	3.101
baz	3.101
stichters	3.101
susannah	3.101
nothing	3.101
uitgingen	3.101
doorboorde	3.101
opwindt	3.101
que	3.101
nostradamus	3.101
kernkoppen	3.101
mensenhandel	3.101
tiara	3.101
bolt	3.101
authentieke	3.101
uitbetalen	3.101
beeft	3.101
echtgenotes	3.101
teleurstel	3.101
inwijding	3.101
hewitt	3.101
spoedeisende	3.101
inmenging	3.101
centre	3.101
shapiro	3.101
kleven	3.101
verblijfsvergunning	3.101
pauw	3.101
paoli	3.101
berman	3.101
stroomuitval	3.101
schiereiland	3.101
antonia	3.101
respons	3.101
press	3.101
hiep	3.101
reguliere	3.101
malloot	3.101
ca	3.100
gereedmaken	3.100
gekapt	3.100
opperbevel	3.100
smoren	3.100
doo	3.100
mayfield	3.100
tory	3.100
altman	3.100
hersencellen	3.100
pastorie	3.100
mares	3.100
alphonse	3.100
openstellen	3.100
zonnebrand	3.100
vernoemen	3.100
toegaf	3.100
bedonderen	3.100
groepering	3.100
base	3.100
griffier	3.100
dankuwel	3.100
peuken	3.100
netvlies	3.100
beacon	3.100
toenemende	3.100
hitman	3.100
cale	3.100
geperst	3.100
afgelost	3.100
leeftijden	3.100
mof	3.100
posttraumatische	3.100
bakstenen	3.100
were	3.100
voetjes	3.100
crypte	3.100
updates	3.099
mooney	3.099
schotels	3.099
houder	3.099
clementine	3.099
mandaat	3.099
lelijkerd	3.099
bazel	3.099
wantrouwig	3.099
hutje	3.099
naderende	3.099
betaaldag	3.099
perimeter	3.099
calais	3.099
kreek	3.099
carlito	3.099
gelikt	3.099
vrachtwagenchauffeur	3.099
vergeefs	3.099
bekommeren	3.099
waak	3.099
defecte	3.099
sancties	3.099
godslastering	3.099
geveegd	3.099
ingeënt	3.099
vrek	3.099
bejaardentehuis	3.099
aartsvijand	3.099
stamp	3.099
win-win	3.099
kunstje	3.099
bogen	3.099
gefeest	3.099
nba	3.099
ruïneerde	3.099
gitarist	3.099
arctic	3.099
casablanca	3.099
beteken	3.099
samenwerkten	3.099
sneakers	3.099
schroothoop	3.099
spanjaard	3.099
gezichtsvermogen	3.099
gulden	3.099
pie	3.099
6e	3.099
geplaagd	3.099
larie	3.099
diploma-uitreiking	3.099
toentertijd	3.099
funky	3.099
hubble	3.099
cheetah	3.099
bakte	3.097
piepkleine	3.097
volwassenheid	3.097
veroverde	3.097
veto	3.097
onbelangrijke	3.097
bonden	3.097
deugde	3.097
ass	3.097
wierook	3.097
aram	3.097
glipt	3.097
bemiddelaar	3.097
suarez	3.097
verklapt	3.097
fictief	3.097
indian	3.097
uitpakt	3.097
binnenstormen	3.097
dharma	3.097
wafel	3.097
vikingen	3.097
uitgeverij	3.097
krengen	3.097
fairfax	3.097
heropend	3.097
petersburg	3.097
uitvalt	3.097
causton	3.097
uitgespeeld	3.097
verpleegkundigen	3.097
kwets	3.097
solidariteit	3.097
emerald	3.097
huxley	3.097
wenkbrauw	3.097
datjij	3.097
human	3.097
standing	3.097
mercury	3.097
afgetrokken	3.097
districten	3.097
immigrant	3.097
sjouwen	3.096
truffels	3.096
boks	3.096
marshalls	3.096
albino	3.096
afzet	3.096
kruisje	3.096
samaritaan	3.096
verzoenen	3.096
artemis	3.096
genadige	3.096
rondgaan	3.096
filiaal	3.096
dietrich	3.096
ichi	3.096
doordrenkt	3.096
into	3.096
wreker	3.096
hartverscheurend	3.096
wurgt	3.096
alligators	3.096
afrit	3.096
ontweek	3.096
ondertitel	3.096
regelrechte	3.096
middenklasse	3.096
ophaalde	3.096
credits	3.096
schoolgeld	3.096
dupe	3.096
handelsmerk	3.096
claudette	3.096
highland	3.096
burkhardt	3.096
shack	3.096
mtv	3.096
kampioenschappen	3.096
schietschijf	3.096
roodkapje	3.096
jongemannen	3.096
soto	3.096
eiken	3.096
kokkin	3.096
onvoorwaardelijke	3.095
ebola	3.095
bovenin	3.095
decoderen	3.095
aankom	3.095
peuter	3.095
roestige	3.095
parkinson	3.095
besmettelijke	3.095
fiscale	3.095
oppakte	3.095
bevoegdheden	3.095
tilly	3.095
oogjes	3.095
debuut	3.095
wills	3.095
tv-programma	3.095
lastigvalt	3.095
stuwraketten	3.095
koosjer	3.095
kwan	3.095
pepsi	3.095
quo	3.095
kwetste	3.095
meissie	3.095
meervoud	3.095
kruist	3.095
perceel	3.095
quebec	3.095
daartegen	3.095
kweek	3.095
onverantwoord	3.095
manchetknopen	3.095
californie	3.095
dekte	3.095
recensies	3.095
vrijheidsbeeld	3.095
class	3.095
overweldigende	3.095
spelt	3.095
luchtsteun	3.095
agency	3.095
lau	3.095
xiii	3.095
onvoorbereid	3.095
gaga	3.095
vrijspraak	3.095
bedrijfsleider	3.095
verhoede	3.095
9mm	3.095
benut	3.095
faa	3.093
tekenaar	3.093
rijkdommen	3.093
afdwingen	3.093
diepvries	3.093
arcadia	3.093
posse	3.093
familiezaken	3.093
stickers	3.093
aardappelpuree	3.093
gewin	3.093
studentes	3.093
spector	3.093
afmaak	3.093
cod	3.093
bevrediging	3.093
spuwen	3.093
toppen	3.093
regelingen	3.093
uitgevaardigd	3.093
opblies	3.093
waardevoller	3.093
stervend	3.093
cath	3.093
realiseerden	3.093
n.	3.093
alcoholisten	3.093
ravens	3.093
worstelaar	3.093
somalië	3.093
stilgelegd	3.093
stiefzoon	3.093
pied	3.093
kepner	3.093
pienter	3.093
gladiatoren	3.093
kidnappen	3.093
wurg	3.093
doorzien	3.093
uitputting	3.093
tegenspraak	3.093
belaagd	3.093
balboa	3.093
pepers	3.092
impotent	3.092
wren	3.092
terugkerende	3.092
zatlap	3.092
flight	3.092
verdenkingen	3.092
nbc	3.092
oester	3.092
bajonet	3.092
madge	3.092
oost-europa	3.092
toyota	3.092
mollig	3.092
fusco	3.092
konijntjes	3.092
tupac	3.092
zegent	3.092
magneten	3.092
ziener	3.092
liederen	3.092
cottage	3.092
miezerige	3.092
tientje	3.092
bundel	3.092
pulp	3.092
knikkers	3.092
ahmad	3.092
instemt	3.092
wijsgemaakt	3.092
adder	3.092
pollock	3.092
duurzame	3.092
satellietbeelden	3.092
verklikken	3.092
dear	3.092
1ste	3.092
ressler	3.092
puntige	3.092
mathis	3.092
ketens	3.092
vreemdgaat	3.092
wespen	3.092
opwelling	3.092
merkwaardige	3.092
tigers	3.092
coffee	3.092
kwakzalver	3.092
wijsvinger	3.092
ucla	3.091
xanax	3.091
hoo	3.091
apos	3.091
manoeuvres	3.091
enid	3.091
meryl	3.091
portia	3.091
ammoniak	3.091
luisterend	3.091
discipelen	3.091
wegvliegen	3.091
vingertoppen	3.091
aansluiting	3.091
mythische	3.091
voetbalwedstrijd	3.091
spitten	3.091
extremisten	3.091
wortelen	3.091
pedicure	3.091
wablief	3.091
protestanten	3.091
oppasser	3.091
santini	3.091
groupie	3.091
puik	3.091
westkant	3.091
gabber	3.091
haarkleur	3.091
inflatie	3.091
combinaties	3.091
potts	3.091
goddomme	3.091
usb	3.091
rekeningnummer	3.091
genre	3.091
bezaaid	3.091
hoofdgerecht	3.091
zweepslagen	3.091
palestijnen	3.091
tsjetsjenië	3.091
tuttle	3.091
uitgeteld	3.091
armeense	3.091
gunny	3.091
hoffelijk	3.091
vervolgt	3.091
inzichten	3.091
ontbijtgranen	3.091
andrej	3.091
afrikaans	3.091
uitgebuit	3.091
kal-el	3.091
aantrof	3.091
is-	3.091
mcallister	3.091
mouch	3.091
rutherford	3.089
afdalen	3.089
vuilniszak	3.089
condé	3.089
charly	3.089
gestabiliseerd	3.089
overwinnaar	3.089
onregelmatigheden	3.089
geloofwaardige	3.089
matheson	3.089
primaten	3.089
aandringt	3.089
prefereer	3.089
besmeurd	3.089
gesp	3.089
moesson	3.089
rockwell	3.089
bannon	3.089
horoscoop	3.089
spoelt	3.089
sneeuwman	3.089
buford	3.089
kwallen	3.089
vlekkeloos	3.089
whitaker	3.089
irma	3.089
transportkamer	3.089
allerliefste	3.089
slimmerd	3.089
herkansing	3.089
verstikken	3.089
vraagteken	3.089
gereedschapskist	3.089
vernieuwd	3.089
meute	3.089
gekrabd	3.089
thaise	3.089
verpleging	3.089
ondervragingen	3.089
engeltjes	3.088
zever	3.088
kinds	3.088
knipte	3.088
stromingen	3.088
verplichten	3.088
icarus	3.088
verleidde	3.088
passagierslijst	3.088
verlichte	3.088
perceptie	3.088
graniet	3.088
landon	3.088
lobo	3.088
feestelijk	3.088
groeve	3.088
panelen	3.088
piramiden	3.088
bells	3.088
visje	3.088
slagtanden	3.088
reich	3.088
doggett	3.088
poef	3.088
luchtvaartmaatschappij	3.088
hoofdvak	3.088
nummerplaten	3.088
vertrapt	3.088
chateau	3.088
moi	3.088
koreanen	3.088
pelgrim	3.088
rep	3.088
vluchtplan	3.088
aanging	3.088
razende	3.088
internaat	3.088
hertrouwen	3.088
degelijke	3.088
guerrero	3.088
teigetje	3.088
flatje	3.088
hulpmiddel	3.088
bewerkte	3.088
levensonderhoud	3.088
vernederde	3.088
hebbende	3.088
next	3.088
snelheden	3.088
voorgedaan	3.088
fist	3.087
hamid	3.087
weerspiegeling	3.087
allesbehalve	3.087
ingehouden	3.087
gekloot	3.087
rijmen	3.087
verbanning	3.087
dijk	3.087
correcties	3.087
vertraagde	3.087
rotatie	3.087
soja	3.087
viezigheid	3.087
angstige	3.087
brando	3.087
afstammelingen	3.087
oneerlijke	3.087
kettingreactie	3.087
doodlopend	3.087
enfin	3.087
drietand	3.087
verschijnsel	3.087
kelen	3.087
ghb	3.087
zonne-energie	3.087
moedigt	3.087
buffels	3.087
webcam	3.087
maatregel	3.087
paashaas	3.087
onderscheidt	3.087
glorieus	3.087
gibraltar	3.087
thuisgebracht	3.087
verstandiger	3.087
overloper	3.087
dressing	3.087
coming	3.087
nerveuze	3.087
avontuurtje	3.087
miley	3.087
fondsenwerving	3.087
fuentes	3.087
clemens	3.087
slagschip	3.087
montage	3.087
vierhonderd	3.087
kobe	3.087
kassier	3.087
erotisch	3.085
cabo	3.085
hysterie	3.085
slaapmutsje	3.085
equivalent	3.085
spijsvertering	3.085
naamplaatje	3.085
nightfalls	3.085
verwed	3.085
uitbreekt	3.085
blowen	3.085
inslikken	3.085
musicus	3.085
mettertijd	3.085
tijdschema	3.085
plakboek	3.085
stuifmeel	3.085
lakers	3.085
twijfelachtige	3.085
uno	3.085
knoeit	3.085
landingsgestel	3.085
revanche	3.085
bollen	3.085
goeroe	3.085
wave	3.085
hardman	3.085
gorman	3.085
vervlogen	3.085
steenkool	3.085
doktor	3.085
fentanyl	3.085
opgave	3.085
scoor	3.085
vluchtige	3.085
capabel	3.085
onderhoudt	3.085
xtreme	3.085
trump	3.085
vermeldde	3.085
weeral	3.085
bloeiende	3.085
mansfield	3.085
vergooien	3.085
milos	3.085
maury	3.085
volken	3.085
lichaamsdeel	3.084
perse	3.084
burgerlijk	3.084
deena	3.084
kokend	3.084
onderbewuste	3.084
kalmer	3.084
antichrist	3.084
remi	3.084
goeienacht	3.084
overhemden	3.084
vleierij	3.084
giuseppe	3.084
neusgaten	3.084
icoon	3.084
uitgelaten	3.084
loempia	3.084
paulson	3.084
tic	3.084
t.k.	3.084
elegantie	3.084
theoretische	3.084
telepathisch	3.084
gesigneerd	3.084
opgestapt	3.084
bloedspatten	3.084
snelwegen	3.084
ric	3.084
galen	3.084
collin	3.084
hester	3.084
breakfast	3.084
services	3.084
rochester	3.084
modus	3.084
lyons	3.084
sleepy	3.084
lieden	3.084
malachi	3.084
schandalen	3.084
beproevingen	3.084
really	3.084
muppet	3.084
weerloze	3.082
duval	3.082
beginnende	3.082
ventura	3.082
emp	3.082
verstoor	3.082
overeenkomstig	3.082
capital	3.082
feestvieren	3.082
omkijken	3.082
pook	3.082
shelton	3.082
dekker	3.082
rudolf	3.082
bezwering	3.082
dierenwinkel	3.082
gidsen	3.082
gesleurd	3.082
minbari	3.082
gelukwensen	3.082
horrorfilm	3.082
huisvrouwen	3.082
reisbureau	3.082
belogen	3.082
zweterig	3.082
cards	3.082
opsloot	3.082
zondagochtend	3.082
rolletjes	3.082
schuilnaam	3.082
rustgevend	3.082
sadistische	3.082
codewoord	3.082
gilroy	3.082
allergrootste	3.082
kalium	3.082
verzekert	3.082
confederatie	3.082
bespioneerde	3.082
schoonmakers	3.082
prehistorische	3.082
voetballer	3.082
guardian	3.082
contrast	3.082
hahaha	3.082
worsten	3.082
reikte	3.082
eeg	3.082
erbovenop	3.082
gestruikeld	3.082
inez	3.082
oorlogspad	3.082
solis	3.082
waarschijnlijkheid	3.082
keys	3.082
onschendbaarheid	3.082
drummond	3.082
button	3.082
opengebroken	3.082
werper	3.082
must	3.082
ongevallen	3.082
atticus	3.082
begeerte	3.081
inschatting	3.081
joegoslavië	3.081
opvatting	3.081
mongool	3.081
weggedaan	3.081
kreet	3.081
renoveren	3.081
clans	3.081
porties	3.081
rechtstaan	3.081
tussenstop	3.081
worde	3.081
servië	3.081
beeldig	3.081
tijdig	3.081
dalziel	3.081
renner	3.081
meemaakte	3.081
verkrachtingen	3.081
periodes	3.081
verspeeld	3.081
heroine	3.081
nalatig	3.081
dictatuur	3.081
argh	3.081
levenswijze	3.081
baird	3.081
goose	3.081
hoofdagent	3.081
reuk	3.081
bucket	3.081
vliegtuigongeluk	3.081
hark	3.081
afdaling	3.081
rommelt	3.081
onderbreekt	3.081
nitro	3.081
voldeed	3.081
structuren	3.081
eergevoel	3.081
kliffen	3.081
verwondde	3.081
betweter	3.081
tobey	3.080
voetbalteam	3.080
uitzendingen	3.080
veertiende	3.080
paloma	3.080
ophangt	3.080
liber8	3.080
uitgelezen	3.080
groves	3.080
walton	3.080
obsceen	3.080
aangespoeld	3.080
tegenin	3.080
rondliep	3.080
nicotine	3.080
honorarium	3.080
sprinkhaan	3.080
versiert	3.080
filters	3.080
hunters	3.080
geneutraliseerd	3.080
controlepost	3.080
velvet	3.080
peralta	3.080
speurtocht	3.080
sabbat	3.080
feestbeest	3.080
verbouwing	3.080
rally	3.080
grammatica	3.080
neerstortte	3.080
mootjes	3.080
chun	3.080
muziekje	3.080
komaf	3.080
hyperruimte	3.080
locomotief	3.080
extractie	3.080
liberaal	3.080
klasgenoot	3.080
oorlogsvoering	3.080
schoolbestuur	3.080
pakketjes	3.080
stiefdochter	3.080
garner	3.080
lakei	3.080
merle	3.080
eigenaardige	3.080
galant	3.080
vc	3.080
verity	3.080
prijskaartje	3.080
gespendeerd	3.080
olympia	3.080
bertrand	3.080
smoke	3.080
secties	3.080
heldendaden	3.078
hoogtepunten	3.078
dapperheid	3.078
malta	3.078
nachtwaker	3.078
drugdealer	3.078
commandocentrum	3.078
gier	3.078
terugvallen	3.078
noach	3.078
wegvagen	3.078
vijftiende	3.078
separatisten	3.078
erfgenamen	3.078
bronco	3.078
verlaagt	3.078
dim	3.078
veiligheidsmaatregelen	3.078
discovery	3.078
sodeju	3.078
hatcher	3.078
humanitaire	3.078
elektronen	3.078
priesteres	3.078
kak	3.078
sletterig	3.078
taboe	3.078
hã	3.078
toeristische	3.078
dib	3.078
guillotine	3.078
cirkelen	3.078
polio	3.078
balzaal	3.078
microscopische	3.078
juich	3.078
minneapolis	3.078
overvielen	3.078
pikante	3.078
bezigheid	3.078
terminator	3.078
fototoestel	3.078
concrete	3.078
opvullen	3.078
alone	3.078
uitzetting	3.078
mj	3.078
klier	3.078
boekenkast	3.078
kyoto	3.078
gekruisigd	3.078
voordracht	3.078
attila	3.078
chez	3.077
botox	3.077
sletterige	3.077
alba	3.077
signora	3.077
prak	3.077
genetica	3.077
keisha	3.077
chefs	3.077
oase	3.077
binnenbrengen	3.077
dutchy	3.077
geïsoleerde	3.077
blufte	3.077
doelloos	3.077
verzot	3.077
doorslikken	3.077
complimentjes	3.077
dweilen	3.077
borrels	3.077
thierry	3.077
retorische	3.077
collegegeld	3.077
dialect	3.077
algehele	3.077
eros	3.077
cannabis	3.077
versleuteld	3.077
kaiser	3.077
christ	3.077
zomervakantie	3.077
vintage	3.077
dickinson	3.077
knagen	3.077
dronkenlap	3.077
voorraadkast	3.077
knoeide	3.077
aandoeningen	3.077
sahib	3.077
beklommen	3.077
marek	3.077
polk	3.077
achterlicht	3.077
garen	3.077
pedofielen	3.077
yay	3.075
pietro	3.075
nicki	3.075
rotzooit	3.075
wegversperring	3.075
verlenging	3.075
ibrahim	3.075
hightower	3.075
staats	3.075
onwaarschijnlijke	3.075
savi	3.075
projector	3.075
teleporteren	3.075
terminaal	3.075
kelders	3.075
jagger	3.075
pippa	3.075
uitlopen	3.075
ronaldo	3.075
caddy	3.075
spierkracht	3.075
oaks	3.075
rolf	3.075
moedigde	3.075
sportschoenen	3.075
afleidingen	3.075
winderig	3.075
lederen	3.075
claims	3.075
benzinepomp	3.075
avocado	3.075
nation	3.075
pijpt	3.075
pompoenen	3.075
opgehelderd	3.075
standvastig	3.075
vergezel	3.075
intensief	3.075
muirfield	3.075
zakenlui	3.075
stelten	3.075
hartstochtelijk	3.075
zoogdier	3.075
verknoeit	3.075
verschoond	3.075
opgravingen	3.074
perverseling	3.074
balthazar	3.074
orkanen	3.074
ontzien	3.074
samengebracht	3.074
integer	3.074
iet	3.074
softbal	3.074
dawkins	3.074
fontaine	3.074
ik.	3.074
huwen	3.074
guys	3.074
enrico	3.074
salaam	3.074
brandwond	3.074
kwader	3.074
barre	3.074
zijner	3.074
friedrich	3.074
coney	3.074
prominente	3.074
vaderfiguur	3.074
kroegen	3.074
middelmatig	3.074
hulpverleners	3.074
getuigenverklaringen	3.074
mags	3.074
gebitsgegevens	3.074
gerichte	3.074
verzwijg	3.074
hypocrisie	3.074
spleetogen	3.074
groenland	3.074
onvervangbaar	3.074
prep	3.074
brook	3.074
triade	3.074
hamish	3.074
hammersley	3.074
ongestoord	3.074
stopcontact	3.074
renée	3.074
tegenstrijdig	3.074
ontwaakte	3.074
ha-ha	3.074
ji	3.073
goedgemaakt	3.073
export	3.073
ontneemt	3.073
steengroeve	3.073
gedurfde	3.073
beurten	3.073
afwijkend	3.073
total	3.073
orchideeën	3.073
molina	3.073
rallo	3.073
boomgaard	3.073
okã	3.073
ingestopt	3.073
badges	3.073
templeton	3.073
abrupt	3.073
adelaars	3.073
cabot	3.073
garrity	3.073
liters	3.073
troonopvolger	3.073
wolfgang	3.073
baldrick	3.073
jamison	3.073
humvee	3.073
dalek	3.073
kalfsvlees	3.073
cardassiaanse	3.073
belichaming	3.073
sylar	3.073
blackie	3.073
ongeslagen	3.073
verwees	3.073
overledenen	3.073
massages	3.073
bekendste	3.073
laszlo	3.071
juffie	3.071
rudi	3.071
verwelkomt	3.071
merrill	3.071
pee	3.071
pendleton	3.071
kentekenplaat	3.071
bodyguards	3.071
schriftelijke	3.071
underdog	3.071
lichtte	3.071
opruimt	3.071
eerstvolgende	3.071
rittenhouse	3.071
ramsay	3.071
analisten	3.071
breidt	3.071
feromonen	3.071
neurologisch	3.071
pilletje	3.071
geneugten	3.071
oeroude	3.071
fight	3.071
landden	3.071
beperk	3.071
verzacht	3.071
found	3.071
politiemacht	3.071
neusje	3.071
voorvallen	3.071
opie	3.071
gedrocht	3.071
zoekende	3.071
preciezer	3.071
antwerpen	3.071
kondigt	3.071
doppen	3.071
witter	3.071
opleiden	3.071
crocker	3.071
japanner	3.071
versieringen	3.071
karavaan	3.071
voortijdig	3.071
hiroshima	3.071
waarje	3.070
robijn	3.070
geschaad	3.070
kenbaar	3.070
pace	3.070
mammoet	3.070
uitgekamd	3.070
asjemenou	3.070
onbeperkte	3.070
wasberen	3.070
huisvredebreuk	3.070
maagdelijke	3.070
kandahar	3.070
aang	3.070
corpus	3.070
verwent	3.070
botst	3.070
immens	3.070
kosovo	3.070
koffiehuis	3.070
otter	3.070
darth	3.070
pikant	3.070
ingelogd	3.070
herkenbaar	3.070
vogue	3.070
krekels	3.070
geding	3.070
cabaret	3.070
welp	3.070
pervert	3.070
hoessein	3.070
kapers	3.070
honkballen	3.070
antwon	3.070
sunday	3.070
cateraar	3.070
stringer	3.070
wandelingetje	3.070
gupta	3.070
tact	3.070
etiquette	3.070
eindigden	3.070
ingebeeld	3.070
verheffen	3.070
fresno	3.070
t.c.	3.070
ev	3.070
diners	3.070
kantje	3.070
handeltje	3.070
pauselijke	3.070
did	3.070
smet	3.068
locker	3.068
krijgsheren	3.068
gênante	3.068
oprollen	3.068
splinters	3.068
dupont	3.068
opgeschort	3.068
vorken	3.068
sin	3.068
maki	3.068
merkteken	3.068
versterker	3.068
betrok	3.068
cady	3.068
officieus	3.068
prudence	3.068
roofoverval	3.068
aflegt	3.068
klopten	3.068
whistler	3.068
afzijdig	3.068
tampon	3.068
verheugt	3.068
muhammad	3.068
veroorzaak	3.068
middelvinger	3.068
volbloed	3.068
gedetineerden	3.068
amputatie	3.068
veroorzaakten	3.068
kinderjuf	3.068
kwelt	3.068
stommerik	3.067
stuntman	3.067
colonel	3.067
leunde	3.067
brice	3.067
stealth	3.067
sapje	3.067
koelbloedig	3.067
folie	3.067
verdeelt	3.067
agentschappen	3.067
parijse	3.067
jor-el	3.067
roerei	3.067
belastingbetaler	3.067
verloskundige	3.067
diepten	3.067
archeologie	3.067
verschijnselen	3.067
compartiment	3.067
gebrandmerkt	3.067
bouten	3.067
brommer	3.067
draadloos	3.067
doorgestoken	3.067
marin	3.067
kalfjes	3.067
slechten	3.067
kickt	3.067
gapen	3.067
sekse	3.067
politiezaken	3.067
creperen	3.067
stagiaires	3.067
kapsalon	3.067
cats	3.067
winkeltje	3.067
a.m.	3.067
ingevroren	3.067
hayward	3.067
didi	3.067
goeien	3.067
gekwelde	3.067
seksistisch	3.067
zürich	3.067
verstuurde	3.067
schuldbekentenis	3.067
dronkelap	3.067
kimball	3.067
uitspelen	3.067
sletje	3.065
kwaal	3.065
maple	3.065
sr	3.065
appreciëren	3.065
hindenburg	3.065
luchtmachtbasis	3.065
gelegerd	3.065
enzovoorts	3.065
handwerk	3.065
gympen	3.065
audiëntie	3.065
apachen	3.065
schoolplein	3.065
vegetatie	3.065
lolletje	3.065
medemens	3.065
18de	3.065
gelei	3.065
tarrant	3.065
southern	3.065
epische	3.065
cosima	3.065
something	3.065
weeskinderen	3.065
dayton	3.065
bernardo	3.065
opdienen	3.065
grinnikt	3.065
stormt	3.065
commotie	3.065
geordi	3.065
politiekorps	3.065
cursussen	3.065
surprise	3.065
toxicologisch	3.065
gouvernante	3.065
speels	3.064
augustine	3.064
bevredigd	3.064
succubus	3.064
broeikaseffect	3.064
poppins	3.064
tuberculose	3.064
lijmen	3.064
bezeren	3.064
betwist	3.064
monoloog	3.064
muziekdoos	3.064
verneuken	3.064
insubordinatie	3.064
voorgekomen	3.064
druif	3.064
incompetentie	3.064
forever	3.064
cop	3.064
linc	3.064
katrine	3.064
slechtst	3.064
sato	3.064
cubanen	3.064
camaro	3.064
afperser	3.064
rainbow	3.064
hoefje	3.064
detector	3.064
huisbezoek	3.064
gaat-ie	3.064
plooien	3.064
beveiligers	3.064
morste	3.064
split	3.064
laude	3.064
boots	3.062
commercial	3.062
staatsgevangenis	3.062
ruimtewezens	3.062
ave	3.062
vroom	3.062
najaar	3.062
reporters	3.062
beetgenomen	3.062
vaat	3.062
herschreven	3.062
ruste	3.062
macleish	3.062
driftig	3.062
kalk	3.062
pikten	3.062
gebukt	3.062
kalkoenen	3.062
zweefde	3.062
onopgelost	3.062
pleziertjes	3.062
inga	3.062
getemd	3.062
woedt	3.062
pleeggezinnen	3.062
concentratiekamp	3.062
toekomstig	3.062
promoveren	3.062
kapt	3.062
blackwell	3.062
lampjes	3.062
platgebrand	3.062
reik	3.062
droids	3.062
lievelingseten	3.062
mess	3.062
onbeantwoorde	3.062
original	3.062
plotse	3.062
versneller	3.062
overbruggen	3.062
note	3.062
bereken	3.062
onbetaalde	3.062
vist	3.062
avances	3.062
jumbo	3.062
dresden	3.062
keaton	3.061
ives	3.061
biggetje	3.061
rokkenjager	3.061
schenen	3.061
snuif	3.061
troi	3.061
visjes	3.061
gunste	3.061
herstart	3.061
foot	3.061
beschamen	3.061
plymouth	3.061
liplezen	3.061
bloedbeeld	3.061
pm	3.061
platenmaatschappij	3.061
boswachter	3.061
zier	3.061
pastei	3.061
verbeter	3.061
gifstoffen	3.061
aardbodem	3.061
rockefeller	3.061
twintigste	3.061
bassam	3.061
openingen	3.061
without	3.061
juweeltje	3.061
crashte	3.061
ruïne	3.061
chesapeake	3.061
beertje	3.061
kleuters	3.061
opliep	3.061
afgeschrikt	3.061
registreert	3.061
mus	3.061
linkerbeen	3.061
jongleren	3.061
plunderaars	3.061
komische	3.061
atheïst	3.061
blaam	3.061
amuseert	3.061
miljonairs	3.061
slaafje	3.061
urgent	3.061
lacy	3.061
omstandigheid	3.061
analyses	3.061
keats	3.061
oordopjes	3.061
hartfalen	3.061
kogelgat	3.061
symfonie	3.061
tc	3.061
merry	3.061
gerhardt	3.061
monet	3.061
paria	3.061
menstruatie	3.061
verwerk	3.059
ontweken	3.059
rechtshandig	3.059
libra	3.059
atmosferische	3.059
hartmann	3.059
bezuren	3.059
danseressen	3.059
kreunt	3.059
storend	3.059
provocatie	3.059
carina	3.059
streepje	3.059
tulpen	3.059
betoverende	3.059
sonische	3.059
onvergetelijk	3.059
leermeester	3.059
kunstmest	3.059
gevleugelde	3.059
afschuw	3.059
kennel	3.059
videotheek	3.059
wervelwind	3.059
documentatie	3.059
je-weet-wel	3.059
deugen	3.059
fossiele	3.059
roach	3.059
opinion	3.059
stroh	3.059
rochelle	3.059
gein	3.059
afstemmen	3.059
uurwerk	3.059
jarenlange	3.059
infiltrant	3.059
vollopen	3.059
mays	3.059
zondags	3.059
omgepraat	3.059
daarlangs	3.059
opofferingen	3.059
nasleep	3.059
bezweken	3.059
alana	3.059
oortje	3.059
vrijgemaakt	3.058
atletisch	3.058
huishouding	3.058
geisha	3.058
fern	3.058
systems	3.058
uitverkorenen	3.058
gaulle	3.058
beuken	3.058
popster	3.058
resetten	3.058
piranha	3.058
afgang	3.058
o-negatief	3.058
hoeder	3.058
downing	3.058
vergieten	3.058
wiskundig	3.058
amara	3.058
sark	3.058
uitlekt	3.058
liefdesbrief	3.058
verzetje	3.058
gotta	3.058
controversieel	3.058
tederheid	3.058
yi	3.058
reddingsoperatie	3.058
rein	3.058
woordspeling	3.058
gecorrigeerd	3.058
clou	3.058
fsb	3.058
babs	3.058
begeleiders	3.058
vorderen	3.058
hoogtes	3.058
kerosine	3.058
boet	3.058
dekhengst	3.058
kameleon	3.058
geseponeerd	3.058
afdwalen	3.058
verachten	3.058
fanfare	3.058
schreeuwende	3.058
spelregels	3.058
wille	3.057
filteren	3.057
stimulerend	3.057
aangeslagen	3.057
wehrmacht	3.057
pornofilm	3.057
weggooit	3.057
verduisterd	3.057
overwerkt	3.057
eeuwse	3.057
uitspreekt	3.057
roven	3.057
jeuken	3.057
opzocht	3.057
oscars	3.057
overtreed	3.057
community	3.057
chocolaatjes	3.057
zetels	3.057
methadon	3.057
bewerkstelligen	3.057
meesterbrein	3.057
irakezen	3.057
scholier	3.057
drijfzand	3.057
verontschuldigde	3.057
hollen	3.057
verplaatsing	3.057
miyagi	3.057
hussein	3.057
bekendgemaakt	3.057
noelle	3.057
voorgaande	3.057
neerlegt	3.057
dieter	3.057
microfoontje	3.057
crassus	3.057
vleesetende	3.057
deuropening	3.057
château	3.057
kindertjes	3.057
krishna	3.057
toevalligheden	3.057
behoeve	3.057
selfie	3.057
monumenten	3.057
herbeleven	3.057
geslingerd	3.057
voorzijde	3.055
snaren	3.055
schoonheden	3.055
versloegen	3.055
eert	3.055
bloedheet	3.055
dito	3.055
chaplin	3.055
geüpload	3.055
wijnen	3.055
zovelen	3.055
emir	3.055
bemoeid	3.055
wynonna	3.055
hindernis	3.055
bederf	3.055
coureurs	3.055
brons	3.055
gymnastiek	3.055
beamen	3.055
bezoedelen	3.055
wormgaten	3.055
turkey	3.055
trisha	3.055
knights	3.055
overspelige	3.055
momo	3.055
vraagtekens	3.055
kutjes	3.055
enzymen	3.055
penetratie	3.055
diepgaand	3.055
zuchten	3.055
welletjes	3.055
zorgeloos	3.055
eb	3.055
dekentje	3.055
kahn	3.054
mobiliseren	3.054
geschied	3.054
haalbaar	3.054
droefheid	3.054
lijntjes	3.054
wesp	3.054
boodschappers	3.054
linten	3.054
loden	3.054
kastelen	3.054
lasse	3.054
cheeseburgers	3.054
wisselde	3.054
tietjes	3.054
cardioloog	3.054
zinnig	3.054
gérard	3.054
huwelijksdag	3.054
blaf	3.054
verwedden	3.054
gebrekkig	3.054
ondervonden	3.054
getransformeerd	3.054
carrington	3.054
bray	3.054
keyes	3.054
opmerkt	3.054
fancy	3.054
mythen	3.054
anwar	3.054
batista	3.054
buurtonderzoek	3.054
bethlehem	3.054
pelham	3.054
drastische	3.054
werkloosheid	3.054
goedkoopste	3.054
khalil	3.052
corbin	3.052
gatsby	3.052
dragers	3.052
hier.	3.052
schubben	3.052
krabt	3.052
hechting	3.052
chop	3.052
landmijnen	3.052
leidende	3.052
deftige	3.052
ching	3.052
skip77	3.052
onderin	3.052
verwoeste	3.052
verwijs	3.052
acceptatie	3.052
appelsap	3.052
idem	3.052
niksen	3.052
juliana	3.052
zelfvoldaan	3.052
boekhandel	3.052
penissen	3.052
madden	3.052
oppenheimer	3.052
insmeren	3.052
reuzenrad	3.052
notre	3.052
bode	3.052
dynamiek	3.052
stoffige	3.052
kroost	3.052
junks	3.052
zaagsel	3.052
onderliggende	3.052
dienstdoende	3.052
verwar	3.052
abi	3.052
nonchalant	3.052
waarschijnlijker	3.052
aanstellen	3.052
woodrow	3.052
beowulf	3.052
ondergebracht	3.052
vermeldt	3.052
serviërs	3.052
makend	3.052
gesolliciteerd	3.052
invloeden	3.052
kabul	3.052
hartelijke	3.052
aanreed	3.052
beminnen	3.052
scheidingen	3.051
ontbijtje	3.051
irish	3.051
drijfnat	3.051
holte	3.051
midge	3.051
verscheurt	3.051
storting	3.051
comanche	3.051
rondslingeren	3.051
vijgen	3.051
stephan	3.051
utopia	3.051
zeb	3.051
rechtervoet	3.051
hypothetische	3.051
verkend	3.051
toedeloe	3.051
yank	3.051
adelaide	3.051
oooh	3.051
percent	3.051
jaa	3.051
ondoordringbaar	3.051
wagentje	3.051
cates	3.051
marc2008	3.051
verknoei	3.051
bannister	3.051
waarborgen	3.051
verpand	3.051
introk	3.051
wegglippen	3.051
uitslover	3.051
percival	3.051
kareem	3.051
puist	3.051
aanname	3.051
trask	3.051
bugsy	3.051
stilleggen	3.051
bitcoin	3.051
tuk	3.051
mash	3.051
speeltijd	3.051
engste	3.051
prom	3.051
style	3.049
giechelen	3.049
madsen	3.049
opgebruikt	3.049
kromme	3.049
sears	3.049
belazerde	3.049
gaskamer	3.049
stortplaats	3.049
mitzvah	3.049
carriére	3.049
waterpokken	3.049
opgestoken	3.049
saw	3.049
dweez	3.049
afgekickt	3.049
rhade	3.049
lp	3.049
huiselijke	3.049
porto	3.049
kiem	3.049
steiner	3.049
vertrouwelijkheid	3.049
schepte	3.049
leader	3.049
zod	3.049
dov	3.049
romeins	3.049
verschijn	3.049
bye-bye	3.049
lithium	3.049
brandmerk	3.049
microchip	3.049
snackbar	3.049
klimaatverandering	3.049
uitvogelen	3.049
pandjeshuis	3.049
manolo	3.049
onvermogen	3.049
alaric	3.049
bevers	3.049
heersers	3.049
nietigverklaring	3.049
caesars	3.049
dodelijkste	3.049
huwelijks	3.049
birgitte	3.048
eight	3.048
vorming	3.048
plaagt	3.048
regeltjes	3.048
misvormd	3.048
seance	3.048
verwoestend	3.048
meta	3.048
hildy	3.048
kamerjas	3.048
marko	3.048
rog	3.048
heiden	3.048
halliwell	3.048
spannends	3.048
duh	3.048
arische	3.048
terroriseren	3.048
elektra	3.048
hematoom	3.048
bijpassende	3.048
niels	3.048
volleybal	3.048
diepzinnig	3.048
crunch	3.048
kensington	3.048
coral	3.048
megazord	3.048
ontwricht	3.048
middels	3.048
teamspeler	3.048
belegering	3.048
dominantie	3.048
trachtte	3.048
hoofdstraat	3.048
hulde	3.048
kotste	3.048
mijnwerker	3.048
verde	3.048
beroof	3.048
debatteren	3.046
uitgewisseld	3.046
beladen	3.046
vernietigend	3.046
mic	3.046
herenigen	3.046
bondgenootschap	3.046
stedelijke	3.046
egoïsme	3.046
gucci	3.046
ontvangstbewijs	3.046
guv	3.046
jurkje	3.046
golfoorlog	3.046
sentinel	3.046
verdraait	3.046
elder	3.046
statische	3.046
verkleuring	3.046
variaties	3.046
hartford	3.046
gonzalez	3.046
lyndsey	3.046
rotkop	3.046
activisten	3.046
provisie	3.046
vernedert	3.046
grafrede	3.046
zolen	3.046
leningrad	3.046
therese	3.046
historicus	3.046
deert	3.046
crematie	3.046
steekpartij	3.046
keet	3.046
dateert	3.046
getatoeëerd	3.046
verzekeringspolis	3.046
ulysses	3.046
aanslaan	3.046
uiteinden	3.046
hip-hop	3.046
wispelturig	3.046
nauwkeurige	3.046
jada	3.046
zoniet	3.046
speculaties	3.046
achtergekomen	3.046
wiste	3.046
gehalte	3.045
duvel	3.045
artikels	3.045
salim	3.045
motion	3.045
connolly	3.045
comanches	3.045
nadacht	3.045
veronika	3.045
micky	3.045
konings	3.045
radius	3.045
kippenhok	3.045
uitgeleverd	3.045
tril	3.045
holografische	3.045
melkwegstelsel	3.045
krasje	3.045
typ	3.045
markeer	3.045
eigelijk	3.045
doodschiet	3.045
toms	3.045
canvas	3.045
snoepwinkel	3.045
criticus	3.045
sensationeel	3.045
verblinden	3.045
simcoe	3.045
gestalkt	3.045
bankafschriften	3.045
cluster	3.045
geklede	3.045
uitwijzen	3.045
geboorterecht	3.045
tudor	3.045
nitroglycerine	3.045
stuff	3.045
formules	3.045
durham	3.045
whitechapel	3.045
pionier	3.045
klokkenluider	3.045
toelichten	3.045
bijblijven	3.045
duinen	3.045
zwanen	3.045
jun	3.045
libanese	3.045
verhelderend	3.045
dandy	3.045
marti	3.045
zoekgebied	3.045
gluurder	3.045
financier	3.045
academisch	3.045
kookkunst	3.045
knaagdier	3.045
mixer	3.045
geller	3.045
heiligschennis	3.045
aanzat	3.045
krik	3.045
gloeilamp	3.045
gianni	3.045
etters	3.045
verzuipen	3.045
p.s.	3.045
rechtbanken	3.045
dragons	3.043
veronderstellingen	3.043
wife	3.043
obers	3.043
drijvend	3.043
blootgelegd	3.043
medicijnman	3.043
gregson	3.043
pep	3.043
martial	3.043
uitvoer	3.043
nastreven	3.043
blondjes	3.043
seniel	3.043
condoleren	3.043
deej	3.043
magnolia	3.043
stefano	3.043
oppast	3.043
verergeren	3.043
skills	3.043
aliassen	3.043
bevlieging	3.043
rookgordijn	3.043
vinnen	3.043
moordend	3.043
menopauze	3.043
perkament	3.043
lover	3.043
kwel	3.043
steviger	3.043
alina	3.043
omslaan	3.043
bezorging	3.043
vermannen	3.043
verleggen	3.043
change	3.043
hoofdletter	3.043
bulgarije	3.043
gevestigde	3.043
mulligan	3.043
mcclaren	3.043
moeizaam	3.043
simpels	3.043
zeta	3.043
moloch	3.043
ongegrond	3.043
ps	3.042
vernemen	3.042
beroepsgeheim	3.042
zegening	3.042
sister	3.042
jimi	3.042
gescheten	3.042
scripts	3.042
dunphy	3.042
pendrick	3.042
wide	3.042
buien	3.042
ophing	3.042
alarmen	3.042
winifred	3.042
frissen	3.042
tochtje	3.042
reset	3.042
wollen	3.042
lindy	3.042
hughie	3.042
samenvatten	3.042
pief	3.042
kraakbeen	3.042
semper	3.042
williamson	3.042
canal	3.042
zola	3.042
veranderende	3.042
koren	3.042
sharona	3.042
flanken	3.042
creëerden	3.042
tedere	3.042
raadsheer	3.042
heef	3.042
maxie	3.042
andersen	3.042
guinness	3.042
polyester	3.042
zwemmer	3.042
janis	3.042
nagekomen	3.042
stillson	3.042
defibrillator	3.042
aantrok	3.042
gestreken	3.042
telefoonlijn	3.042
verwerven	3.042
uitstap	3.042
dwarszitten	3.042
improvisatie	3.042
vincenzo	3.042
dna-monster	3.042
gedenken	3.040
martina	3.040
bewijslast	3.040
naïeve	3.040
aantast	3.040
tinnen	3.040
gewrichten	3.040
aston	3.040
afscheidscadeau	3.040
hereniging	3.040
beurzen	3.040
geheeld	3.040
swagger	3.040
neanderthaler	3.040
stevenson	3.040
nevins	3.040
kneus	3.040
pinot	3.040
jonesy	3.040
overblijfsel	3.040
voorhoede	3.040
lier	3.040
kannibaal	3.040
veiligheidspal	3.040
jelly	3.040
gekweekt	3.040
uitroeiing	3.040
mycroft	3.040
rijpe	3.040
wastafel	3.040
tempeliers	3.040
grafiek	3.040
nie	3.040
dubieuze	3.040
getimed	3.040
gesmeten	3.040
grommen	3.040
conducteur	3.040
officiele	3.040
fotoshoot	3.040
blackadder	3.040
spuitje	3.040
lung	3.040
namaken	3.040
gespoeld	3.040
jafar	3.040
prutser	3.040
candice	3.040
has	3.040
clichés	3.038
tolliver	3.038
verd	3.038
incest	3.038
energiek	3.038
programmeur	3.038
lissabon	3.038
afgeschud	3.038
magog	3.038
heers	3.038
chilton	3.038
omleiden	3.038
langdon	3.038
groeperingen	3.038
hospita	3.038
geabsorbeerd	3.038
helpers	3.038
monteurs	3.038
evenaren	3.038
ballast	3.038
meegekregen	3.038
drogeren	3.038
rottend	3.038
hoynes	3.038
gedetecteerd	3.038
tijdslijn	3.038
schuine	3.038
krekel	3.038
manticore	3.038
uber	3.038
opmerkzaam	3.038
savitar	3.038
potus	3.038
voluit	3.038
parkman	3.038
gee	3.038
waanbeelden	3.038
alarmeren	3.038
metaforen	3.038
verrekken	3.038
chevron	3.038
fret	3.038
uitgelokt	3.038
achterdocht	3.038
charisma	3.038
pitcher	3.038
motorrijders	3.038
scholing	3.038
bistro	3.038
nachtclubs	3.038
uitgangspunt	3.037
zegels	3.037
stuitte	3.037
giraffe	3.037
holbewoner	3.037
kitten	3.037
pornoster	3.037
schijterd	3.037
p.d.	3.037
soleil	3.037
goran	3.037
ketterij	3.037
murder	3.037
gerson	3.037
setje	3.037
complexiteit	3.037
kokosnoten	3.037
uitblazen	3.037
matig	3.037
aspirientje	3.037
pletten	3.037
verdelger	3.037
voorbereidt	3.037
hondenpoep	3.037
onbenul	3.037
cami	3.037
fatima	3.037
silvia	3.037
sprint	3.037
kaufman	3.037
lavinia	3.037
suffolk	3.037
beademen	3.037
oneven	3.037
oorlogsmisdaden	3.037
theepot	3.037
age	3.037
rowena	3.037
ofschoon	3.037
zimmerman	3.037
fascinatie	3.037
rekwisieten	3.037
deugden	3.037
mowgli	3.037
nors	3.037
hazard	3.037
vaardig	3.037
doorslag	3.037
toegaat	3.037
gently	3.037
apu	3.037
doorknippen	3.037
climax	3.037
zelfzuchtig	3.037
beperking	3.037
hiphop	3.037
hangend	3.035
genoegdoening	3.035
betrap	3.035
toro	3.035
demonstraties	3.035
knaagdieren	3.035
carnegie	3.035
verrukkelijke	3.035
footballteam	3.035
thuishoor	3.035
werkvloer	3.035
thanks	3.035
razor	3.035
raffinaderij	3.035
l.a	3.035
howdy	3.035
klapte	3.035
stroomafwaarts	3.035
geverifieerd	3.035
nance	3.035
9e	3.035
chanoeka	3.035
compositie	3.035
cavia	3.035
dikkerd	3.035
astronoom	3.035
redmiddel	3.035
sigaretje	3.035
pietje	3.035
bedotten	3.035
bi	3.035
bevrijdend	3.035
chakra	3.035
zweerde	3.035
clear	3.035
basket	3.035
wedijveren	3.035
geroddel	3.035
wig	3.035
kleerkast	3.035
bout	3.035
beerput	3.035
virtueel	3.035
revalidatie	3.035
scarface	3.035
leeghoofd	3.035
vertrouweling	3.035
yorkers	3.035
korrel	3.035
pleite	3.035
zwellen	3.035
glades	3.035
pleegden	3.035
smaragden	3.035
meekijken	3.035
verdrietige	3.035
ijdele	3.035
diersoort	3.035
gestuit	3.035
bemoeienis	3.035
opgebiecht	3.034
grietjes	3.034
eenvoud	3.034
afwisseling	3.034
left	3.034
karp	3.034
gazette	3.034
krabbel	3.034
ru	3.034
selecteren	3.034
bram	3.034
inlaten	3.034
slechtheid	3.034
bit	3.034
nostalgie	3.034
toonbeeld	3.034
cornelia	3.034
lisbeth	3.034
seismische	3.034
fraudeur	3.034
mathieu	3.034
bespioneerd	3.034
samengaan	3.034
psyche	3.034
dichtgedaan	3.034
tussenkomst	3.034
helsing	3.034
cubs	3.034
staarten	3.034
forse	3.034
chestnut	3.034
vrijmetselaars	3.034
slam	3.034
ervaar	3.034
ruimde	3.034
warriors	3.034
onttrekken	3.034
gandalf	3.034
aardkorst	3.034
selectief	3.034
stimulatie	3.034
opdrukken	3.034
verleerd	3.034
hum	3.032
mayfair	3.032
mesa	3.032
afgestaan	3.032
pepermunt	3.032
hackett	3.032
buiging	3.032
chadwick	3.032
borneo	3.032
dopamine	3.032
mythes	3.032
mede-eigenaar	3.032
spies	3.032
sutherland	3.032
southfork	3.032
rozenkrans	3.032
nietzsche	3.032
onregelmatige	3.032
uitgegroeid	3.032
gekreun	3.032
teamwerk	3.032
doktertje	3.032
mystiek	3.032
sanatorium	3.032
cabrio	3.032
barbra	3.032
nederlanders	3.032
middelmatige	3.032
sexueel	3.032
thayer	3.032
barksdale	3.032
tosti	3.032
versierder	3.032
afgedwaald	3.032
onweerlegbaar	3.032
berokkenen	3.032
beveiligingsbedrijf	3.032
parachutes	3.032
geheimpjes	3.032
slapeloze	3.032
sanctuary	3.032
besneden	3.032
sherrif	3.032
ingewilligd	3.032
slijmerige	3.032
riet	3.032
noir	3.032
hapt	3.032
klef	3.032
geworsteld	3.032
aflossing	3.032
ochtendgloren	3.031
gunstige	3.031
vredestichter	3.031
loep	3.031
oppikt	3.031
vous	3.031
lenig	3.031
prijzengeld	3.031
schoolkinderen	3.031
aanjagen	3.031
postkamer	3.031
bijenkorf	3.031
revolvers	3.031
eindbal	3.031
zelfbehoud	3.031
sores	3.031
diskette	3.031
sim	3.031
veiligstellen	3.031
acteer	3.031
compassie	3.031
hear	3.031
jai	3.031
toorts	3.031
lompe	3.031
henning	3.031
sabel	3.031
landmijn	3.031
binnenkom	3.031
peaches	3.031
barricade	3.031
rechtstreekse	3.031
pig	3.031
hardnekkig	3.031
pruitt	3.031
herders	3.031
biljarten	3.031
swann	3.031
bewapening	3.031
opal	3.031
rapporteerde	3.031
afrukken	3.031
ruziemaken	3.031
smoesje	3.031
calista	3.031
tyrell	3.031
innam	3.031
uittesten	3.031
aambeien	3.031
confetti	3.031
loket	3.031
netherlands	3.031
rimboe	3.031
claustrofobisch	3.031
huwelijkscontract	3.031
pretzels	3.031
tiner	3.031
aasgieren	3.031
reardon	3.031
liefhad	3.031
wordy	3.031
vergevingsgezind	3.031
tunesië	3.031
bartholomew	3.029
opgewassen	3.029
verwante	3.029
opbreken	3.029
motorrijder	3.029
rey	3.029
faalden	3.029
esme	3.029
bewoonde	3.029
koekoek	3.029
bibi	3.029
lichtgewicht	3.029
astronautentheorie	3.029
spieken	3.029
drugstest	3.029
klaploper	3.029
aanhanger	3.029
stichtte	3.029
léon	3.029
eigenwijze	3.029
bindend	3.029
fulcrum	3.029
scrabble	3.029
portretten	3.029
bespreekt	3.029
gedoofd	3.029
trail	3.029
functioneel	3.029
bloedsuiker	3.029
friend	3.029
gember	3.029
slaappil	3.029
cardio	3.029
perfectioneren	3.029
geveild	3.029
cabriolet	3.029
clubje	3.029
processor	3.029
onverklaarbaar	3.029
ecuador	3.029
uitstrijkje	3.029
gevoeliger	3.029
kortaf	3.029
bowlingbaan	3.029
crusoe	3.029
save	3.029
weltrusten	3.029
eeuh	3.029
starks	3.029
getijden	3.028
16-jarige	3.028
betalende	3.028
drukste	3.028
minimumloon	3.028
ontmoetingsplaats	3.028
gepropt	3.028
contactlenzen	3.028
onderwezen	3.028
androïde	3.028
paulette	3.028
botsingen	3.028
archeologische	3.028
eettafel	3.028
avi	3.028
beckman	3.028
onvergetelijke	3.028
spendeert	3.028
overbelasting	3.028
maleisië	3.028
technologieën	3.028
krijgsgevangene	3.028
apparaatje	3.028
ryans	3.028
bunch	3.028
omgooien	3.028
choreografie	3.028
toverdrank	3.028
wraakzuchtige	3.028
smaragd	3.028
goeddoen	3.028
feller	3.028
vuilniszakken	3.028
begeerde	3.028
heetten	3.028
overnacht	3.028
alexx	3.028
notulen	3.028
graysons	3.028
intriges	3.028
shu	3.028
zool	3.028
oncoloog	3.028
investeer	3.028
britt	3.028
qaeda	3.028
daarbeneden	3.028
paper	3.028
natuurwetten	3.028
familieman	3.028
rowe	3.028
bloedmonsters	3.028
koppigheid	3.028
duct	3.028
lexus	3.028
noonan	3.028
telefoonlijnen	3.028
vochtigheid	3.028
besprongen	3.028
publiceerde	3.028
stemrecht	3.028
tonya	3.028
leukere	3.026
alter	3.026
trainingen	3.026
vector	3.026
bungalow	3.026
ongeloofwaardig	3.026
skitters	3.026
effectiever	3.026
bijster	3.026
pacino	3.026
santino	3.026
scheenbeen	3.026
push	3.026
winthrop	3.026
sancho	3.026
partizanen	3.026
jongedames	3.026
ruimdenkend	3.026
autorisatie	3.026
sandoval	3.026
broken	3.026
marsden	3.026
jicht	3.026
akkoorden	3.026
ariadne	3.026
musa	3.026
inbegrip	3.026
afdoende	3.026
pijnigen	3.026
loopgraaf	3.026
jukbeenderen	3.026
maffiabaas	3.026
provider	3.026
brillen	3.026
ar	3.026
draagbaar	3.026
sirius	3.026
liga	3.026
vaandel	3.026
zekering	3.026
feeny	3.026
wreef	3.026
tut	3.026
dreigden	3.026
vodka	3.026
dwaalspoor	3.026
beetjes	3.026
casting	3.026
marshmallow	3.026
luchtdruk	3.026
geheimzinnigheid	3.026
steriliseren	3.026
aramis	3.026
bethesda	3.026
tĳd	3.026
branding	3.026
voorzie	3.024
omliggende	3.024
buitenlucht	3.024
vervuilen	3.024
miauw	3.024
gracht	3.024
neerkomen	3.024
keien	3.024
doorzettingsvermogen	3.024
herhalingen	3.024
gleason	3.024
geurtje	3.024
doodgereden	3.024
steenrijk	3.024
citeert	3.024
filippijnen	3.024
ruineren	3.024
thuishoren	3.024
waterloo	3.024
höek	3.024
benoemde	3.024
biggie	3.024
consistent	3.024
simuleren	3.024
bewolkt	3.024
overheerlijk	3.024
bijgewerkt	3.024
beast	3.024
loxley	3.024
heide	3.024
booker	3.024
straatje	3.024
problematisch	3.024
pussy	3.024
jeez	3.024
aandoe	3.024
dilaurentis	3.024
misser	3.024
omstreden	3.024
buitensluiten	3.024
opnoemen	3.024
catacomben	3.024
alvey	3.024
betwisten	3.024
ontglipt	3.024
dummy	3.024
vaandrig	3.024
hysterische	3.024
grind	3.024
expressie	3.024
toevallen	3.024
kasper	3.024
gut	3.024
warpsnelheid	3.024
overwon	3.024
transponder	3.024
psychologen	3.024
mortieren	3.024
zwevende	3.024
omhelsde	3.024
genoemde	3.024
beretta	3.023
25e	3.023
frye	3.023
opzadelen	3.023
handbereik	3.023
australisch	3.023
yanks	3.023
oriëntatie	3.023
grutten	3.023
vernederende	3.023
afwijkende	3.023
meevaller	3.023
mach	3.023
nic	3.023
medeplichtigen	3.023
negatieven	3.023
grondtroepen	3.023
vertaalt	3.023
bagger	3.023
omloopbaan	3.023
ichabod	3.023
nanna	3.023
melodramatisch	3.023
slapjanus	3.023
opat	3.023
imam	3.023
rosita	3.023
pac	3.023
maatschappelijke	3.023
denkbeeldig	3.023
opgebrand	3.023
beman	3.023
work	3.023
rappen	3.023
getekende	3.023
verleidingen	3.023
triestig	3.023
pinautomaat	3.023
sailor	3.023
minderwaardig	3.023
strijdt	3.023
gastenverblijf	3.023
ingeademd	3.023
yusuf	3.023
magnifiek	3.023
dreigingen	3.023
misging	3.023
massieve	3.023
observaties	3.023
doodsangst	3.023
smurrie	3.023
sieraad	3.023
lannister	3.023
rechtgezet	3.023
mooist	3.023
maquis	3.023
katarina	3.023
una	3.021
ziekenzaal	3.021
bezetenheid	3.021
keeler	3.021
hornet	3.021
embleem	3.021
cell	3.021
zwaarst	3.021
voorgeschiedenis	3.021
mumbai	3.021
eierstokken	3.021
volwassener	3.021
largo	3.021
fiji	3.021
zingend	3.021
zonodig	3.021
captains	3.021
prada	3.021
everything	3.021
achtervolgden	3.021
wainwright	3.021
antropologie	3.021
wervels	3.021
fosfor	3.021
zara	3.021
ontberingen	3.021
hersenstam	3.021
kristy	3.021
variabele	3.021
aangenamer	3.021
wegversperringen	3.021
gestresst	3.021
zedenpolitie	3.021
marci	3.021
bezinning	3.021
investeerde	3.021
gereedschappen	3.021
zweeg	3.021
zinnigs	3.021
broyles	3.021
crab	3.021
bouwers	3.021
opgebracht	3.021
verlammen	3.021
broos	3.021
riolen	3.021
plaagde	3.021
sha	3.021
badger	3.021
beginner	3.021
pia	3.021
knaller	3.020
wendt	3.020
pollen	3.020
autobom	3.020
latham	3.020
ontwerpers	3.020
coupé	3.020
c.t.	3.020
betoog	3.020
dooku	3.020
stug	3.020
geïntrigeerd	3.020
meubelen	3.020
gerenoveerd	3.020
foods	3.020
richtten	3.020
huilden	3.020
smacht	3.020
blokhut	3.020
seksen	3.020
burbank	3.020
welch	3.020
dojo	3.020
harken	3.020
lastigval	3.020
francois	3.020
onderkruipsel	3.020
belichting	3.020
wedt	3.020
kredietkaarten	3.020
dwangbuis	3.020
wereldrecord	3.020
markeert	3.020
dulden	3.020
busjes	3.020
zondigen	3.020
stay	3.020
electric	3.020
landinwaarts	3.020
athos	3.020
gypsy	3.020
fanclub	3.020
moordmachine	3.020
lenin	3.020
stuit	3.018
neervallen	3.018
sí	3.018
gelid	3.018
irakese	3.018
jana	3.018
ideologie	3.018
klonken	3.018
wedde	3.018
tau	3.018
aroma	3.018
poriën	3.018
wikkel	3.018
observeert	3.018
slipstream	3.018
char	3.018
stressvol	3.018
lourdes	3.018
angola	3.018
toenadering	3.018
fors	3.018
ingespoten	3.018
vooravond	3.018
bijlage	3.018
onverschilligheid	3.018
droomden	3.018
laverne	3.018
opmerkte	3.018
mead	3.018
isaacs	3.018
daley	3.018
sat	3.018
smithsonian	3.018
onderneemt	3.018
ohja	3.018
stommiteiten	3.018
virale	3.018
barmhartig	3.018
slanke	3.018
jakhals	3.018
lijkwagen	3.018
zalen	3.018
chequeboek	3.018
wanorde	3.018
congresleden	3.018
erm	3.018
rafa	3.018
bevoorraden	3.018
plaatsing	3.018
knokpartij	3.018
iggy	3.018
jaars	3.018
ibm	3.018
teamleden	3.018
kilogram	3.018
teleurstellingen	3.018
desalniettemin	3.018
aartsengel	3.016
count	3.016
ingebouwde	3.016
bonzen	3.016
psi	3.016
beluisteren	3.016
malware	3.016
jean-pierre	3.016
them	3.016
karren	3.016
beffen	3.016
galliërs	3.016
condoleances	3.016
oh.	3.016
gedane	3.016
deens	3.016
kwak	3.016
ingestapt	3.016
geestelijken	3.016
therapeute	3.016
insluiten	3.016
morsdood	3.016
lettertjes	3.016
15-jarige	3.016
buza	3.016
trampoline	3.016
hahn	3.016
likte	3.016
magazijnen	3.016
vlakke	3.016
achterhoede	3.016
zander	3.016
raster	3.016
stilzwijgen	3.016
ny	3.016
schoenmaat	3.016
ondersteunend	3.016
roxie	3.016
overgewicht	3.016
toneelstukken	3.016
lunches	3.016
aarzelt	3.016
inhield	3.016
gedeprimeerd	3.016
15de	3.016
ex-verloofde	3.016
rijkelui	3.016
plantte	3.016
jb	3.016
breeland	3.016
buidel	3.016
supervisie	3.016
steentjes	3.016
gevuurd	3.016
racebaan	3.016
jezusmina	3.016
opvoering	3.016
dobbelen	3.016
deserteurs	3.016
sleutelhanger	3.016
anomalieën	3.016
bosje	3.016
wereldvrede	3.016
wings	3.016
gekibbel	3.016
investeert	3.015
beddengoed	3.015
bankgegevens	3.015
aanlokkelijk	3.015
bemiddelen	3.015
stamhoofd	3.015
christa	3.015
miserabele	3.015
weggeblazen	3.015
fictieve	3.015
bewaarders	3.015
pleitte	3.015
gemonteerd	3.015
acosta	3.015
motels	3.015
struikelt	3.015
kaïn	3.015
camila	3.015
poetst	3.015
tie	3.015
monarch	3.015
adieu	3.015
ochtenden	3.015
bevoorrecht	3.015
leone	3.015
echts	3.015
verontwaardiging	3.015
scalp	3.015
vermalen	3.015
slotenmaker	3.015
fausto	3.015
bevrucht	3.015
redenering	3.015
aquaman	3.015
mineraal	3.015
beving	3.015
verdringen	3.015
alvleesklier	3.015
slordige	3.015
omringen	3.015
asjeblief	3.015
osiris	3.015
palmen	3.015
toezichthouder	3.015
birkhoff	3.015
misdadige	3.015
upload	3.015
claustrofobie	3.015
proporties	3.015
kamernummer	3.015
century	3.015
depressies	3.015
victoriaanse	3.013
caen	3.013
aanstaren	3.013
beheerd	3.013
geregend	3.013
alsook	3.013
uitbarsten	3.013
myron	3.013
hels	3.013
sondes	3.013
bio	3.013
winnetou	3.013
rokende	3.013
dwangarbeid	3.013
wetboek	3.013
vertegenwoordigde	3.013
arch	3.013
melrose	3.013
barrel	3.013
mari	3.013
goedvinden	3.013
doll	3.013
ferg	3.013
tuinslang	3.013
belmont	3.013
meeks	3.013
stellingen	3.013
inspreken	3.013
maximus	3.013
berisping	3.013
samenbrengen	3.013
marigold	3.013
landschappen	3.013
funk	3.013
ehh	3.013
wegreed	3.013
geboord	3.013
ééns	3.013
reston	3.013
decolleté	3.013
raza	3.013
3de	3.013
caruso	3.013
klaarzetten	3.013
hatelijk	3.013
overladen	3.013
overrompeld	3.013
sentiment	3.013
brandweerkazerne	3.013
uitmaak	3.013
geboft	3.013
momma	3.013
darts	3.013
verwaarlozing	3.013
panne	3.013
kauwt	3.013
l.a.p.d.	3.013
markering	3.013
vlo	3.013
donahue	3.013
spiegeltje	3.013
lekkertje	3.013
sarcofaag	3.013
administratief	3.013
bingham	3.013
snugger	3.013
volharding	3.013
afwijken	3.013
simulaties	3.011
eldridge	3.011
hikkie	3.011
syrische	3.011
vlakken	3.011
woestijnen	3.011
gemalen	3.011
fabio	3.011
marquez	3.011
schoonmaakt	3.011
zweef	3.011
pong	3.011
afgespeeld	3.011
señora	3.011
therapeuten	3.011
luchthavens	3.011
schuiladres	3.011
tatum	3.011
dawes	3.011
austen	3.011
ac	3.011
telefoonmaatschappij	3.011
voorgangers	3.011
kippensoep	3.011
directeuren	3.011
verleende	3.011
hoorzittingen	3.011
geadresseerd	3.011
brandmeester	3.011
uitgelopen	3.011
pascoe	3.011
luitenant-ter-zee	3.011
schommelen	3.011
asgard	3.011
bezitterig	3.011
zandbak	3.011
familiefoto	3.011
hatch	3.011
subliem	3.011
prestigieuze	3.011
houdend	3.011
lundy	3.011
vakje	3.011
fbi-agenten	3.011
encyclopedie	3.011
kloppend	3.011
blossom	3.011
ingenieus	3.011
spleetoog	3.011
snufje	3.011
videospel	3.011
fungeren	3.010
dierenbescherming	3.010
pj	3.010
clovis	3.010
avonturier	3.010
woordkeuze	3.010
achtte	3.010
imperial	3.010
spam	3.010
dinner	3.010
gekende	3.010
cheeta	3.010
marsha	3.010
porthos	3.010
masseur	3.010
enthousiaste	3.010
raast	3.010
secretaresses	3.010
liefhebbers	3.010
abdullah	3.010
flair	3.010
blackout	3.010
fitzpatrick	3.010
bloost	3.010
misplaatste	3.010
gelapt	3.010
zorgzame	3.010
aida	3.010
hobart	3.010
uzi	3.010
conners	3.010
achterwaarts	3.010
byrne	3.010
waterleiding	3.010
bannen	3.010
stofzuigen	3.010
wegnam	3.010
jc	3.010
aankomsttijd	3.010
volkoff	3.010
zelfmoordmissie	3.010
uitschelden	3.010
sachs	3.010
yeti	3.010
vick	3.010
goedje	3.010
pepermuntje	3.010
plasje	3.010
vliegers	3.010
sgt	3.010
grappigste	3.010
verhandeld	3.010
binding	3.010
ptss	3.010
prozac	3.010
plezierige	3.010
kruidenthee	3.010
gregg	3.010
cochise	3.010
raleigh	3.008
cherie	3.008
bakersfield	3.008
brie	3.008
banana	3.008
mart	3.008
regenbogen	3.008
bevriende	3.008
instemming	3.008
beoordelingsvermogen	3.008
peri	3.008
newsome	3.008
residentie	3.008
espheni	3.008
laird	3.008
luidde	3.008
vadertje	3.008
guillaume	3.008
brugklas	3.008
niet-	3.008
openbaringen	3.008
d.b.	3.008
proton	3.008
onbevreesd	3.008
verkeken	3.008
samengevoegd	3.008
serre	3.008
halley	3.008
kwijlt	3.008
cosmetica	3.008
kaitlin	3.008
woodhull	3.008
paardenstaart	3.008
dalia	3.008
kampeerders	3.008
stelpen	3.008
terughebben	3.008
klontjes	3.008
autisme	3.008
kloteding	3.008
translate	3.008
berekende	3.008
klomp	3.008
volker	3.008
pompt	3.008
geduchte	3.008
toerisme	3.008
competitief	3.008
warrior	3.008
patmore	3.008
pcp	3.008
onderscheidingen	3.008
vrouws	3.008
consequent	3.008
panther	3.008
12de	3.008
gonorroe	3.008
supplement	3.008
egocentrisch	3.008
karsten	3.008
bemiddeling	3.007
onveranderd	3.007
telefoniste	3.007
schatrijk	3.007
italie	3.007
stemden	3.007
criminal	3.007
prediker	3.007
snotlout	3.007
knabbelen	3.007
gifford	3.007
nielsen	3.007
wandelend	3.007
opgewacht	3.007
manke	3.007
aggie	3.007
giacomo	3.007
maagpijn	3.007
ontleed	3.007
proefde	3.007
onaantrekkelijk	3.007
lucratief	3.007
eenzelfde	3.007
pena	3.007
guillermo	3.007
manfred	3.007
freelancer	3.007
gevorderde	3.007
verwarmd	3.007
schorpioenen	3.007
opging	3.007
addic7ed	3.007
scheel	3.007
slick	3.007
roddy	3.007
toverkracht	3.007
flugel	3.007
twintiger	3.007
rechtmatig	3.007
wtc	3.007
heathrow	3.007
belize	3.007
woekeraar	3.007
pose	3.007
gril	3.007
lasso	3.007
verantwoordelijken	3.007
moves	3.007
basketball	3.007
antoinette	3.007
symboliseert	3.007
terugroepen	3.007
bonussen	3.007
mankeerde	3.007
nieuwsbericht	3.007
benni	3.005
alsmede	3.005
uitgescholden	3.005
loeren	3.005
bajoraanse	3.005
potjes	3.005
wildste	3.005
kidnapper	3.005
appleby	3.005
aanricht	3.005
schim	3.005
savoy	3.005
english	3.005
knulletje	3.005
apostelen	3.005
beautiful	3.005
goeiemiddag	3.005
kunstenares	3.005
rooney	3.005
trekjes	3.005
berging	3.005
barn	3.005
verknoeide	3.005
vrijpleiten	3.005
kroatië	3.005
adverteren	3.005
upon	3.005
wilfred	3.005
neo	3.005
standbeelden	3.005
jemma	3.005
vlakten	3.005
handpalm	3.005
sacha	3.005
gerustgesteld	3.005
zakdoekje	3.005
kerstkaart	3.005
dede	3.005
lefty	3.005
buidelrat	3.005
consumptie	3.005
zakenwereld	3.005
foyer	3.005
frédéric	3.005
zoekactie	3.005
krimpt	3.005
maaginhoud	3.005
wolfram	3.005
conversie	3.005
campagnes	3.005
sportwagen	3.005
corona	3.005
herkozen	3.005
besprak	3.005
dos	3.005
onrechtmatige	3.005
ontwapenen	3.003
ketter	3.003
chronicle	3.003
gebakjes	3.003
druïde	3.003
legitimeren	3.003
bestoken	3.003
sleurde	3.003
vooralsnog	3.003
uitvoerig	3.003
afscheiding	3.003
caracas	3.003
topvorm	3.003
gardiner	3.003
formuleren	3.003
bekleed	3.003
play-offs	3.003
commune	3.003
nadere	3.003
knipperde	3.003
gossie	3.003
12-jarige	3.003
schaaldieren	3.003
farmaceutisch	3.003
dwangmatig	3.003
fotografisch	3.003
30e	3.003
hubbard	3.003
haarbal	3.003
lao	3.003
valencia	3.003
uitwerking	3.003
kliekjes	3.003
wonka	3.003
matrassen	3.003
indertijd	3.003
afkeuren	3.003
gezever	3.003
slotpleidooi	3.003
aftrek	3.003
kleurlingen	3.003
crescent	3.003
poppenhuis	3.003
kurkentrekker	3.003
bouwvakkers	3.003
yogi	3.003
westminster	3.003
bouwvakker	3.003
doorgeeft	3.003
paf	3.003
bulldozer	3.003
huilebalk	3.002
wegneemt	3.002
zwelt	3.002
geëxperimenteerd	3.002
astor	3.002
gediagnosticeerd	3.002
jolene	3.002
batiatus	3.002
saldo	3.002
giorgio	3.002
zomerhuis	3.002
edge	3.002
uitdraaien	3.002
rocks	3.002
onderkoeling	3.002
scherpzinnig	3.002
feniks	3.002
schoongeveegd	3.002
geëerde	3.002
zondige	3.002
belgrado	3.002
ballistisch	3.002
episch	3.002
verwarrende	3.002
mojito	3.002
nabijgelegen	3.002
trimester	3.002
liefhebt	3.002
beëindigt	3.002
verbreden	3.002
navigatiesysteem	3.002
mandarijn	3.002
luchtaanvallen	3.002
babcock	3.002
wegstoppen	3.002
monopolie	3.002
hersenloze	3.002
patio	3.002
walsen	3.002
vuilniswagen	3.002
vaughan	3.002
radcliffe	3.002
verduiveld	3.002
bezichtigen	3.002
hutchinson	3.002
karim	3.002
prestige	3.002
terugdenken	3.002
onplezierig	3.002
ibiza	3.002
onthul	3.002
morpheus	3.002
handelaars	3.002
kapster	3.002
onbeduidende	3.002
giraf	3.002
speelveld	3.002
woef	3.002
manipulatief	3.002
geïntroduceerd	3.002
taskforce	3.002
17-jarige	3.002
robijnen	3.000
mormonen	3.000
planden	3.000
duld	3.000
terugbracht	3.000
geringe	3.000
gonzo	3.000
standpunten	3.000
hasan	3.000
uitval	3.000
bestrijdt	3.000
desiree	3.000
heathcliff	3.000
andes	3.000
fabian	3.000
jongs	3.000
blazer	3.000
omkwamen	3.000
spreekwoord	3.000
fresh	3.000
geaardheid	3.000
pack	3.000
falco	3.000
mals	3.000
boogie	3.000
gist	3.000
toneelstukje	3.000
kardinalen	3.000
pruim	3.000
stommerd	3.000
ontmoedigd	3.000
politieonderzoek	3.000
before	3.000
weggereden	3.000
bestrijd	3.000
pino	3.000
spreekbeurt	3.000
ak	3.000
spendeer	3.000
gazelle	3.000
listen	3.000
levine	3.000
kotst	3.000
projecteren	3.000
gezaaid	3.000
cologne	3.000
geborgen	3.000
glijbaan	3.000
trainers	3.000
baseren	3.000
druipt	3.000
verdampen	3.000
levensecht	3.000
valiant	3.000
deurwaarder	3.000
maxime	3.000
aangebrand	3.000
geldschieter	3.000
northern	3.000
bejaardenhuis	3.000
bestookt	3.000
schadelijke	2.998
splitsing	2.998
anarchist	2.998
afgrijselijke	2.998
vod	2.998
natrium	2.998
reserveer	2.998
lopers	2.998
regis	2.998
autootje	2.998
resulteerde	2.998
vrome	2.998
keefe	2.998
trilling	2.998
veejee	2.998
baviaan	2.998
soren	2.998
callaghan	2.998
maandagmorgen	2.998
cadmus	2.998
afpakt	2.998
prikkels	2.998
maarten	2.998
fifi	2.998
hersengolven	2.998
botte	2.998
dineetje	2.998
sy	2.998
bien	2.998
drieling	2.998
everybody	2.998
betekenden	2.998
absorbeert	2.998
inhalig	2.998
kraakte	2.998
serpent	2.998
hittegolf	2.998
drugsdeal	2.998
kenya	2.998
afstudeerde	2.998
vil	2.998
ryo	2.998
enen	2.998
blow	2.998
nachtjapon	2.998
commodus	2.998
overvol	2.998
alexandria	2.998
enzym	2.998
boekenwinkel	2.998
gruwelen	2.998
enter	2.998
energy	2.998
goudstukken	2.998
microben	2.998
roestbak	2.998
midwesten	2.998
onnozelaar	2.998
eendjes	2.998
schietgrage	2.998
alstublief	2.998
aardrijkskunde	2.998
senioren	2.998
geteisterd	2.998
lachgas	2.996
wijwater	2.996
geneer	2.996
genoodzaakt	2.996
lay	2.996
geschiedenisboeken	2.996
lievelingskleur	2.996
stoner	2.996
tyrannosaurus	2.996
lijkzak	2.996
achilles	2.996
opzettelijke	2.996
gespreid	2.996
dalai	2.996
aaseters	2.996
reiniging	2.996
standaardprocedure	2.996
16de	2.996
fremont	2.996
keuring	2.996
gejammer	2.996
maandelijks	2.996
chaney	2.996
startbaan	2.996
mint	2.996
grapefruit	2.996
lapje	2.996
baarde	2.996
linke	2.996
zeilboot	2.996
mccormick	2.996
fascisme	2.996
begroeting	2.996
hoorje	2.996
apartement	2.996
depressieve	2.996
takel	2.996
herleiden	2.996
uitgecheckt	2.996
gezwegen	2.996
bemoeial	2.996
ryu	2.996
sloopt	2.996
marmeren	2.996
beramen	2.996
bekertje	2.996
gemachtigd	2.996
susanna	2.996
neerzet	2.996
dwaalt	2.996
pieker	2.996
ergernis	2.996
verminking	2.996
mustafa	2.995
menig	2.995
filipijnen	2.995
terughoudendheid	2.995
cyprus	2.995
gevouwen	2.995
crematorium	2.995
ponden	2.995
sciencefiction	2.995
weggebracht	2.995
goedaardig	2.995
zegde	2.995
uitgaf	2.995
geflipt	2.995
keukentafel	2.995
steunden	2.995
nim	2.995
ij	2.995
rollie	2.995
feldman	2.995
tastbaar	2.995
kato	2.995
metgezellen	2.995
gemener	2.995
bevelhebbers	2.995
basra	2.995
libido	2.995
toeteren	2.995
beuren	2.995
tentoongesteld	2.995
schoonheidssalon	2.995
reserveringen	2.995
koda	2.995
kennisgemaakt	2.995
chocoladetaart	2.995
oneerbiedig	2.995
striptent	2.995
publiceert	2.995
erickson	2.995
heibel	2.995
muad	2.995
insider	2.995
wegslepen	2.995
koch	2.995
wapperen	2.995
bloedserieus	2.995
lachwekkend	2.995
johannesburg	2.995
jessup	2.995
preventieve	2.995
pda	2.995
thérèse	2.995
verrijkt	2.995
dezen	2.995
shorts	2.995
marino	2.995
verging	2.995
halfzus	2.995
vlaag	2.995
zoekopdracht	2.995
eliminatie	2.995
kiekeboe	2.995
suikerspin	2.995
dutton	2.995
mompelen	2.993
corner	2.993
kwetsend	2.993
charger	2.993
naaktheid	2.993
welsh	2.993
jordanië	2.993
dynamisch	2.993
geraadpleegd	2.993
optrekt	2.993
doodsbedreigingen	2.993
dorn	2.993
schimmels	2.993
bolletje	2.993
zelfstandige	2.993
hélène	2.993
armani	2.993
pseudoniem	2.993
engs	2.993
giulia	2.993
waarachtig	2.993
autobiografie	2.993
bemand	2.993
baseer	2.993
professoren	2.993
agentje	2.993
sparren	2.993
19de	2.993
hung	2.993
perplex	2.993
sober	2.993
besprong	2.993
innige	2.993
verjaardagstaart	2.993
vervangers	2.993
toepassingen	2.993
kalmerende	2.993
doeltreffend	2.993
stuivers	2.993
geefje	2.993
peanut	2.993
speelhal	2.993
petrie	2.993
nagemaakt	2.993
gerommeld	2.993
meeuwen	2.993
nyu	2.993
speelruimte	2.993
onthaal	2.993
mean	2.993
hiram	2.993
waagde	2.993
praatgroep	2.993
gulheid	2.993
aaah	2.993
taub	2.993
aanhoudende	2.993
marinebasis	2.991
strijkt	2.991
afwist	2.991
filmden	2.991
baja	2.991
bela	2.991
gekko	2.991
voorjaarsvakantie	2.991
drijfveer	2.991
architecten	2.991
blootleggen	2.991
gestoorden	2.991
rechtspraak	2.991
jasons	2.991
kadaver	2.991
bieber	2.991
track	2.991
gealarmeerd	2.991
doorslaan	2.991
geinig	2.991
ahoy	2.991
component	2.991
trendy	2.991
jakes	2.991
inlopen	2.991
conan	2.991
durfden	2.991
tackle	2.991
onderarm	2.991
metropolitan	2.991
zuidoost	2.991
zonderling	2.991
magnesium	2.991
nuchtere	2.991
sniper	2.991
aanstoot	2.991
beschadiging	2.991
eau	2.991
universal	2.991
denkwijze	2.991
cooke	2.991
²	2.991
valdez	2.991
aardoppervlak	2.991
trucker	2.991
ingeladen	2.991
rollo	2.991
simba	2.991
mooiers	2.991
fanatieke	2.991
symbolische	2.991
panden	2.991
raapte	2.991
verpletter	2.990
katjes	2.990
fuckin	2.990
munro	2.990
burn	2.990
devin	2.990
tk	2.990
gelukkigen	2.990
aanbidding	2.990
activist	2.990
fractuur	2.990
aangevoerd	2.990
noodles	2.990
uitdagende	2.990
liberator	2.990
uitsteekt	2.990
kondigde	2.990
zielenknijper	2.990
regisseurs	2.990
brouwsel	2.990
stamper	2.990
mclaren	2.990
mcgregor	2.990
sneeuwbal	2.990
mistig	2.990
onrechtmatig	2.990
adrienne	2.990
massamoordenaar	2.990
steriele	2.990
videorecorder	2.990
wasmand	2.990
sanitair	2.990
ziegler	2.990
misa	2.990
gallië	2.990
omgegooid	2.990
huwelijksaanzoek	2.990
hogerhand	2.990
atwater	2.990
kimono	2.990
ontgroening	2.990
sterfelijkheid	2.990
doorlaten	2.990
homoseksuelen	2.990
onkwetsbaar	2.990
lynne	2.990
opgezette	2.990
seward	2.990
befaamde	2.990
voorgaan	2.990
siamese	2.990
vechtende	2.990
langzamerhand	2.990
toegestuurd	2.990
stuwkracht	2.990
flatgebouw	2.988
neerstak	2.988
techneut	2.988
deuce	2.988
horne	2.988
onbeschadigd	2.988
karina	2.988
hartzeer	2.988
boosdoener	2.988
walhalla	2.988
panters	2.988
zorgwekkend	2.988
fiat	2.988
beloningen	2.988
gehaktbal	2.988
zweterige	2.988
waterdichte	2.988
uitgesneden	2.988
peng	2.988
aanhoudingsbevel	2.988
albanië	2.988
spoelde	2.988
purdy	2.988
bivakmuts	2.988
trenton	2.988
inlichtingendiensten	2.988
verhuurt	2.988
gosh	2.988
vliegtickets	2.988
vergaderruimte	2.988
vergeetachtig	2.988
exodus	2.988
mensenkennis	2.988
gespuugd	2.988
registreer	2.988
neurotisch	2.988
seine	2.988
holdings	2.988
kabeljauw	2.988
goes	2.988
ontwerpt	2.988
jean-claude	2.988
fearless	2.988
toi	2.988
geheugenkaart	2.988
slaagden	2.988
zijkanten	2.988
belg	2.988
operatietafel	2.988
strook	2.988
smalls	2.988
col	2.988
uitvoerende	2.988
bezegeld	2.988
heils	2.988
sumner	2.988
stortingen	2.988
clavin	2.988
culinaire	2.988
voorgelegd	2.988
kamelot	2.988
kraters	2.988
stillen	2.988
terugbetaling	2.988
tijdverdrijf	2.986
tamsin	2.986
dansend	2.986
stemmers	2.986
verdun	2.986
toekwam	2.986
hd	2.986
aanhoudt	2.986
kletspraat	2.986
patenten	2.986
metjou	2.986
waterman	2.986
vestiging	2.986
kraft	2.986
afschriften	2.986
dreams	2.986
homofiel	2.986
vroegtijdig	2.986
rechtshandhaving	2.986
aanloop	2.986
getij	2.986
angsthaas	2.986
corrigan	2.986
correspondent	2.986
hersen	2.986
gesetteld	2.986
tomorrow	2.986
vindingrijkheid	2.986
runner	2.986
krimp	2.986
gross	2.986
doelbewust	2.986
accountants	2.986
konvooien	2.986
beoogde	2.986
inwerken	2.986
voorgeleiding	2.986
koala	2.986
beschouwing	2.986
knowles	2.986
kaartspel	2.986
lapdance	2.986
verscheidenheid	2.986
kruizen	2.986
databases	2.986
wervel	2.986
lanceert	2.986
herstarten	2.986
schoothondje	2.986
woonruimte	2.986
eod	2.986
shen	2.986
matchen	2.986
noorderlicht	2.986
patrouillewagen	2.986
peuteren	2.986
vergast	2.986
verstandhouding	2.986
osgood	2.986
eastern	2.986
coaches	2.984
voorbeeldige	2.984
madagaskar	2.984
jar	2.984
ween	2.984
kwijl	2.984
verwen	2.984
bedoelden	2.984
sproeten	2.984
schaamteloze	2.984
sympathieke	2.984
skype	2.984
onfatsoenlijk	2.984
stemmingswisselingen	2.984
cable	2.984
doelstellingen	2.984
berlijnse	2.984
gettysburg	2.984
klerelijer	2.984
bosco	2.984
aanvaardde	2.984
ziekteverlof	2.984
verwijzingen	2.984
voornemen	2.984
pleegmoeder	2.984
oversteekt	2.984
verwaarlozen	2.984
ondergeschikten	2.984
uithaalde	2.984
chopin	2.984
masseuse	2.984
oef	2.984
kunstjes	2.984
iraniërs	2.984
bewegend	2.984
sm	2.984
savino	2.984
erfstuk	2.984
kledingstuk	2.984
granny	2.984
rios	2.984
afwezige	2.984
weggelaten	2.984
grenst	2.984
bloedende	2.984
katja	2.984
aanmaken	2.984
topsnelheid	2.984
aangeduid	2.984
pantoffels	2.984
indië	2.984
vergrootglas	2.984
complexer	2.984
bedreigden	2.984
abba	2.984
klungel	2.983
narcist	2.983
indy	2.983
till	2.983
remus	2.983
lamsvlees	2.983
naaister	2.983
beoefenen	2.983
fobie	2.983
laaiend	2.983
schoenmaker	2.983
verongelukte	2.983
bloedtoevoer	2.983
smurfen	2.983
microscopisch	2.983
onmiskenbaar	2.983
aanlopen	2.983
gewei	2.983
bootsman	2.983
pisnijdig	2.983
medeweten	2.983
sonépouse	2.983
trottoir	2.983
maillot	2.983
onafgemaakte	2.983
uitgevers	2.983
seinfeld	2.983
censuur	2.983
taylors	2.983
sporenonderzoek	2.983
rondsluipen	2.983
gedisciplineerd	2.983
verversen	2.983
toeliet	2.983
inslaat	2.983
jemaine	2.983
uitstapjes	2.983
alstjeblieft	2.983
harker	2.983
ruilt	2.983
phlox	2.983
edmond	2.983
wikkelen	2.983
ahem	2.983
neuriën	2.983
pensionering	2.983
liberalen	2.983
twaalven	2.983
getracht	2.983
hartkwaal	2.983
kalksteen	2.983
strenger	2.983
tillman	2.983
weiland	2.983
rave	2.983
éénmaal	2.983
rom	2.983
jehova	2.981
denkende	2.981
verkwisten	2.981
asperges	2.981
grijnzen	2.981
slagerij	2.981
overgevoelig	2.981
moedigste	2.981
imbecielen	2.981
leavenworth	2.981
ondernemers	2.981
masturbatie	2.981
beans	2.981
harcourt	2.981
kinderporno	2.981
hulpjes	2.981
quad	2.981
tuinier	2.981
chiefs	2.981
gao	2.981
padden	2.981
bitterheid	2.981
doom	2.981
schietend	2.981
breedtegraad	2.981
levensbelang	2.981
doorbakken	2.981
ophoud	2.981
hallucineert	2.981
herkenning	2.981
indekken	2.981
twisten	2.981
paraderen	2.981
uitkopen	2.981
overgrootmoeder	2.981
knopjes	2.981
stewardessen	2.981
alarmcentrale	2.981
asterix	2.981
eindpunt	2.981
pocket	2.981
ballistische	2.981
spelden	2.981
mijnbouw	2.981
vennootschap	2.981
schalen	2.981
dons	2.981
bloedbank	2.981
verdedigingslinie	2.981
gespecialiseerde	2.981
5th	2.981
telegraaf	2.981
grinch	2.981
boat	2.981
associatie	2.981
gekloond	2.981
review	2.979
showbizz	2.979
bloedverwant	2.979
croatoan	2.979
verrassingsaanval	2.979
recyclen	2.979
delicten	2.979
onzinnige	2.979
verlengde	2.979
gregorio	2.979
ammunitie	2.979
hypnotiseren	2.979
hellingen	2.979
delores	2.979
rothstein	2.979
stanny	2.979
23e	2.979
jodium	2.979
garak	2.979
metrostation	2.979
ontwikkelaar	2.979
jonkies	2.979
beschrijvingen	2.979
aristoteles	2.979
kimble	2.979
geldige	2.979
ethiopië	2.979
verwezen	2.979
zomin	2.979
shiva	2.979
zoidberg	2.979
comm	2.979
warms	2.979
kruisigen	2.979
denkbare	2.979
ogenschijnlijk	2.979
verstuurt	2.979
soufflé	2.979
bezienswaardigheden	2.979
verdikkeme	2.979
alexi	2.979
ovens	2.979
proteïnen	2.979
vandalen	2.979
heg	2.979
tropen	2.979
westchester	2.979
introduceerde	2.979
erecode	2.979
onvriendelijk	2.979
reclamebord	2.979
schrokken	2.979
gevild	2.979
ruairi	2.979
huang	2.979
koelt	2.979
onorthodox	2.979
chatroom	2.979
vittorio	2.979
trans	2.979
roemeense	2.979
gem	2.979
bri	2.979
holder	2.979
aangeleerd	2.979
barron	2.979
attracties	2.979
penningmeester	2.979
hogepriester	2.977
nobody	2.977
speurder	2.977
ak-47	2.977
waarzegster	2.977
e.t.	2.977
proces-verbaal	2.977
aantoont	2.977
dwyer	2.977
magen	2.977
stereotype	2.977
korpschef	2.977
crimson	2.977
believe	2.977
aimee	2.977
uitrukken	2.977
rats	2.977
ontsporen	2.977
lulletje	2.977
verstopten	2.977
onraad	2.977
understatement	2.977
elementaire	2.977
ongewisse	2.977
musketier	2.977
replicators	2.977
naderbij	2.977
uitpluizen	2.977
folklore	2.977
daags	2.977
leith	2.977
instrumentale	2.977
gerepeteerd	2.977
middaguur	2.977
droomhuis	2.977
racer	2.977
kier	2.977
standby	2.977
byrd	2.977
bega	2.977
verwoorden	2.977
pont	2.977
napalm	2.977
gecharmeerd	2.977
eclips	2.977
neuro	2.977
doodstil	2.977
halfnaakt	2.977
betoveren	2.977
laadruimte	2.977
rijders	2.977
handjevol	2.977
lidocaïne	2.977
sissy	2.977
coupe	2.977
handgranaat	2.977
hunnicutt	2.976
junction	2.976
spooner	2.976
meat	2.976
castreren	2.976
striemen	2.976
korf	2.976
wasruimte	2.976
maude	2.976
minderheden	2.976
cane	2.976
overhandigt	2.976
vreugdevuur	2.976
gestaag	2.976
flappen	2.976
littekenweefsel	2.976
dugan	2.976
omgegaan	2.976
debriefing	2.976
grootmoedig	2.976
gestreepte	2.976
aanslaat	2.976
gedetineerde	2.976
trippen	2.976
nylon	2.976
gastheren	2.976
ladders	2.976
kerstdiner	2.976
dicky	2.976
verzending	2.976
skaten	2.976
politiechef	2.976
restauratie	2.976
normandy	2.976
hartproblemen	2.976
creditkaart	2.976
afdrogen	2.976
afrikanen	2.976
kidnappers	2.976
stethoscoop	2.976
paraguay	2.976
kaping	2.976
vlaktes	2.976
geroddeld	2.976
vikings	2.976
rachael	2.976
boa	2.976
huidig	2.976
binnenval	2.976
behoede	2.976
support	2.976
bliksemschicht	2.976
algiers	2.976
inhumans	2.976
acapulco	2.976
galaxy	2.976
keizers	2.976
aanrekenen	2.976
verwerp	2.976
pezen	2.976
huist	2.976
krantenkop	2.976
buckner	2.976
doorzet	2.976
gezichtsveld	2.976
bureaucraten	2.976
norah	2.976
marius	2.976
gesteriliseerd	2.976
nola	2.976
opgelaten	2.976
rondgevraagd	2.976
stegen	2.976
tragedies	2.976
ramt	2.976
rev	2.974
verdwijningen	2.974
ongrijpbaar	2.974
reglement	2.974
ashby	2.974
meezit	2.974
verpeste	2.974
beraamd	2.974
overschakelen	2.974
veruit	2.974
brunchen	2.974
hoofdzuster	2.974
mappen	2.974
vervaagd	2.974
aladdin	2.974
maxim	2.974
uitgestippeld	2.974
nepal	2.974
tink	2.974
reade	2.974
middeleeuws	2.974
belegd	2.974
repareerde	2.974
doping	2.974
tactvol	2.974
oksel	2.974
try	2.974
asteria	2.974
inloggen	2.974
huisjes	2.974
risotto	2.974
citadel	2.974
leidinggevenden	2.974
network	2.974
gemeend	2.974
onderbrengen	2.974
ambassadeurs	2.974
horizontale	2.974
pakketten	2.974
hangmat	2.974
pilaar	2.974
sensueel	2.974
surveilleren	2.974
sexier	2.974
tolerant	2.974
matten	2.974
opbrengt	2.974
bling	2.974
miserie	2.974
hobbit	2.974
belet	2.974
katalysator	2.974
mccartney	2.974
snak	2.974
plummer	2.974
clienten	2.974
vlekje	2.974
admiraliteit	2.974
13de	2.974
arkham	2.974
onderdanig	2.974
verwelkomd	2.974
knuppels	2.974
kruiwagen	2.974
toewijzen	2.974
daly	2.974
lelouch	2.974
schaakspel	2.974
filantroop	2.974
intro	2.974
ongevraagd	2.974
watergate	2.972
ongetrouwd	2.972
onprettig	2.972
ki	2.972
duwden	2.972
yonkers	2.972
jonkvrouw	2.972
accordeon	2.972
maakje	2.972
formaldehyde	2.972
deline	2.972
smaad	2.972
women	2.972
zapata	2.972
minuscule	2.972
alliance	2.972
index	2.972
shaft	2.972
scheve	2.972
glenda	2.972
colosseum	2.972
larissa	2.972
beleggen	2.972
datjullie	2.972
vaccins	2.972
piepers	2.972
edelmoedig	2.972
onderonsje	2.972
exit	2.972
doorspelen	2.972
remember	2.972
kastjes	2.972
thom	2.972
sami	2.972
eerstgeborene	2.972
uitvlucht	2.972
dancer	2.972
henzelf	2.972
tikkende	2.972
ironische	2.972
verslaggeefster	2.972
trilde	2.972
cry	2.972
uithuilen	2.972
vlammenwerper	2.972
drugdealers	2.972
stommer	2.972
christophe	2.972
suze	2.972
stelende	2.972
tesamen	2.972
tentje	2.972
betwijfelen	2.972
samenspannen	2.972
smolt	2.972
geërgerd	2.972
vrolijkheid	2.972
diem	2.972
quantum	2.972
vibrator	2.972
saints	2.972
prix	2.972
outfits	2.972
cocaine	2.972
cinnamon	2.972
geknuffeld	2.972
financiele	2.972
durst	2.972
petit	2.972
lichtere	2.972
raarste	2.972
klara	2.970
spider-man	2.970
pijnlijker	2.970
française	2.970
luffy	2.970
kompleet	2.970
remt	2.970
overgestapt	2.970
absolutie	2.970
afkopen	2.970
aanbellen	2.970
badhuis	2.970
sleurt	2.970
lupo	2.970
rusthuis	2.970
opendeed	2.970
voorlichting	2.970
bijgestaan	2.970
billboard	2.970
emmalin	2.970
koker	2.970
opeenvolgende	2.970
geroyeerd	2.970
loodgieters	2.970
rugzakken	2.970
termijnen	2.970
tnt	2.970
pontiac	2.970
telefoonrekening	2.970
rekenmachine	2.970
bouwwerk	2.970
lyndon	2.970
aftuigen	2.970
aphrodite	2.970
snuiter	2.970
walgen	2.970
klikspaan	2.970
viaduct	2.970
scheld	2.970
geologie	2.970
voorzienigheid	2.970
beloop	2.970
verhangen	2.970
bewakingsvideo	2.970
verbluffende	2.970
fluweel	2.970
genovese	2.970
jump	2.970
hulpverlener	2.970
moeder-overste	2.970
khaled	2.970
tegenvaller	2.970
jaws	2.970
krabde	2.970
opbeuren	2.970
baret	2.970
armzalig	2.970
doorgereden	2.970
aanpast	2.970
postcode	2.970
kwadraat	2.970
g.d.	2.970
overheden	2.970
monsterlijk	2.970
filmmaker	2.970
gemakkelijkste	2.970
maatpak	2.970
verklap	2.970
piepende	2.970
verwarmt	2.970
monopoly	2.970
gabriella	2.970
brenna	2.968
politieagente	2.968
nakamura	2.968
halfdood	2.968
vine	2.968
bullet	2.968
h.g.	2.968
idealist	2.968
stumper	2.968
quint	2.968
ontloop	2.968
executive	2.968
draaiend	2.968
noordwest	2.968
inkijken	2.968
restant	2.968
handelswaar	2.968
kannibalisme	2.968
abstract	2.968
agressiever	2.968
whitley	2.968
ontsmet	2.968
phineas	2.968
hanks	2.968
psst	2.968
tossen	2.968
under	2.968
slaapfeestje	2.968
mall	2.968
lelijker	2.968
eindfeest	2.968
ondersteun	2.968
shauna	2.968
fetisj	2.968
gewijde	2.968
egg	2.968
thames	2.968
cabal	2.968
dubieus	2.968
corcoran	2.968
blackburn	2.968
dodo	2.968
amita	2.968
rechterbeen	2.968
afleidt	2.968
onderdaan	2.968
doorgeslagen	2.968
cakes	2.968
overloop	2.968
poldark	2.968
jef	2.968
titans	2.968
burning	2.968
broodkruimels	2.968
leugentje	2.968
rune	2.968
formidabel	2.968
worthington	2.968
stompen	2.968
lauderdale	2.968
blootje	2.968
lilah	2.968
oploopt	2.968
geleegd	2.968
republic	2.968
chekov	2.967
svu	2.967
duggan	2.967
consumeren	2.967
tv-kijken	2.967
opgevreten	2.967
doorgekomen	2.967
toetjes	2.967
onbewaakt	2.967
subject	2.967
geruime	2.967
commandeur	2.967
velgen	2.967
afgestuurd	2.967
hickman	2.967
buitenbeentje	2.967
gladjanus	2.967
achteringang	2.967
verschuiving	2.967
kostbaarheden	2.967
stitch	2.967
heersende	2.967
bliezen	2.967
goochelen	2.967
rondgekeken	2.967
temperance	2.967
uitstoot	2.967
geboet	2.967
huiden	2.967
koelbox	2.967
voorarrest	2.967
stiletto	2.967
vredesverdrag	2.967
installeer	2.967
helende	2.967
sportman	2.967
sneetje	2.967
leeghalen	2.967
should	2.967
vuurpijl	2.967
familiereünie	2.967
insloeg	2.967
hoofdcomputer	2.967
ste	2.967
gever	2.967
handrem	2.967
macpherson	2.967
roddelbladen	2.967
chevalier	2.967
klippen	2.967
brains	2.967
betreurt	2.967
monsterlijke	2.967
woodstock	2.967
opener	2.967
freedman	2.965
historici	2.965
teruggekregen	2.965
gable	2.965
bereidheid	2.965
nl-subs	2.965
kazachstan	2.965
nelle	2.965
stalk	2.965
telepathische	2.965
wegrestaurant	2.965
goddard	2.965
scheepswerf	2.965
rommelmarkt	2.965
esperanza	2.965
onthoofding	2.965
nipt	2.965
vluchtmisdrijf	2.965
nigger	2.965
baarden	2.965
voedzaam	2.965
goeiendag	2.965
flauwviel	2.965
wesson	2.965
filosofen	2.965
voorkeuren	2.965
radicalen	2.965
reisjes	2.965
fysicus	2.965
kiwi	2.965
uk	2.965
aanbevelingsbrief	2.965
hana	2.965
galblaas	2.965
klampen	2.965
etc	2.965
onderschepte	2.965
winchesters	2.965
terloops	2.965
therapeutisch	2.965
pincet	2.965
tandartsen	2.965
afbetaling	2.965
koetjes	2.965
kinsey	2.965
pamflet	2.965
edelsteen	2.965
boomstam	2.965
dragoman	2.965
opschrijft	2.965
mollie	2.963
metaaldetector	2.963
gloucester	2.963
mads	2.963
vangnet	2.963
schouderklopje	2.963
glimmend	2.963
woedende	2.963
maretak	2.963
beroofden	2.963
spaarrekening	2.963
rampspoed	2.963
fases	2.963
bubbel	2.963
secondje	2.963
moraliteit	2.963
dreyfuss	2.963
gering	2.963
overgehouden	2.963
psychopathische	2.963
dai	2.963
pincode	2.963
studentenvereniging	2.963
binnenlaat	2.963
history	2.963
nostalgisch	2.963
joegen	2.963
feestelijke	2.963
gaandeweg	2.963
sluis	2.963
woordenschat	2.963
vliegtuigje	2.963
franchise	2.963
naz	2.963
luce	2.963
gracieus	2.963
missionaris	2.963
kellerman	2.963
voortreffelijke	2.963
verwisseling	2.963
yee	2.963
biljart	2.963
geclassificeerd	2.963
spareribs	2.963
kinney	2.963
australiërs	2.963
gemixt	2.963
codis	2.963
maskeren	2.963
elia	2.963
u-boot	2.963
stoeien	2.963
finlay	2.963
kantelen	2.963
overbleef	2.963
martelaren	2.963
fastfood	2.963
abner	2.963
traceerde	2.963
cyste	2.963
wynn	2.963
mazel	2.963
geglipt	2.963
dunlop	2.963
stabler	2.963
drongen	2.963
snoepen	2.963
ijsblokjes	2.963
protestantse	2.963
mosby	2.963
odie	2.961
tod	2.961
peetmoeder	2.961
salarissen	2.961
onfortuinlijke	2.961
lunchafspraak	2.961
kogelwond	2.961
vergezelt	2.961
pakkend	2.961
ride	2.961
elastiek	2.961
bixby	2.961
plukt	2.961
jennie	2.961
association	2.961
ravage	2.961
uitgestrekt	2.961
leerkrachten	2.961
rutledge	2.961
everglades	2.961
nai	2.961
holen	2.961
uitvond	2.961
mariah	2.961
rancune	2.961
fantaseert	2.961
neerwaartse	2.961
kronkelen	2.961
wraakactie	2.961
drugsbaron	2.961
knorrig	2.961
troeven	2.961
ontwaak	2.961
verontwaardigd	2.961
drummen	2.961
terechtgesteld	2.961
mariel	2.961
pullman	2.961
rondgelopen	2.961
vesuvius	2.961
eerbaar	2.961
zonsverduistering	2.961
search	2.961
napa	2.961
children	2.961
stift	2.961
wankel	2.961
hurst	2.961
mugenjin	2.961
taartenmaker	2.961
pleegkind	2.961
kopieer	2.961
early	2.961
mensenvlees	2.961
neuronen	2.961
poncho	2.961
wilshire	2.961
shut	2.961
showen	2.961
dukat	2.961
wallis	2.961
seasons	2.961
talkshow	2.961
afkickcentrum	2.961
vries	2.961
brommen	2.961
bern	2.959
synchroon	2.959
stuurloos	2.959
pubers	2.959
retour	2.959
uitdeelt	2.959
boekjes	2.959
wegkrijgen	2.959
onteerd	2.959
bruidssuite	2.959
beoordelingen	2.959
arnott	2.959
molesley	2.959
onbemande	2.959
booreiland	2.959
verslindt	2.959
fiscus	2.959
cleaver	2.959
gekerfd	2.959
heenga	2.959
zedendelinquent	2.959
parkeerplek	2.959
gefaxt	2.959
pleur	2.959
laaste	2.959
rekt	2.959
hypotheken	2.959
helsinki	2.959
cordy	2.959
peddelen	2.959
verbaas	2.959
forensics	2.959
ria	2.959
donoren	2.959
schandelijke	2.959
tipgever	2.959
beentjes	2.959
beheerde	2.959
stifler	2.959
melville	2.959
uithoren	2.959
fluffy	2.959
saxofoon	2.959
oogt	2.959
meningitis	2.959
schijnvertoning	2.959
neushoorns	2.959
wacht.	2.959
voetje	2.959
kolossale	2.959
wallen	2.959
opstandige	2.959
hartritme	2.959
deeltjesversneller	2.959
baze	2.959
ongeloofelijk	2.959
lolbroek	2.959
pharmaceuticals	2.959
opleverde	2.959
centimeters	2.959
driften	2.959
ransom	2.959
blaffer	2.959
gesmoord	2.959
intrek	2.959
22e	2.959
babbeltje	2.959
coy	2.959
tienermeisje	2.959
waarzegger	2.959
misloopt	2.959
wandelaars	2.959
verwissel	2.959
fashion	2.957
uitgeprobeerd	2.957
ingeruild	2.957
oostfront	2.957
dressoir	2.957
beentje	2.957
kaapstad	2.957
populairder	2.957
luck	2.957
bellevue	2.957
benedendeks	2.957
aisha	2.957
wankelen	2.957
fauna	2.957
goldie	2.957
antropoloog	2.957
dodental	2.957
vloekt	2.957
sloom	2.957
kreta	2.957
namaste	2.957
meegegeven	2.957
achtergronden	2.957
jap	2.957
universeel	2.957
tricky	2.957
subaru	2.957
fräulein	2.957
originelen	2.957
prius	2.957
last-minute	2.957
hervorming	2.957
geprikkeld	2.957
bandit	2.957
binnengaat	2.957
tweeen	2.957
zip	2.957
meegaand	2.957
huey	2.957
liefjes	2.957
sung	2.957
bogart	2.957
bernice	2.957
skippy	2.957
thethom	2.957
knaagt	2.957
milk	2.957
bryson	2.957
onbewuste	2.957
honor	2.957
genereert	2.957
drogeerde	2.957
flying	2.957
clitoris	2.957
gespietst	2.957
revere	2.957
inname	2.957
benjy	2.957
wii	2.957
vickers	2.957
holm	2.957
corn	2.957
afzette	2.957
inslagen	2.957
croissants	2.957
dowd	2.956
toffee	2.956
steekje	2.956
beheerste	2.956
kombuis	2.956
realistische	2.956
suki	2.956
lauw	2.956
trappelen	2.956
oa	2.956
blanc	2.956
ranzige	2.956
rox	2.956
vernieuwing	2.956
amin	2.956
weekly	2.956
pluim	2.956
voering	2.956
tall	2.956
djinn	2.956
lights	2.956
eenhoorns	2.956
niksnut	2.956
achterkomt	2.956
ozzy	2.956
gecamoufleerd	2.956
greendale	2.956
vermorzeld	2.956
aubergine	2.956
poppenspeler	2.956
onzekerheden	2.956
scheid	2.956
plagiaat	2.956
ems	2.956
toverstaf	2.956
kookboek	2.956
dhr	2.956
markiezin	2.956
meegerekend	2.956
tweederde	2.956
expliciet	2.956
propeller	2.956
vampire	2.956
studiegroep	2.956
jacksonville	2.956
vermommingen	2.956
haines	2.956
ampul	2.956
verpruts	2.956
dyke	2.956
beider	2.956
luidruchtige	2.956
abernathy	2.956
throat	2.956
invriezen	2.956
compagnons	2.956
aast	2.956
scooby-doo	2.956
drover	2.956
darken	2.956
arif	2.956
aanleren	2.956
piraterij	2.956
lupe	2.956
liefheb	2.956
zeshonderd	2.956
bordelen	2.956
krueger	2.954
dmitry	2.954
mahmoud	2.954
opereer	2.954
bebloed	2.954
mccluskey	2.954
wegkwam	2.954
pilaren	2.954
behoeftig	2.954
neerslag	2.954
centra	2.954
alley	2.954
scala	2.954
melkboer	2.954
dory	2.954
salades	2.954
socialistische	2.954
kniezen	2.954
getypt	2.954
krabbelen	2.954
herkenden	2.954
kernenergie	2.954
droid	2.954
afro	2.954
jenner	2.954
foutjes	2.954
coördinator	2.954
beloont	2.954
sleepten	2.954
blackberry	2.954
drumstel	2.954
texaanse	2.954
ketters	2.954
cécile	2.954
delko	2.954
azteken	2.954
slechterikken	2.954
delicatesse	2.954
biceps	2.954
kaan	2.954
zelfbeeld	2.954
uh-uh	2.954
oplichtster	2.954
handgemaakt	2.954
forten	2.954
woonwagen	2.954
weenie	2.954
millicent	2.954
nú	2.954
paté	2.954
merlot	2.954
croissant	2.954
foutloos	2.954
integratie	2.954
matje	2.954
stommelingen	2.954
betreurenswaardig	2.954
zandloper	2.954
minds	2.954
citeerde	2.954
rachid	2.954
kuilen	2.954
hellevuur	2.954
audi	2.954
zwakkeren	2.954
arabië	2.954
cynisme	2.954
folteren	2.952
cheerios	2.952
talrijke	2.952
zaterdagochtend	2.952
afgeeft	2.952
superioriteit	2.952
platinum	2.952
vervangende	2.952
grootst	2.952
rondvliegen	2.952
pestte	2.952
bres	2.952
manisch	2.952
f.b.i	2.952
ingezien	2.952
hydraulische	2.952
citaten	2.952
nyborg	2.952
hoedanigheid	2.952
meting	2.952
structurele	2.952
joffrey	2.952
veraf	2.952
daartussen	2.952
koolmonoxide	2.952
bureaucraat	2.952
doodslaan	2.952
contra	2.952
verzegelde	2.952
poederen	2.952
copper	2.952
dichthouden	2.952
romulaanse	2.952
vinyl	2.952
onstabiele	2.952
opperste	2.952
verrijzen	2.952
gabi	2.952
overstroomd	2.952
analyseert	2.952
eetcafé	2.952
inca	2.952
levensvatbaar	2.952
make-over	2.952
rijn	2.952
pats	2.952
gm	2.952
bomaanslagen	2.952
tinker	2.952
zeeniveau	2.952
draaiboek	2.952
akira	2.952
heerlijkheid	2.952
vergrendel	2.952
spongebob	2.952
schuldeisers	2.952
noodplan	2.952
inactief	2.952
balletjes	2.952
bizon	2.952
galapagos	2.952
schoolmeisjes	2.952
hoeverre	2.952
mishandelt	2.952
drugsprobleem	2.952
onbaatzuchtig	2.952
oorlogvoering	2.952
toekeek	2.952
ongetrouwde	2.952
reily	2.952
skylar	2.952
rohan	2.952
hummer	2.952
stijlvolle	2.952
aka	2.952
gekneusde	2.952
vijfjaar	2.950
kegel	2.950
verweerder	2.950
planetaire	2.950
sporters	2.950
claudio	2.950
windmolen	2.950
argus	2.950
ravioli	2.950
dmv	2.950
aantrekking	2.950
festiviteiten	2.950
belastende	2.950
caitlyn	2.950
zijdeur	2.950
barr	2.950
mccabe	2.950
mees	2.950
kuren	2.950
winn	2.950
sprekende	2.950
geschiedenisles	2.950
verklikt	2.950
eenvoudigste	2.950
buro	2.950
hersenoperatie	2.950
bazaar	2.950
musicals	2.950
verstrijkt	2.950
binnenshuis	2.950
uitdrijving	2.950
overstag	2.950
dubbelgangers	2.950
patriottisme	2.950
arne	2.950
knechten	2.950
geraffineerd	2.950
aanvangen	2.950
koppelt	2.950
perzië	2.950
passies	2.950
gannon	2.950
kameraadschap	2.950
bespoedigen	2.950
onherstelbaar	2.950
petrelli	2.950
beeldhouwer	2.950
racket	2.950
quest	2.950
pauls	2.950
terugtrok	2.950
bits	2.950
donkey	2.950
cougar	2.950
mongoolse	2.950
hashtag	2.950
tovenares	2.950
groupies	2.950
burgermeester	2.950
teamgenoot	2.950
ontoerekeningsvatbaar	2.950
dreig	2.950
mislukkelingen	2.950
klerezooi	2.950
rye	2.950
instaat	2.950
osaka	2.950
heffernan	2.950
kandidatuur	2.950
afgewend	2.948
reddingsmissie	2.948
zakkenwasser	2.948
ijspriem	2.948
zwaardvechter	2.948
keiko	2.948
satelliettelefoon	2.948
oh-oh	2.948
verdwaal	2.948
bloedtransfusie	2.948
bijbehorende	2.948
bevochten	2.948
barbados	2.948
hém	2.948
klemt	2.948
middenrif	2.948
hanteert	2.948
brant	2.948
suikerziekte	2.948
stelsels	2.948
kleurstof	2.948
verzonken	2.948
intimiteiten	2.948
bommelding	2.948
clandestiene	2.948
medicinale	2.948
grootvaders	2.948
getroost	2.948
incognito	2.948
vulden	2.948
doorkruisen	2.948
opoe	2.948
impala	2.948
tandjes	2.948
noordzee	2.948
bajoranen	2.948
kleverig	2.948
gladstone	2.948
aangekeken	2.948
dirigent	2.948
naliet	2.948
masha	2.948
smeekten	2.948
drago	2.948
kopstoot	2.948
gi	2.948
ingegrepen	2.948
editor	2.948
fernandez	2.948
electriciteit	2.948
hightech	2.948
besturingssysteem	2.948
granen	2.948
parkeerbonnen	2.948
uitleven	2.948
loven	2.948
enne	2.948
carmela	2.948
verhuurder	2.948
onnatuurlijke	2.948
bluth	2.948
bedot	2.948
x-files	2.948
sapiens	2.948
rotjoch	2.948
wanen	2.948
omgebouwd	2.948
verenigt	2.948
ondergetekende	2.948
mighty	2.948
jadzia	2.948
shalom	2.948
zwerft	2.948
zittende	2.948
adellijke	2.946
activeerde	2.946
klaargekomen	2.946
afpakte	2.946
mcphee	2.946
token	2.946
afvragend	2.946
weeks	2.946
tripje	2.946
geïmplanteerd	2.946
zoetigheid	2.946
shooter	2.946
shogun	2.946
nietmachine	2.946
weelde	2.946
ruimtevaart	2.946
denkwerk	2.946
aandoenlijk	2.946
omhelst	2.946
classic	2.946
voorzichtige	2.946
produceerde	2.946
stretch	2.946
brandtner	2.946
rokers	2.946
achttiende	2.946
verwerking	2.946
knipbeurt	2.946
ondeugd	2.946
riekt	2.946
beslissend	2.946
doakes	2.946
android	2.946
kietel	2.946
eclair	2.946
behoed	2.946
vooronderzoek	2.946
fazant	2.946
isle	2.946
vergooit	2.946
input	2.946
bijgebracht	2.946
cynische	2.946
toscane	2.946
charter	2.946
thermostaat	2.946
ongeneeslijk	2.946
automaten	2.946
fell	2.946
s.t.a.r.	2.946
tentamen	2.946
watchman	2.946
mopperen	2.946
stofwisseling	2.946
raadsleden	2.946
welbespraakt	2.946
voorgedragen	2.946
thriller	2.946
toneelspel	2.946
denktank	2.946
armada	2.946
aziaat	2.946
uitloopt	2.946
covington	2.946
nachtwacht	2.946
wentworth	2.946
kropen	2.946
zitplaatsen	2.946
klaart	2.946
struisvogel	2.946
triljoen	2.946
weather	2.946
geweerschot	2.946
mcgrath	2.946
getankt	2.946
kinderlijke	2.946
luidsprekers	2.946
parlementslid	2.946
replicator	2.946
gwendolyn	2.946
handschoenenkastje	2.946
breeze	2.946
maar-	2.946
streel	2.946
schooiers	2.946
ondervroegen	2.946
aanhang	2.946
leuning	2.946
waterput	2.946
laos	2.944
gokschulden	2.944
pao	2.944
viva	2.944
vervul	2.944
indient	2.944
nazareth	2.944
scharrel	2.944
elimineer	2.944
vleit	2.944
weerman	2.944
prothese	2.944
zeurpiet	2.944
stock	2.944
anorexia	2.944
wheels	2.944
wikipedia	2.944
onheilspellend	2.944
bowden	2.944
attaché	2.944
eelt	2.944
hervormingen	2.944
spookstad	2.944
halfweg	2.944
uitlaatklep	2.944
meo	2.944
uitvissen	2.944
duikboten	2.944
dahl	2.944
burcht	2.944
verdoof	2.944
normie	2.944
image	2.944
overschrijdt	2.944
kostelijk	2.944
overtocht	2.944
beyoncé	2.944
frey	2.944
eastman	2.944
kaaimaneilanden	2.944
signatuur	2.944
bankrover	2.944
ignacio	2.944
volgroeid	2.944
trustfonds	2.944
druïden	2.944
cream	2.944
goocheltruc	2.944
lips	2.944
misha	2.944
barack	2.944
bilal	2.944
stoffelijk	2.944
uitstralen	2.944
wegloper	2.944
zogeheten	2.944
verdubbelt	2.944
oneindigheid	2.944
neerdalen	2.944
mineraalwater	2.944
nia	2.944
xiang	2.944
nagus	2.944
ganz	2.944
pleuris	2.944
grootmeester	2.944
rotstreek	2.944
chrissie	2.944
dierbaarste	2.942
kantjes	2.942
phi	2.942
reinhardt	2.942
voorbode	2.942
wah	2.942
omvallen	2.942
rohypnol	2.942
petroleum	2.942
gould	2.942
kubieke	2.942
misdaadplaats	2.942
kapsones	2.942
pummel	2.942
straalde	2.942
fysiologie	2.942
aangrijpen	2.942
rondkomen	2.942
naamloze	2.942
platencontract	2.942
snoop	2.942
mausoleum	2.942
wederopbouw	2.942
voorhanden	2.942
smekend	2.942
verdorvenheid	2.942
round	2.942
opbrengsten	2.942
sterkst	2.942
volhoud	2.942
vreesden	2.942
obscene	2.942
rickie	2.942
yves	2.942
beslaat	2.942
oraal	2.942
bruiden	2.942
opsta	2.942
erts	2.942
henshaw	2.942
categorieën	2.942
aangedrongen	2.942
omleiding	2.942
heritage	2.942
onjuiste	2.942
ritsen	2.942
pulitzer	2.942
handmatige	2.942
rosenberg	2.942
opstrijken	2.942
walnoten	2.942
vlies	2.942
delacroix	2.942
presley	2.942
faam	2.942
fuzzy	2.942
veldtocht	2.942
strafte	2.942
wolff	2.942
corsica	2.942
corleone	2.942
neanderthalers	2.942
jarrett	2.942
krent	2.942
bakkebaarden	2.942
roosters	2.942
eenieder	2.942
morst	2.942
dade	2.942
nuttiger	2.942
pritchett	2.942
ophelia	2.942
gaia	2.942
gevarenzone	2.942
rottig	2.942
whip	2.942
verhonger	2.942
ophoesten	2.942
bureaucratische	2.942
aandeelhouder	2.942
botwin	2.942
onbedoeld	2.942
tegenprestatie	2.942
machtiging	2.940
matteo	2.940
glucose	2.940
rukten	2.940
boost	2.940
wilje	2.940
dorota	2.940
mondelinge	2.940
flag	2.940
orgel	2.940
tres	2.940
kunstgeschiedenis	2.940
hoeksteen	2.940
hepburn	2.940
arden	2.940
tere	2.940
deelgenomen	2.940
garber	2.940
volger	2.940
racisten	2.940
vragenlijst	2.940
doorgebrand	2.940
afdelingshoofd	2.940
symmetrie	2.940
negens	2.940
terugtocht	2.940
moordzuchtige	2.940
tourniquet	2.940
layton	2.940
piñata	2.940
neigt	2.940
beatty	2.940
marcellus	2.940
full-time	2.940
wonderful	2.940
svr	2.940
kingdom	2.940
binaire	2.940
driver	2.940
mlle	2.940
blackstone	2.940
evenzeer	2.940
verkreeg	2.940
escaleren	2.940
genua	2.940
helpende	2.940
gedocumenteerd	2.940
bestreden	2.940
oe	2.940
tre	2.940
zeemeerminnen	2.940
schoolreisje	2.940
omgevallen	2.940
sjonge	2.940
filosofische	2.940
benadrukt	2.940
system	2.940
squash	2.940
voorstad	2.940
ondergeschikt	2.940
gebaseerde	2.940
wrong	2.940
inzage	2.940
ontoelaatbaar	2.938
herprogrammeren	2.938
talentvolle	2.938
p.m.	2.938
juno	2.938
goedkomen	2.938
salamander	2.938
warden	2.938
bath	2.938
ooievaar	2.938
bolletjes	2.938
kwon	2.938
verzwakte	2.938
ongerustheid	2.938
dirt	2.938
wiebelen	2.938
botsten	2.938
ontario	2.938
nauwkeuriger	2.938
aanknopingspunten	2.938
plaatsvonden	2.938
tippelen	2.938
uranus	2.938
bibliothecaresse	2.938
achterzak	2.938
pretentieus	2.938
debielen	2.938
lekkende	2.938
zoden	2.938
handafdruk	2.938
ansichtkaart	2.938
saboteerde	2.938
regenachtige	2.938
rambaldi	2.938
perkamentus	2.938
toegangscodes	2.938
aantrek	2.938
umm	2.938
browns	2.938
luchtbel	2.938
eindspel	2.938
rekenden	2.938
verzen	2.938
uitgedokterd	2.938
andi	2.938
kenna	2.938
co-piloot	2.938
slaapliedje	2.938
fa	2.938
verafschuwt	2.938
cheerleading	2.938
teek	2.938
cilinders	2.938
pierrot	2.938
lantaarnpaal	2.938
wharton	2.938
daan	2.938
reizende	2.938
sgc	2.938
puistjes	2.938
specialiteiten	2.938
neurenberg	2.938
orsini	2.938
geraldine	2.938
verknipte	2.938
concentratiekampen	2.938
opstanding	2.938
productions	2.938
zion	2.938
sian	2.937
importeren	2.937
aanschaffen	2.937
passieve	2.937
onstuimig	2.937
playstation	2.937
yagami	2.937
amador	2.937
zuid-amerikaanse	2.937
verdergaat	2.937
leona	2.937
rings	2.937
fundament	2.937
postte	2.937
goodwill	2.937
koudste	2.937
opdraven	2.937
terechtstaan	2.937
babysit	2.937
paranoide	2.937
stoornissen	2.937
applausje	2.937
rodgers	2.937
overhouden	2.937
verona	2.937
joints	2.937
vroegste	2.937
cakeje	2.937
flood	2.937
smerigs	2.937
gleuf	2.937
corporatie	2.937
zwemmers	2.937
zakenmensen	2.937
fed	2.937
bergtop	2.937
razen	2.937
biljoenen	2.937
afkwam	2.937
lontje	2.937
calcutta	2.937
hani	2.937
opstapje	2.937
veiligere	2.937
piercings	2.937
vietnamees	2.937
ongeduld	2.937
uitvoerder	2.937
opgeraapt	2.937
gezondheidsproblemen	2.937
fozzie	2.937
fema	2.937
stropen	2.937
ritjes	2.937
socialisme	2.937
gerede	2.937
ontzegd	2.937
mayhew	2.937
kajuit	2.937
truitje	2.937
paniekaanvallen	2.937
voorstellingen	2.937
catch	2.937
lotte	2.937
rozemarijn	2.937
rattengif	2.937
doorgeknipt	2.937
kul	2.937
binnengekregen	2.935
aangrenzende	2.935
liposuctie	2.935
blane	2.935
haartje	2.935
reddingsactie	2.935
draaikolk	2.935
veldfles	2.935
haver	2.935
akkers	2.935
wingman	2.935
temporale	2.935
vergrendelen	2.935
aanfluiting	2.935
dodenlijst	2.935
sleutelgat	2.935
riolering	2.935
nauwkeurigheid	2.935
miserabel	2.935
banaal	2.935
latin	2.935
escalade	2.935
geografische	2.935
françoise	2.935
eropuit	2.935
zeurde	2.935
co-assistent	2.935
frustraties	2.935
pfeiffer	2.935
afhandig	2.935
oplader	2.935
duimafdruk	2.935
hurricane	2.935
felton	2.935
verbale	2.935
veroveraar	2.935
ontvangers	2.935
goochelaars	2.935
omschreef	2.935
winstgevende	2.935
holliday	2.935
controversiële	2.935
voorprogramma	2.935
flowers	2.935
verslechtert	2.935
toupet	2.935
tania	2.935
glibberig	2.935
decompressie	2.935
sri	2.935
muir	2.935
supermodel	2.935
wozniak	2.935
kranen	2.935
ap	2.935
nihil	2.935
resulteert	2.935
farce	2.935
subsidies	2.935
zpm	2.935
verminder	2.935
prachtigs	2.935
qasim	2.935
opereerde	2.935
overgaf	2.935
romantischer	2.935
siliconen	2.935
hechter	2.935
enigma	2.935
elkins	2.933
samenhang	2.933
colvin	2.933
beroering	2.933
overspoelen	2.933
bodemloze	2.933
gedenkwaardige	2.933
wetshandhaving	2.933
opdroeg	2.933
popel	2.933
gebabbel	2.933
williamsburg	2.933
wegleggen	2.933
bacteriële	2.933
ivoren	2.933
kringle	2.933
griselda	2.933
tarieven	2.933
anticonceptie	2.933
curzon	2.933
trommels	2.933
tsa	2.933
airbag	2.933
lamborghini	2.933
hirsch	2.933
redeneren	2.933
nabootsen	2.933
dum	2.933
dig	2.933
large	2.933
strijdmacht	2.933
collect	2.933
gebloed	2.933
blast	2.933
gehavend	2.933
sectoren	2.933
profiteer	2.933
verzilveren	2.933
rigby	2.933
rondbellen	2.933
frieda	2.933
jean-paul	2.933
abracadabra	2.933
ontdoe	2.933
hardcore	2.933
desai	2.933
kleverige	2.933
uhura	2.933
hoofddoel	2.933
maanbasis	2.933
hah	2.933
schillinger	2.933
aanvalsteam	2.933
ondraaglijke	2.933
terrace	2.933
wend	2.933
zelfvoldane	2.933
guam	2.933
yasmin	2.933
rube	2.933
denning	2.933
vindersloon	2.933
faser	2.933
uitgezaaid	2.933
cartoon	2.933
korn	2.933
interstellaire	2.933
dodelijker	2.933
goedgelovig	2.933
fantasiewereld	2.933
sh	2.933
2dads	2.933
moediger	2.933
abnormalen	2.933
kelton	2.933
veter	2.933
cecile	2.933
sjanghai	2.933
instabiliteit	2.933
technologisch	2.933
overmeesterd	2.931
wayward	2.931
scherpte	2.931
updaten	2.931
peperoni	2.931
behuizing	2.931
eastwood	2.931
organisator	2.931
cortés	2.931
helmut	2.931
chrysler	2.931
peddels	2.931
niall	2.931
slaper	2.931
gayle	2.931
ackerman	2.931
final	2.931
rapportage	2.931
notitieboek	2.931
panikeren	2.931
onhandelbaar	2.931
fawn	2.931
aegis	2.931
zeeleeuwen	2.931
wimpel	2.931
vibe	2.931
afro-amerikaanse	2.931
bruidspaar	2.931
holes	2.931
contactverbod	2.931
neervalt	2.931
inroepen	2.931
gevrijd	2.931
ontspoord	2.931
zwakkere	2.931
opdraagt	2.931
werklui	2.931
hartkloppingen	2.931
circulatie	2.931
oekraïense	2.931
fantaseer	2.931
euthanasie	2.931
finesse	2.931
regelgeving	2.931
vleeswond	2.931
prikje	2.931
fornell	2.931
gedrongen	2.931
liefgehad	2.931
indisch	2.931
part-time	2.931
uitdrukkelijk	2.931
glimt	2.931
beng	2.931
ruzieden	2.931
scheidden	2.931
letty	2.931
chocolate	2.931
knapen	2.931
voorspoedig	2.931
ondergrond	2.931
folsom	2.931
flap	2.931
afgeperst	2.931
eisten	2.931
accommodatie	2.931
profiler	2.931
veiligheidsredenen	2.931
cha	2.931
chronisch	2.931
ijsbaan	2.929
lolita	2.929
impulsieve	2.929
cali	2.929
mondeling	2.929
overschrijven	2.929
kwartiermeester	2.929
tweeëntwintig	2.929
vergokt	2.929
nemesis	2.929
bevoorrechte	2.929
oplettend	2.929
narn	2.929
aanhalen	2.929
uitgevochten	2.929
tegenwerkt	2.929
ikheb	2.929
vervoering	2.929
sheba	2.929
gemaskerd	2.929
saoedi-arabië	2.929
vrijstelling	2.929
uitschakelde	2.929
motherfucker	2.929
kerkers	2.929
doorbreng	2.929
eenzijdig	2.929
boksbal	2.929
verstekeling	2.929
ultraviolet	2.929
bewerk	2.929
oprakelen	2.929
dikte	2.929
bongo	2.929
telepaten	2.929
sterrenbasis	2.929
munson	2.929
infiltratie	2.929
uitgevraagd	2.929
subjectief	2.929
verrijken	2.929
vertragingen	2.929
pompstation	2.929
drommels	2.929
verzegelen	2.929
wereldse	2.929
zwoor	2.929
14-jarige	2.929
tierney	2.929
lai	2.929
protestant	2.929
vissticks	2.929
ziektekiemen	2.929
surrey	2.929
tran	2.929
renny	2.929
perst	2.929
middle	2.929
intellectuelen	2.929
provincies	2.929
trench	2.929
verdoemde	2.929
hulptroepen	2.929
pick	2.929
dateren	2.929
hoedanook	2.929
berovingen	2.929
carlene	2.927
verstopping	2.927
ongrijpbare	2.927
gecastreerd	2.927
huishoudelijk	2.927
gisburne	2.927
menselijker	2.927
jaaa	2.927
11e	2.927
pitch	2.927
intelligenter	2.927
bestaand	2.927
ennis	2.927
metatron	2.927
uitmuntende	2.927
fenomenen	2.927
uitlegde	2.927
telescopen	2.927
meedragen	2.927
kasjmier	2.927
looppas	2.927
hyperdrive	2.927
veroveringen	2.927
doodvriezen	2.927
aceveda	2.927
router	2.927
meldden	2.927
marionetten	2.927
sketch	2.927
veiligheidsgordel	2.927
ziektekostenverzekering	2.927
sappen	2.927
voorwendsel	2.927
kroonluchter	2.927
discrete	2.927
tijdsbestek	2.927
plaatsnemen	2.927
controverse	2.927
gewaden	2.927
gehuurde	2.927
pyromaan	2.927
laguerta	2.927
omschrijft	2.927
enkeltje	2.927
petekind	2.927
bloedgeld	2.927
zeebaars	2.927
doorga	2.927
dicteren	2.927
wetsdienaar	2.927
verouderde	2.927
bloedbaan	2.927
midland	2.927
erosie	2.927
karla	2.927
grogan	2.927
indianapolis	2.927
4de	2.927
allermooiste	2.927
kwantum	2.927
uitbetaling	2.927
prediken	2.927
migratie	2.927
specerijen	2.927
versterk	2.927
levensdoel	2.927
levy	2.927
mollige	2.927
lombard	2.927
improviseer	2.927
zeelieden	2.927
moor	2.927
radiogolven	2.927
hotelkamers	2.925
xo	2.925
ideetjes	2.925
wasstraat	2.925
snode	2.925
inzameling	2.925
transporten	2.925
zelfmoordneigingen	2.925
leeftijdsverschil	2.925
havenmeester	2.925
deurmat	2.925
gaza	2.925
detentie	2.925
ghetto	2.925
oortjes	2.925
mather	2.925
evaluaties	2.925
voederen	2.925
autistisch	2.925
onvoorspelbare	2.925
fm	2.925
25ste	2.925
gereanimeerd	2.925
geographic	2.925
hartverwarmend	2.925
procederen	2.925
riverdale	2.925
stilstaat	2.925
lagune	2.925
compact	2.925
begeleidde	2.925
luisteraar	2.925
bipolaire	2.925
afgerukt	2.925
huidcellen	2.925
mcnulty	2.925
indeling	2.925
jaartje	2.925
moro	2.925
squaw	2.925
opvat	2.925
boeide	2.925
snurk	2.925
alcoholisme	2.925
mmm-hmm	2.925
conservatorium	2.925
overneem	2.925
opgeschoten	2.925
finnerty	2.925
beeldjes	2.925
telen	2.925
verbondenheid	2.925
geul	2.925
gezoem	2.925
geadopteerde	2.925
steegjes	2.925
spil	2.925
quiche	2.925
glimmen	2.925
verloochenen	2.925
beaver	2.925
aardbol	2.925
morelli	2.925
cannes	2.925
vivien	2.925
progressieve	2.925
huwelijksproblemen	2.925
laptops	2.925
bizons	2.925
gentlemen	2.925
autodief	2.925
meespeelt	2.925
bey	2.925
catastrofale	2.925
aalmoes	2.925
vacatures	2.925
veganist	2.925
gegijzelden	2.925
luiaard	2.925
sigma	2.923
vulgaire	2.923
studentenraad	2.923
kruisvaarders	2.923
fantoom	2.923
b613	2.923
knock	2.923
ondoden	2.923
bijhoudt	2.923
barrie	2.923
lekkerst	2.923
veiliggesteld	2.923
blogs	2.923
bedrijfje	2.923
drugskartel	2.923
barts	2.923
bries	2.923
relations	2.923
parool	2.923
cordon	2.923
tolstoj	2.923
smerigste	2.923
tyra	2.923
krystal	2.923
reële	2.923
hobo	2.923
armitage	2.923
ilsa	2.923
escaleert	2.923
salueren	2.923
geslopen	2.923
carburateur	2.923
werktijden	2.923
wroeten	2.923
kadet	2.923
nona	2.923
intuïtief	2.923
schoonouders	2.923
harrow	2.923
barkley	2.923
kuit	2.923
console	2.923
regelmaat	2.923
av	2.923
kellogg	2.923
insinueert	2.923
constantinopel	2.923
schoenendoos	2.923
speakers	2.923
gedroegen	2.923
bezwijkt	2.923
anja	2.923
doper	2.923
dart	2.923
vullingen	2.923
mores	2.923
likje	2.923
maas	2.923
studeerden	2.923
lucratieve	2.923
caspar	2.923
hoektanden	2.923
ongezonde	2.923
anne-marie	2.923
apocalypse	2.923
malmö	2.923
ducks	2.923
bijelkaar	2.923
vroegtijdige	2.923
godsgeschenk	2.923
matsen	2.923
cavendish	2.923
gelijkmatig	2.923
vleien	2.923
j.p.	2.923
geperfectioneerd	2.923
eufemisme	2.923
verklaarden	2.923
nils	2.923
productieve	2.923
hari	2.923
coates	2.923
juk	2.923
plezant	2.923
presteert	2.923
golfclubs	2.923
veinzen	2.921
favor	2.921
presidentskandidaat	2.921
rokjes	2.921
nami	2.921
ontlading	2.921
scorebord	2.921
schaeffer	2.921
stakkers	2.921
assisteert	2.921
luiheid	2.921
speelgoedwinkel	2.921
hunnen	2.921
reina	2.921
afgehakte	2.921
uitwijken	2.921
aansprak	2.921
toevoer	2.921
weeskind	2.921
gekoeld	2.921
skynet	2.921
volhardend	2.921
wespennest	2.921
darrow	2.921
punctueel	2.921
weggooide	2.921
xi	2.921
luchtschip	2.921
pair	2.921
boeddhistische	2.921
klokje	2.921
monitors	2.921
lepeltje	2.921
kelk	2.921
stressvolle	2.921
studentje	2.921
orwell	2.921
tweets	2.921
avatars	2.921
samenzweren	2.921
bonken	2.921
eta	2.921
sack	2.921
liefdadigheidswerk	2.921
elixer	2.921
zandstorm	2.921
cacao	2.921
laramie	2.921
klaarkomt	2.921
stabiliseert	2.921
onderkaak	2.921
kens	2.921
buff	2.921
vreselijkste	2.921
alexandrië	2.921
wazige	2.921
rondzwerven	2.921
maze	2.921
toegeef	2.921
northwestern	2.921
kuisen	2.921
adèle	2.921
elly	2.921
vermengen	2.921
feet	2.921
mob	2.921
tafereel	2.921
id-kaart	2.921
sterretjes	2.921
cardinal	2.921
gogol	2.921
dink	2.921
informeert	2.921
zondagse	2.921
odyssey	2.921
meteoren	2.921
aubry	2.921
kinderafdeling	2.921
waco	2.919
cheddar	2.919
senna	2.919
goten	2.919
bestempeld	2.919
lego	2.919
notenkraker	2.919
desi	2.919
heeft-ie	2.919
geregisseerd	2.919
timo	2.919
klokkentoren	2.919
gedomineerd	2.919
werktuigen	2.919
inbreekt	2.919
geïmporteerd	2.919
stiefbroer	2.919
indiërs	2.919
verordening	2.919
belastingontduiking	2.919
kweekt	2.919
duifje	2.919
gamen	2.919
pittman	2.919
wereldleiders	2.919
sterilisatie	2.919
future	2.919
swearengen	2.919
uitdrukkingen	2.919
sieg	2.919
zwommen	2.919
rijles	2.919
jefe	2.919
kidd	2.919
lummel	2.919
uitgewezen	2.919
marston	2.919
bevriezing	2.919
reza	2.919
geoogst	2.919
ontsnappingsroute	2.919
duce	2.919
tansy	2.919
epa	2.919
bèta	2.919
farrah	2.919
andersson	2.919
levensverwachting	2.919
gebakje	2.919
gulzig	2.919
iib	2.919
eerzaam	2.919
itchy	2.919
hunne	2.919
filosofisch	2.919
lansing	2.919
paddo	2.919
pruisen	2.919
aangelegenheden	2.919
grafische	2.919
biscuit	2.919
mali	2.919
germain	2.919
toebehoren	2.919
bezeert	2.919
t-bone	2.919
eeuwigdurende	2.919
bahamas	2.919
bet	2.919
milder	2.919
razzia	2.919
leraars	2.919
guacamole	2.919
verdeelde	2.919
siberische	2.919
drukkerij	2.919
ta-da	2.919
catastrofaal	2.919
puma	2.919
muurschildering	2.917
benaming	2.917
gegronde	2.917
etiketten	2.917
aanvullende	2.917
zindelijk	2.917
aardappelsalade	2.917
amaro	2.917
downtown	2.917
varieert	2.917
geslachtsgemeenschap	2.917
yoon	2.917
heiligt	2.917
schoonfamilie	2.917
sofinummer	2.917
genoom	2.917
glij	2.917
dominguez	2.917
gerelateerde	2.917
gebergte	2.917
klarinet	2.917
kuiten	2.917
tzu	2.917
nierfalen	2.917
presidentieel	2.917
millers	2.917
planner	2.917
silvio	2.917
gekoesterd	2.917
abilene	2.917
stadia	2.917
egyptisch	2.917
harald	2.917
kentekens	2.917
strateeg	2.917
carlotta	2.917
aalmoezenier	2.917
terugkopen	2.917
müller	2.917
amazing	2.917
merg	2.917
treat	2.917
uitgevogeld	2.917
monogamie	2.917
lijdensweg	2.917
coven	2.917
retraite	2.917
groepstherapie	2.917
lulhannes	2.917
zwierf	2.917
cpd	2.917
omdraai	2.917
concessies	2.917
placebo	2.917
zondvloed	2.917
devalos	2.917
ouweheer	2.917
beaufort	2.917
binnengegaan	2.917
gouverneurs	2.917
atletiek	2.917
tinten	2.917
treur	2.917
hindernissen	2.917
erfelijke	2.917
edel	2.917
avondschool	2.917
jayne	2.917
bedrieglijk	2.917
gesplitst	2.917
dienstplicht	2.917
vervangster	2.917
zondagen	2.917
helix	2.917
langford	2.917
taurus	2.917
insinuaties	2.917
ordelijk	2.917
doornen	2.917
overlijdensbericht	2.917
moordlustige	2.917
trog	2.917
overmoedig	2.917
snoeien	2.915
vetklep	2.915
very	2.915
hitsig	2.915
luchtweg	2.915
vordering	2.915
overheersing	2.915
ontsnappingsplan	2.915
tekenden	2.915
mansion	2.915
gondel	2.915
drup	2.915
horowitz	2.915
vaderschapstest	2.915
twister	2.915
hoofdpersoon	2.915
stopbord	2.915
bti	2.915
dubaku	2.915
laxeermiddel	2.915
alarmlijn	2.915
chagrijnige	2.915
offerte	2.915
vorsten	2.915
meewerkte	2.915
geknald	2.915
hakim	2.915
mijd	2.915
soortgenoten	2.915
verlamde	2.915
mompelde	2.915
scar	2.915
coo	2.915
opknapt	2.915
kentekenplaten	2.915
golem	2.915
activatie	2.915
radioactiviteit	2.915
speuren	2.915
debs	2.915
politiecommissaris	2.915
event	2.915
ku	2.915
deskundig	2.915
perzen	2.915
ivar	2.915
verrotten	2.915
vechtlust	2.915
chlamydia	2.915
delven	2.915
leukers	2.915
sussex	2.915
neigen	2.915
uitlacht	2.915
weven	2.915
verschuift	2.915
afschrijven	2.915
pessimistisch	2.915
sledge	2.915
kaswell	2.915
hoeve	2.915
towler	2.915
averechts	2.915
opgroeiden	2.915
ontwikkel	2.915
hog	2.915
uitgelekt	2.915
facelift	2.915
zonnebloem	2.915
openstaande	2.915
zorro	2.915
gator	2.915
bovenverdieping	2.915
anticiperen	2.915
revenge	2.915
drietjes	2.915
uithoeken	2.915
elwood	2.915
hoofdrolspeler	2.915
torso	2.915
beinvloeden	2.915
vergaderkamer	2.915
sera	2.915
ozonlaag	2.915
overbodige	2.915
bouwwerken	2.915
hoedjes	2.915
spielberg	2.912
foei	2.912
crabb	2.912
lommerd	2.912
gegrift	2.912
competent	2.912
designer	2.912
deen	2.912
biseksueel	2.912
verkeerspolitie	2.912
lombardo	2.912
biggetjes	2.912
walging	2.912
fordham	2.912
assad	2.912
knieschijf	2.912
shahir	2.912
shield	2.912
levinson	2.912
genadeloze	2.912
boggs	2.912
drain	2.912
baseert	2.912
fleet	2.912
halle	2.912
kieuwen	2.912
gelijkaardige	2.912
ruwweg	2.912
toestond	2.912
immer	2.912
opmeten	2.912
concessie	2.912
aanbidders	2.912
pauzeer	2.912
metten	2.912
push-ups	2.912
welkome	2.912
boxen	2.912
lear	2.912
ouderavond	2.912
victorie	2.912
verovert	2.912
svetlana	2.912
achterpoten	2.912
hebreeuwse	2.912
hyper	2.912
doelstelling	2.912
afluisterapparaat	2.912
werkwoord	2.912
braithwaite	2.912
sommen	2.912
muilezels	2.912
fruitsap	2.912
prijsgeven	2.912
videobanden	2.912
brochures	2.912
hutton	2.912
kiezer	2.912
imiteert	2.912
behoeft	2.912
droomwereld	2.912
hondo	2.912
guns	2.912
cetera	2.912
palmbomen	2.912
mazzelaar	2.912
gevoegd	2.912
luidop	2.912
aww	2.912
lock	2.912
gilligan	2.912
jachtseizoen	2.912
rake	2.912
nighthorse	2.912
blythe	2.912
starend	2.910
amor	2.910
singles	2.910
bedwelmd	2.910
homofiele	2.910
4th	2.910
ely	2.910
14de	2.910
pesticiden	2.910
plankenkoorts	2.910
tikte	2.910
achting	2.910
kemal	2.910
afbraak	2.910
vaststelling	2.910
diepgaande	2.910
uittrekt	2.910
relikwieën	2.910
standard	2.910
zaklampen	2.910
mir	2.910
shinigami	2.910
muf	2.910
ozzie	2.910
e-mailadres	2.910
toverspreuk	2.910
tash	2.910
waart	2.910
oops	2.910
rukkers	2.910
ontwenningskliniek	2.910
versa	2.910
winkeliers	2.910
stilzetten	2.910
inmaken	2.910
pepermuntjes	2.910
onzen	2.910
hoefijzer	2.910
mustangs	2.910
ribbenkast	2.910
shui	2.910
fear	2.910
whelan	2.910
onverdraaglijk	2.910
nirvana	2.910
hiërogliefen	2.910
laroche	2.910
matthias	2.910
verrassingselement	2.910
bergkam	2.910
ged	2.910
paling	2.910
vluchtroute	2.910
achtereen	2.910
woodsen	2.910
domper	2.910
geologisch	2.910
plechtige	2.910
thaddeus	2.910
waterpijp	2.910
adebisi	2.910
bereden	2.910
holbrook	2.910
tsjechische	2.910
uitvaren	2.910
tiki	2.910
oorlogs	2.910
gewinkeld	2.910
viraal	2.910
zora	2.910
koesterde	2.910
marktwaarde	2.910
bluetooth	2.910
schuit	2.910
tung	2.910
voetenwerk	2.910
remsporen	2.910
zurich	2.908
kalifaat	2.908
ew	2.908
aardbewoners	2.908
gemanipuleerde	2.908
inkeer	2.908
siri	2.908
kantooruren	2.908
hersenschade	2.908
gezouten	2.908
hars	2.908
qin	2.908
jabba	2.908
hearts	2.908
dermot	2.908
inlaat	2.908
revolutionairen	2.908
particulier	2.908
gallery	2.908
kentekenbewijs	2.908
vervorming	2.908
eter	2.908
muisje	2.908
stratton	2.908
optellen	2.908
maitland	2.908
deren	2.908
portman	2.908
orgasmes	2.908
trefbal	2.908
klan	2.908
sardientjes	2.908
cheney	2.908
specimen	2.908
montoya	2.908
masseer	2.908
theems	2.908
flossen	2.908
jammie	2.908
deugdzaam	2.908
sloffen	2.908
bonenstaak	2.908
gegrond	2.908
consumenten	2.908
toy	2.908
morten	2.908
slijmerig	2.908
pythagoras	2.908
lelie	2.908
wish	2.908
henson	2.908
overhandigde	2.908
mikte	2.908
gap	2.908
blauwtje	2.908
electrische	2.908
pinkerton	2.908
langzaamaan	2.908
liefheeft	2.908
liquideren	2.908
leno	2.908
zeug	2.908
zelfbewust	2.908
verkoold	2.908
kwitantie	2.908
kevlar	2.908
laila	2.908
renault	2.908
dement	2.908
maeby	2.908
uitdaagt	2.908
bootsen	2.908
innovatie	2.908
dartmouth	2.908
wilton	2.908
zielsverwanten	2.908
southampton	2.908
voorvader	2.908
garry	2.908
bubble	2.908
draadjes	2.908
ringtone	2.908
strafrechtelijk	2.908
onruststoker	2.906
fantasy	2.906
demper	2.906
continuüm	2.906
ongelukjes	2.906
optimale	2.906
reservesleutel	2.906
geklaag	2.906
xiao	2.906
bangerik	2.906
egoistisch	2.906
exploderende	2.906
frosty	2.906
verdooft	2.906
treffers	2.906
alonso	2.906
zuivel	2.906
regionals	2.906
veiligheidsraad	2.906
uitlokking	2.906
ingeval	2.906
likeur	2.906
vastgeplakt	2.906
hagan	2.906
rwanda	2.906
vipers	2.906
toeneemt	2.906
creaties	2.906
eigenares	2.906
uitspansel	2.906
bronwater	2.906
birds	2.906
giswerk	2.906
buddha	2.906
ontkwam	2.906
kletsnat	2.906
airbags	2.906
geslachtsdelen	2.906
tumult	2.906
afweer	2.906
snuift	2.906
spuitbus	2.906
ruggegraat	2.906
flower	2.906
burrell	2.906
3rd	2.906
doosjes	2.906
golfer	2.906
quota	2.906
snoepgoed	2.906
drooglegging	2.906
keegan	2.906
health	2.906
gemuteerd	2.906
acteert	2.906
guinea	2.906
boeltje	2.906
regionaal	2.906
stripes	2.906
peach	2.906
bijtanken	2.906
bolwerk	2.906
naleven	2.906
huisgenote	2.906
briefpapier	2.906
triage	2.906
rebels	2.906
veilen	2.906
jing	2.906
labrador	2.906
samar	2.906
leerjaar	2.906
dwaal	2.906
herbouwd	2.906
elm	2.906
teague	2.906
landau	2.906
glinsterende	2.906
naars	2.906
supporters	2.906
koffiedrinken	2.906
rancho	2.906
vestigde	2.906
straalbezopen	2.906
zijwaarts	2.904
westside	2.904
joost	2.904
prototypes	2.904
scharnieren	2.904
gelazer	2.904
verongelukken	2.904
israëli	2.904
oogarts	2.904
haarspeld	2.904
taverne	2.904
kunstgebit	2.904
wilhelmina	2.904
leena	2.904
weekeinde	2.904
kostbaarste	2.904
marsmannetjes	2.904
wisselden	2.904
geboortestad	2.904
winkelcentra	2.904
vleselijke	2.904
legerbasis	2.904
sfinx	2.904
dromers	2.904
gerommel	2.904
finney	2.904
kiddo	2.904
tandenstoker	2.904
contacteerde	2.904
fascineert	2.904
aflezen	2.904
inhuurt	2.904
hobbel	2.904
intrigeert	2.904
lettergrepen	2.904
susy	2.904
dewitt	2.904
doors	2.904
hair	2.904
zakenmannen	2.904
gedate	2.904
knuffelt	2.904
pilatus	2.904
rainey	2.904
binnenliep	2.904
subruimte	2.904
geblust	2.904
foss	2.904
woonboot	2.904
tienjarige	2.904
opengedaan	2.904
vertier	2.904
mckinney	2.904
zephyr	2.904
alinea	2.904
lexx	2.904
cuthbert	2.904
belgen	2.904
wringen	2.904
doormaak	2.904
doorgeslikt	2.904
ibuprofen	2.904
levin	2.904
uitputtend	2.904
maybe	2.904
lectuur	2.904
crasht	2.904
listig	2.904
latif	2.904
bergplaats	2.904
tov	2.904
voetbalveld	2.904
overmatig	2.904
vanouds	2.904
fuseren	2.904
doorzetter	2.904
keerzijde	2.904
mcgarry	2.904
entertainer	2.904
zijn.	2.904
aantreft	2.904
vechtsport	2.904
bijzaak	2.904
bellers	2.904
cleary	2.904
minacht	2.904
domingo	2.904
tijdloos	2.904
overwegingen	2.904
kavanaugh	2.904
opengelaten	2.904
incompleet	2.904
verraadster	2.904
fake	2.904
experimenteerde	2.904
bemachtigd	2.904
restje	2.904
proteus	2.902
hardhandig	2.902
g.i.	2.902
battlestar	2.902
delphi	2.902
gibby	2.902
kapperszaak	2.902
verna	2.902
oorlogsverklaring	2.902
aapjes	2.902
achterblijvers	2.902
ontsmetten	2.902
bepleiten	2.902
niest	2.902
aanpakte	2.902
sasquatch	2.902
geestenwereld	2.902
stoorzender	2.902
misleidde	2.902
reiden	2.902
accenten	2.902
louisville	2.902
verwekken	2.902
dubbelleven	2.902
afgeknipt	2.902
wanner	2.902
achterstallige	2.902
chaperonne	2.902
zonnestraal	2.902
verwerpt	2.902
couture	2.902
insteken	2.902
harden	2.902
bowlingbal	2.902
omringende	2.902
lennie	2.902
heroïsche	2.902
sting	2.902
verduisteren	2.902
verdraagt	2.902
herbergen	2.902
trombone	2.902
straathoek	2.902
gejank	2.902
handgeschreven	2.902
bow	2.902
litt	2.902
fbl-agent	2.902
kaye	2.902
lanceerde	2.902
schipbreuk	2.902
24e	2.902
ondervrager	2.902
meesterlijk	2.902
premies	2.902
delfino	2.902
gelast	2.902
noden	2.902
stinson	2.902
duinkerken	2.902
hobbelig	2.902
meermin	2.902
drag	2.902
toranaga	2.902
sang	2.902
beatrix	2.902
dauw	2.902
hartinfarct	2.902
fourth	2.902
deportatie	2.902
versleutelde	2.902
petten	2.902
sporter	2.902
kruipruimte	2.902
deactiveren	2.902
tentamens	2.902
vooraanstaand	2.902
achtergrondinformatie	2.902
dorrit	2.902
vicente	2.902
ju	2.902
francie	2.902
klaagden	2.902
peterselie	2.902
gromt	2.902
échte	2.900
beieren	2.900
cranedriver	2.900
goren	2.900
sig	2.900
geweldadig	2.900
irv	2.900
roesten	2.900
consortium	2.900
thuisfront	2.900
afstappen	2.900
gewetenloze	2.900
waarnemers	2.900
kaft	2.900
afscheidsfeestje	2.900
driedubbel	2.900
openstaat	2.900
terugbel	2.900
vluchtelingenkamp	2.900
distributeur	2.900
gestimuleerd	2.900
trom	2.900
qaida	2.900
sisters	2.900
geografie	2.900
mullins	2.900
bovenlichaam	2.900
23ste	2.900
rees	2.900
`m	2.900
kuis	2.900
bouwbedrijf	2.900
ramse	2.900
werkgelegenheid	2.900
pesos	2.900
pacifist	2.900
snart	2.900
effen	2.900
ebenezer	2.900
voorgeleid	2.900
kneepjes	2.900
lonely	2.900
jeminee	2.900
fletch	2.900
verroest	2.900
joni	2.900
burroughs	2.900
hull	2.900
opvolging	2.900
gesigneerde	2.900
waardes	2.900
emmanuel	2.900
geweken	2.900
gewilde	2.900
meehan	2.900
hormoon	2.900
vogelen	2.900
negenen	2.900
lastigste	2.900
somnium	2.900
maja	2.900
verbrandden	2.900
vogelvrij	2.900
v.n.	2.900
krikken	2.900
montero	2.900
asociaal	2.900
bedenktijd	2.900
bendeoorlog	2.900
gefrituurd	2.900
vettig	2.900
cliffie	2.900
statuten	2.900
afmeting	2.900
istanboel	2.900
uitspookt	2.900
teleurstelt	2.900
hongerstaking	2.900
aai	2.900
rusteloze	2.900
schuilhouden	2.900
callisto	2.900
tukje	2.900
pus	2.900
herverkiezing	2.900
scheermesjes	2.898
flexibele	2.898
katoenen	2.898
gestrikt	2.898
minute	2.898
strottenhoofd	2.898
ritten	2.898
rachels	2.898
nieuwsbrief	2.898
wrakstukken	2.898
mullen	2.898
mambo	2.898
stooges	2.898
je-	2.898
hokjes	2.898
bepalend	2.898
lyme	2.898
tandje	2.898
stennis	2.898
kleedkamers	2.898
surrogaat	2.898
stroman	2.898
gevormde	2.898
piekfijn	2.898
blogger	2.898
afgeworpen	2.898
grootschalige	2.898
surfers	2.898
gemoeid	2.898
myles	2.898
silk	2.898
beminde	2.898
levendiger	2.898
suzuki	2.898
uiterlijke	2.898
botanische	2.898
maverick	2.898
tally	2.898
geweervuur	2.898
jeopardy	2.898
kwaadheid	2.898
weggeeft	2.898
doorgaf	2.898
psalm	2.898
sectionals	2.898
actuele	2.898
20-jarige	2.898
getransporteerd	2.898
sadistisch	2.898
oplos	2.898
toegift	2.898
vertaalteam	2.898
introduceer	2.898
hechtdraad	2.898
mailde	2.898
hoogmoed	2.898
baez	2.898
honduras	2.898
valkyrie	2.898
tiana	2.898
hines	2.898
musket	2.898
versneden	2.898
nikola	2.898
omgewisseld	2.898
armer	2.898
zoeter	2.898
glashelder	2.898
uitkoos	2.898
sluizen	2.898
wasmiddel	2.898
verplaatsten	2.898
oncologie	2.898
gehate	2.898
nav	2.898
levenloze	2.898
judson	2.898
hatfield	2.898
kimura	2.898
grillige	2.898
achterblijft	2.898
gutierrez	2.898
thesis	2.898
portsmouth	2.898
verhindert	2.898
londo	2.898
zuurkool	2.898
vanacht	2.898
another	2.898
brul	2.898
korrels	2.898
ploeteren	2.898
regeneratie	2.898
pepperoni	2.898
jolie	2.896
fung	2.896
wilkinson	2.896
jonkie	2.896
kathie	2.896
diagram	2.896
gemuteerde	2.896
non-actief	2.896
voornemens	2.896
catwalk	2.896
ciro	2.896
akkefietje	2.896
ontdekkingsreiziger	2.896
naderend	2.896
animatie	2.896
pollack	2.896
beekje	2.896
terrell	2.896
buurmeisje	2.896
bevruchting	2.896
zuidwest	2.896
kosmisch	2.896
smile	2.896
perrin	2.896
cirque	2.896
shining	2.896
mahal	2.896
tetanus	2.896
rubriek	2.896
gewas	2.896
vergroting	2.896
auteurs	2.896
wereldberoemd	2.896
kuisheid	2.896
doorkruist	2.896
sbk	2.896
weloverwogen	2.896
tipte	2.896
overheerst	2.896
regeer	2.896
ordeverstoring	2.896
putnam	2.896
ludlow	2.896
vraagprijs	2.896
annapolis	2.896
brandbaar	2.896
denkbaar	2.896
hologrammen	2.896
harbour	2.896
inteelt	2.896
denkers	2.896
mata	2.896
speelkamer	2.896
halfvol	2.896
nijlpaarden	2.896
ziekenhuisbed	2.896
nagelopen	2.896
sterretje	2.896
finnegan	2.896
grange	2.896
verleidelijke	2.896
geiger	2.896
landingen	2.896
fatah	2.896
grease	2.896
salomon	2.896
ruimtepak	2.896
stroper	2.896
aangeklaagde	2.896
afgebeeld	2.896
wolkenkrabbers	2.896
verstuikte	2.896
ondenkbare	2.896
parten	2.896
zonnestraaltje	2.896
onbeantwoord	2.896
rijm	2.896
overvliegen	2.896
ouwehoeren	2.896
zonnebrandcrème	2.896
bibliotheken	2.896
harmonica	2.896
zendmast	2.896
beweerden	2.896
belangenconflict	2.894
stoofschotel	2.894
paviljoen	2.894
schijntje	2.894
onderrug	2.894
auf	2.894
johnsons	2.894
mankeren	2.894
spleten	2.894
cultus	2.894
sticks	2.894
oprichting	2.894
purgatorium	2.894
danforth	2.894
schandalige	2.894
echtheid	2.894
peddel	2.894
mutaties	2.894
bijgewoond	2.894
nasser	2.894
dubbelagent	2.894
besluip	2.894
astrologie	2.894
millennia	2.894
neurologie	2.894
scranton	2.894
symposium	2.894
plug	2.894
stannis	2.894
colson	2.894
shinji	2.894
félix	2.894
nikkel	2.894
sportieve	2.894
verergert	2.894
puffen	2.894
kraal	2.894
spitsuur	2.894
bieten	2.894
voortgekomen	2.894
grootmoeders	2.894
lax	2.894
filet	2.894
baar	2.894
kruimeldief	2.894
magna	2.894
geprint	2.894
scheepsrecht	2.894
medicus	2.894
bolleboos	2.894
bucks	2.894
lawaaierig	2.894
zonnesteek	2.894
macintosh	2.894
w-wat	2.894
bedriegster	2.894
pluspunt	2.894
kattenvoer	2.894
teruggezet	2.894
rafi	2.894
misstappen	2.894
dáár	2.894
volkswagen	2.894
antony	2.894
benzinetank	2.894
onaangeroerd	2.894
gitaren	2.894
ashford	2.894
shaka	2.894
halifax	2.894
nugent	2.894
bloedstroom	2.894
oppakten	2.894
goedgekeurde	2.894
kegels	2.894
frog	2.894
thomson	2.894
trede	2.894
paz	2.894
capri	2.894
deck	2.894
elektromagnetisch	2.894
stads	2.894
klommen	2.894
vakantiedagen	2.894
haastte	2.894
armeniërs	2.894
operation	2.894
vijftigduizend	2.891
boerenkinkel	2.891
installaties	2.891
luthorcorp	2.891
scrotum	2.891
riggins	2.891
oestrogeen	2.891
intergalactische	2.891
gegijzelde	2.891
booty	2.891
loeder	2.891
und	2.891
kortzichtig	2.891
jeffers	2.891
gehoorapparaat	2.891
afschaffen	2.891
bestelbus	2.891
wegkom	2.891
mantra	2.891
mcneil	2.891
jĳ	2.891
im	2.891
romulus	2.891
gemaaid	2.891
buurthuis	2.891
bloedplaatjes	2.891
talentvol	2.891
schuester	2.891
dumont	2.891
monogaam	2.891
koreaan	2.891
interviewde	2.891
herbergt	2.891
lades	2.891
milkshakes	2.891
gungellan	2.891
adopteerde	2.891
boz	2.891
vane	2.891
goblin	2.891
achterhield	2.891
weerspiegelt	2.891
japon	2.891
provinciale	2.891
afgedankt	2.891
crenshaw	2.891
verkleint	2.891
uitelkaar	2.891
eenentwintig	2.891
chevrolet	2.891
saboteert	2.891
zwijggeld	2.891
guzman	2.891
façade	2.891
koters	2.891
gekwalificeerde	2.891
aardsen	2.891
sodom	2.891
brodie	2.891
openingszin	2.891
loert	2.891
zonnepanelen	2.891
uitrichten	2.891
kraker	2.891
omsingel	2.891
edo	2.891
judah	2.891
weggebleven	2.891
gedeeltes	2.891
kaaiman	2.891
canterbury	2.891
fotos	2.891
spruitjes	2.891
hotline	2.891
dagvaardingen	2.891
bruidsjurk	2.891
onleesbaar	2.891
angelique	2.891
nardo	2.891
uitgeloofd	2.891
pens	2.891
naief	2.891
snuffelt	2.891
wrakken	2.891
doorlezen	2.891
rechtsomkeert	2.891
schoonzuster	2.891
kromaggs	2.891
graceland	2.889
dobson	2.889
profiteerde	2.889
uitgeoefend	2.889
slagschepen	2.889
periscoop	2.889
kandelaar	2.889
bijgepraat	2.889
huisadres	2.889
managen	2.889
halssnoer	2.889
number	2.889
mimosa	2.889
kruisers	2.889
verslechterd	2.889
voorafgaande	2.889
afruimen	2.889
kletskoek	2.889
flow	2.889
vondsten	2.889
starlight	2.889
excentrieke	2.889
blaaskaak	2.889
doodskisten	2.889
gemini	2.889
stapelverliefd	2.889
rottigheid	2.889
sao	2.889
verkwist	2.889
salie	2.889
silicon	2.889
snuffel	2.889
hongaars	2.889
overvloedig	2.889
boulder	2.889
plannetjes	2.889
bloedvergiftiging	2.889
rammelen	2.889
akkoordje	2.889
zondes	2.889
afstoffen	2.889
aanvang	2.889
ivf	2.889
nicolaas	2.889
garages	2.889
limited	2.889
geïnterpreteerd	2.889
moordverdachte	2.889
oetlul	2.889
nagevraagd	2.889
gisterennacht	2.889
voorlas	2.889
wegduwen	2.889
sansa	2.889
beschamende	2.889
zwendelaar	2.889
kouwe	2.889
omstanders	2.889
hoes	2.889
uitrekken	2.889
opengereten	2.889
wijdde	2.889
antennes	2.889
beveiligingsteam	2.889
holding	2.889
vijfendertig	2.889
confessor	2.889
zoemen	2.889
belemmerd	2.889
movie	2.889
estate	2.889
sterrensprong	2.889
wederkeren	2.889
loss	2.889
pedaal	2.889
britannia	2.889
verstrengeld	2.889
zoutzuur	2.889
ontwijkend	2.889
schatkaart	2.889
onderkoeld	2.889
doorbrachten	2.889
tavern	2.889
rotterdam	2.889
probeerd	2.887
familiegeschiedenis	2.887
politiemannen	2.887
spetters	2.887
waakzaamheid	2.887
inzag	2.887
ontaarde	2.887
verwondt	2.887
pax	2.887
repel	2.887
mt	2.887
blitz	2.887
dejavu	2.887
wegrent	2.887
evenwichtig	2.887
handiger	2.887
wegzetten	2.887
opstapelen	2.887
losmaakt	2.887
ijver	2.887
tribbiani	2.887
faken	2.887
fudge	2.887
beulen	2.887
lanny	2.887
acuut	2.887
abces	2.887
capua	2.887
olly	2.887
claes	2.887
badlands	2.887
installeerde	2.887
ulrik	2.887
doelgroep	2.887
alissa	2.887
voortkomen	2.887
slippertje	2.887
productiviteit	2.887
appelmoes	2.887
microfilm	2.887
koralen	2.887
machtigen	2.887
nairobi	2.887
rowley	2.887
atoombommen	2.887
julita	2.887
midtown	2.887
veerkrachtig	2.887
middageten	2.887
bouwstenen	2.887
zo`n	2.887
renato	2.887
nascar	2.887
zopas	2.887
rogue	2.887
plons	2.887
snoezig	2.887
fragiele	2.887
kamal	2.887
lammeren	2.887
jetski	2.887
vermindering	2.887
ontsluiting	2.887
geklop	2.887
gehinderd	2.887
afstoten	2.887
saluut	2.887
hallucineer	2.887
proefkonijnen	2.887
gezondheidsdienst	2.887
keu	2.887
zoets	2.887
wegloop	2.887
bestuursvergadering	2.887
verkooppraatje	2.887
overstijgt	2.887
kruipend	2.887
payton	2.887
latrine	2.887
platenspeler	2.887
voortgebracht	2.887
weergeven	2.887
hollandse	2.887
duelleren	2.887
samenzweringen	2.887
buisjes	2.887
boerin	2.887
stoet	2.885
eames	2.885
pokerspel	2.885
jargon	2.885
bezemkast	2.885
musici	2.885
conditioner	2.885
loopband	2.885
lepra	2.885
werkkamp	2.885
o.m.	2.885
bloedmooi	2.885
mummies	2.885
luipaarden	2.885
tandafdrukken	2.885
derdejaars	2.885
solloway	2.885
caligula	2.885
uitbuiting	2.885
heetst	2.885
buurjongen	2.885
agh	2.885
duizendmaal	2.885
lobotomie	2.885
kontakt	2.885
huiver	2.885
thornhill	2.885
bovendruk	2.885
ophaal	2.885
opgebleven	2.885
struikel	2.885
catcher	2.885
store	2.885
riddler	2.885
welwillendheid	2.885
burgundy	2.885
majestic	2.885
ís	2.885
vicieuze	2.885
beugels	2.885
bijbaantje	2.885
fok	2.885
gangbare	2.885
geleider	2.885
charity	2.885
clement	2.885
politiekantoor	2.885
honkballer	2.885
basta	2.885
cork	2.885
einar	2.885
oudtante	2.885
voorverkiezingen	2.885
schond	2.885
promotor	2.885
grondwater	2.885
magiërs	2.885
sen	2.885
jérôme	2.885
overmand	2.885
weglaten	2.885
rookten	2.885
leefomgeving	2.885
saracen	2.885
maansteen	2.885
topeka	2.885
butcher	2.885
achtervolgers	2.885
piercing	2.885
chai	2.885
buskaartje	2.885
geamputeerd	2.885
servetje	2.885
blijde	2.885
beeldspraak	2.885
onthullingen	2.885
puzzelstukjes	2.885
weg.	2.885
sharif	2.885
cord	2.885
schildklier	2.885
amazones	2.885
apostel	2.885
pruilen	2.883
dagur	2.883
tae	2.883
hales	2.883
rechterlijke	2.883
lydecker	2.883
kolf	2.883
kohler	2.883
krijsen	2.883
bloeddorstig	2.883
sensuele	2.883
stoomboot	2.883
stinky	2.883
gegund	2.883
truuk	2.883
familietraditie	2.883
dakraam	2.883
undercoveragent	2.883
bevolkt	2.883
voortzetting	2.883
hoeveelste	2.883
boerenkool	2.883
aanspannen	2.883
videoclip	2.883
carlin	2.883
eindbestemming	2.883
dolce	2.883
gab	2.883
familiezaak	2.883
represailles	2.883
gereduceerd	2.883
handbediening	2.883
ecologische	2.883
genageld	2.883
exorcist	2.883
tikkeltje	2.883
nuys	2.883
finalisten	2.883
rechtvaardiging	2.883
vastklampen	2.883
java	2.883
lijstjes	2.883
wicked	2.883
lamme	2.883
supernatural	2.883
garagedeur	2.883
patriots	2.883
diaken	2.883
raydor	2.883
walgt	2.883
ara	2.883
leery	2.883
grammy	2.883
genereuze	2.883
sodomie	2.883
fredrik	2.883
gefolterd	2.883
koelcel	2.883
inbeslagname	2.883
kleurt	2.883
waanidee	2.883
balls	2.883
paramedicus	2.883
aleen	2.883
cremeren	2.883
pastrami	2.883
hebberige	2.883
campagneleider	2.883
tripoli	2.883
oppiepen	2.883
racine	2.883
overlevingskans	2.883
carmel	2.883
vloerbedekking	2.883
sneuvelde	2.883
bestijgen	2.883
gebrekkige	2.883
getreden	2.883
chromosomen	2.883
kellog	2.883
worteltjes	2.883
souterrain	2.883
concepten	2.883
derhalve	2.883
claxon	2.883
lis	2.883
helle	2.883
mcquaid	2.883
frons	2.883
lamont	2.883
osbourne	2.883
josiah	2.883
dynamics	2.883
financierde	2.883
rondte	2.883
symmetrisch	2.883
toelatingsexamen	2.883
vuurvliegjes	2.883
verwijd	2.880
massimo	2.880
kastanjes	2.880
verpanden	2.880
mont	2.880
renfield	2.880
sufkop	2.880
beeindigen	2.880
gebeiteld	2.880
schooljongen	2.880
gefluisterd	2.880
magazines	2.880
staakt-het-vuren	2.880
ademhalingsproblemen	2.880
sensationele	2.880
legering	2.880
sheri	2.880
tegenstribbelen	2.880
nekken	2.880
modieus	2.880
böck	2.880
arvin	2.880
17de	2.880
kray	2.880
notebook	2.880
zegden	2.880
leclerc	2.880
harkness	2.880
zuid-frankrijk	2.880
vanger	2.880
pijnen	2.880
seinen	2.880
henk	2.880
weggeroepen	2.880
langszij	2.880
somebody	2.880
sardines	2.880
rousseau	2.880
mitrailleur	2.880
dienders	2.880
janelle	2.880
ontlasten	2.880
visionair	2.880
thursday	2.880
gierige	2.880
veertje	2.880
pryor	2.880
hartman	2.880
stalkers	2.880
sturgis	2.880
sis	2.880
geilt	2.880
xandecs	2.880
desertie	2.880
kirkland	2.880
basisregels	2.880
pips	2.880
zorgelijk	2.880
target	2.880
sierlijk	2.880
geparkeerde	2.880
verklikkers	2.880
corrigeer	2.880
jimenez	2.880
mala	2.880
gothic	2.880
stoddard	2.880
vrat	2.880
asha	2.880
ijswater	2.880
vrijpostig	2.880
verkneukelen	2.880
hoon	2.880
olievelden	2.880
onophoudelijk	2.880
anesthesist	2.880
doolittle	2.880
kantoorbaan	2.880
luieren	2.880
trapten	2.880
bijdraaien	2.880
beëdigde	2.880
ex-vrouwen	2.880
boise	2.880
falk	2.880
reservatie	2.880
bandrecorder	2.880
on-line	2.878
bekommert	2.878
schietstoel	2.878
observeerde	2.878
prikkelen	2.878
streepjes	2.878
supermarkten	2.878
feeling	2.878
uitjes	2.878
pels	2.878
tibetaanse	2.878
cubaans	2.878
vergiet	2.878
plastiek	2.878
vaderdag	2.878
opvangt	2.878
bly	2.878
peak	2.878
saksen	2.878
caribisch	2.878
rising	2.878
meelevend	2.878
bajesklant	2.878
snufjes	2.878
dundee	2.878
pleasant	2.878
timmeren	2.878
codering	2.878
rigor	2.878
wijzig	2.878
thane	2.878
geleende	2.878
kwartel	2.878
booster	2.878
uitzendt	2.878
takelwagen	2.878
translation	2.878
boobytraps	2.878
wijzigt	2.878
sayonara	2.878
manoeuvreren	2.878
partridge	2.878
ondermijnd	2.878
robson	2.878
vechtkunst	2.878
uitgevreten	2.878
gepompt	2.878
opzette	2.878
urban	2.878
chas	2.878
mano	2.878
verkeerstoren	2.878
zo.	2.878
doordeweekse	2.878
cag	2.878
zitplaats	2.878
yuma	2.878
chumhum	2.878
ethanol	2.878
kruisiging	2.878
concentreerde	2.878
hebzuchtige	2.878
expedities	2.878
jacko	2.878
bavianen	2.878
wolsey	2.878
mats	2.878
tijdslimiet	2.878
sarajevo	2.878
together	2.878
ahab	2.878
liefdadigheidsinstelling	2.878
rawlings	2.878
verbleken	2.878
egel	2.878
geroep	2.878
augello	2.878
bespieden	2.878
orpheus	2.878
rechtsom	2.878
naburige	2.878
harpoen	2.878
dorsey	2.878
kumar	2.878
development	2.878
bloedspetters	2.878
oedipus	2.878
spandoek	2.878
theologie	2.878
bezinken	2.878
trillende	2.878
tienermeisjes	2.878
rechtsgebied	2.878
wegkwijnen	2.878
motorolie	2.878
geleidt	2.878
jia	2.878
ptsd	2.876
cruiseschip	2.876
joekel	2.876
heroes	2.876
hewlett	2.876
versnijden	2.876
isaiah	2.876
howards	2.876
visitekaartjes	2.876
beroepsmatig	2.876
mengeling	2.876
gelabeld	2.876
kloppende	2.876
kruisvuur	2.876
hoshi	2.876
witsec	2.876
weglopers	2.876
refereert	2.876
plaats-delict	2.876
á	2.876
minutes	2.876
handpalmen	2.876
vrijpartij	2.876
dulles	2.876
roarke	2.876
gezichtsverlies	2.876
janssen	2.876
islamabad	2.876
leugendetectortest	2.876
overschrijving	2.876
gillende	2.876
larve	2.876
vriendschappelijke	2.876
bekommer	2.876
ontplof	2.876
brandmerken	2.876
gesnurk	2.876
literair	2.876
overstaan	2.876
yosemite	2.876
glover	2.876
slaatje	2.876
éérste	2.876
dobbelsteen	2.876
vreugd	2.876
klontje	2.876
scavo	2.876
schenking	2.876
valentin	2.876
kriebelt	2.876
drankwinkel	2.876
levenloos	2.876
rebelse	2.876
breen	2.876
prospero	2.876
stoker	2.876
bros	2.876
meetellen	2.876
ondergedompeld	2.876
kiel	2.876
foltering	2.876
grim	2.876
titanen	2.876
misleidende	2.876
gadgets	2.876
bespeel	2.876
verzwolgen	2.876
pooh	2.876
indiër	2.876
jacoby	2.876
rondgehangen	2.876
onvolledig	2.876
wachttijd	2.876
regenereren	2.876
afzoeken	2.876
chiropractor	2.876
diepgang	2.876
inwoning	2.876
gebrul	2.876
rondgereden	2.876
tutu	2.876
geluidsgolven	2.876
paleizen	2.876
afgebeten	2.876
ontmoete	2.876
schoonvegen	2.876
gelijkwaardig	2.876
sweatshirt	2.876
sjah	2.876
choice	2.876
valleien	2.876
grafieken	2.876
tobbe	2.876
minouhse	2.876
rocksterren	2.876
surfplank	2.876
overtreders	2.876
chupacabra	2.876
variëren	2.876
explorer	2.876
dario	2.876
paaltje	2.876
verergerd	2.876
binnenging	2.876
heenbrengen	2.876
grodd	2.876
controlecentrum	2.876
ijslolly	2.876
keukens	2.876
menukaart	2.876
taxibedrijf	2.876
eigenaardigheden	2.876
corrine	2.876
buitenkans	2.876
voltage	2.874
nachtegaal	2.874
verpakken	2.874
baalde	2.874
dulcinea	2.874
walnoot	2.874
prille	2.874
dominus	2.874
beeldt	2.874
manden	2.874
bancroft	2.874
milities	2.874
onweerstaanbare	2.874
droombaan	2.874
noors	2.874
hoofdpijnen	2.874
hoofddoek	2.874
subtieler	2.874
wouw	2.874
göran	2.874
ingram	2.874
high-five	2.874
jasjes	2.874
kliek	2.874
afgedrukt	2.874
pemberton	2.874
gedijt	2.874
boyz	2.874
politiegeweld	2.874
samengekomen	2.874
prut	2.874
argentijnse	2.874
verdoemden	2.874
tacoma	2.874
biometrische	2.874
leann	2.874
rustte	2.874
meerderjarig	2.874
windmolens	2.874
ogh	2.874
vluchtleiding	2.874
doodsbenauwd	2.874
uitgemoord	2.874
blootsvoets	2.874
sony	2.874
sosa	2.874
bezetene	2.874
anika	2.874
smurfin	2.874
tegenstrijdigheden	2.874
verstrijken	2.874
qi	2.874
stormachtige	2.874
jongentje	2.874
helften	2.874
flipper	2.874
foxy	2.874
afgeroepen	2.874
gevloerd	2.874
chaotische	2.874
plunjezak	2.874
bluebird	2.874
brandweerlieden	2.874
moederland	2.874
charlatan	2.874
smythe	2.874
wurger	2.874
bracken	2.874
trotser	2.874
kleedje	2.874
sacramenten	2.874
albatros	2.874
motiveert	2.874
homecoming	2.874
combineert	2.874
slurf	2.874
plukte	2.874
stuitten	2.874
irrationele	2.874
tapdansen	2.874
fife	2.874
knielt	2.874
bretels	2.874
redders	2.874
jang	2.874
dearing	2.874
ï	2.874
fantaseerde	2.872
weggewerkt	2.872
oogballen	2.872
afstandbediening	2.872
hondenhok	2.872
bloods	2.872
irena	2.872
amour	2.872
plooi	2.872
remissie	2.872
aspirines	2.872
ia	2.872
tatoeëren	2.872
chroom	2.872
voorname	2.872
dankbare	2.872
erwin	2.872
doodswens	2.872
iceman	2.872
logs	2.872
telegrammen	2.872
radford	2.872
porseleinen	2.872
badmeester	2.872
overwicht	2.872
haviken	2.872
beginpunt	2.872
scoop	2.872
longmire	2.872
24-uurs	2.872
deserteren	2.872
begeren	2.872
cools	2.872
voortkomt	2.872
aanhebt	2.872
onderbrekingen	2.872
huisregels	2.872
linkshandige	2.872
prul	2.872
ongebonden	2.872
onderwerping	2.872
lifter	2.872
gacy	2.872
uitgraven	2.872
warboel	2.872
harlow	2.872
ingepland	2.872
onderhandelde	2.872
decoraties	2.872
hobbes	2.872
whatever	2.872
georgië	2.872
bevordert	2.872
boeddhist	2.872
zwijgplicht	2.872
pasha	2.872
geoorloofd	2.872
bloedverwanten	2.872
wolowitz	2.872
gefrustreerde	2.872
gecompenseerd	2.872
zendingen	2.872
mathers	2.872
splijten	2.872
simeon	2.872
charlton	2.872
zorgvuldige	2.872
onderwijzeres	2.872
piers	2.872
stoeprand	2.872
geprobeert	2.872
afkeuring	2.872
parkeerplaatsen	2.872
kwartet	2.872
luilak	2.872
6th	2.872
vervolgde	2.872
zwangerschapsverlof	2.872
baanbrekend	2.872
daytona	2.872
reddende	2.872
zilverkleurige	2.872
risa	2.872
hamsters	2.872
wait	2.872
vlaggenschip	2.872
huisvader	2.872
rhea	2.872
omruilen	2.872
vertegenwoordiging	2.872
jogger	2.872
doorslaggevend	2.872
looking	2.872
doen.	2.872
fransoos	2.872
bens	2.872
overtuigender	2.872
progressief	2.872
geloftes	2.872
bloedig	2.872
ascendant	2.872
goedkopere	2.872
bespeuren	2.872
rendement	2.869
beschermheer	2.869
beene	2.869
oorlogsmisdadiger	2.869
massavernietigingswapens	2.869
quill	2.869
ahoi	2.869
benoit	2.869
boekarest	2.869
kontgat	2.869
ingewijd	2.869
geknepen	2.869
wk	2.869
afgedekt	2.869
megafoon	2.869
johansson	2.869
sigmund	2.869
fanmail	2.869
krachtcentrale	2.869
those	2.869
propere	2.869
zwaktes	2.869
cumberland	2.869
tuba	2.869
vermoeiende	2.869
copeland	2.869
huppelen	2.869
bekostigen	2.869
sidekick	2.869
imitator	2.869
zoutjes	2.869
anything	2.869
integreren	2.869
stomheid	2.869
hersenspoelen	2.869
uitgaand	2.869
destroyer	2.869
shields	2.869
plunkett	2.869
gillespie	2.869
communistisch	2.869
onn	2.869
voorzitster	2.869
schrale	2.869
pianoles	2.869
uitstraalt	2.869
aanzette	2.869
maneschijn	2.869
tulband	2.869
afspeelde	2.869
lipgloss	2.869
liang	2.869
waffel	2.869
opving	2.869
regeerde	2.869
brandkast	2.869
stroomstoot	2.869
roan	2.869
gotti	2.869
ledemaat	2.869
openbaart	2.869
opgedoft	2.869
ribbetjes	2.869
danton	2.869
tish	2.869
voorleest	2.869
ontglippen	2.869
emails	2.869
virgin	2.869
afhandelt	2.869
deluca	2.869
liftschacht	2.869
panikeerde	2.869
krenken	2.869
wederhelft	2.869
parkeerboetes	2.869
shari	2.869
buitenhuis	2.869
medicijnkastje	2.869
parochianen	2.869
lichtpuntje	2.869
dyer	2.869
bloedvlek	2.869
freda	2.867
otters	2.867
alarmerend	2.867
inge	2.867
taartjes	2.867
radiozender	2.867
onfeilbaar	2.867
overbezorgd	2.867
prostitué	2.867
inentingen	2.867
afscheidskus	2.867
born	2.867
aanbreken	2.867
alpaca	2.867
tijdcapsule	2.867
totem	2.867
stig	2.867
bloemkool	2.867
dominicaanse	2.867
stahl	2.867
reef	2.867
medewerkster	2.867
eruitzie	2.867
roanoke	2.867
bloedprop	2.867
afsloot	2.867
geopenbaard	2.867
gevolge	2.867
definieert	2.867
zuurpruim	2.867
mylene	2.867
huwelijksgeschenk	2.867
strychnine	2.867
bijlen	2.867
rack	2.867
darin	2.867
augusta	2.867
geschoold	2.867
hbo	2.867
achtersteven	2.867
pakhuizen	2.867
serenade	2.867
dust	2.867
reces	2.867
linkerzijde	2.867
aster	2.867
gehandhaafd	2.867
begeef	2.867
gedrang	2.867
ombracht	2.867
ledere	2.867
weertje	2.867
broedplaats	2.867
adresboek	2.867
zonnevlam	2.867
diepst	2.867
alberta	2.867
kal	2.867
schoenafdruk	2.867
gecertificeerd	2.867
slingert	2.867
kinderziekenhuis	2.867
reddingsboten	2.867
teruggedraaid	2.867
fabeltje	2.867
afis	2.867
tissue	2.867
heydrich	2.867
latina	2.867
stillman	2.867
lariekoek	2.867
klaarmaakt	2.867
winger	2.867
voorliegen	2.867
teamlid	2.867
knieschijven	2.867
ready	2.867
staatsveiligheid	2.867
schroeder	2.867
eduard	2.867
paperclip	2.867
inhuman	2.867
biff	2.867
aberdeen	2.867
knielde	2.867
vrijkom	2.867
line-up	2.867
firewalls	2.867
vraagjes	2.867
kenmerkend	2.867
s.a.r.a.h.	2.867
bouwterrein	2.867
bezweek	2.867
appendix	2.865
shuttles	2.865
patser	2.865
whiplash	2.865
samenwerk	2.865
computersysteem	2.865
sandro	2.865
tromgeroffel	2.865
klantenlijst	2.865
honkbalwedstrijd	2.865
onrechtvaardigheid	2.865
sure	2.865
genezende	2.865
zonnestralen	2.865
suzette	2.865
inferieur	2.865
jaagden	2.865
pijplijn	2.865
krans	2.865
ontdooid	2.865
denzel	2.865
rosse	2.865
verdiep	2.865
butter	2.865
strafrechtelijke	2.865
vuilak	2.865
vakantiehuis	2.865
damp	2.865
ontmoetingspunt	2.865
avontuurlijke	2.865
sociologie	2.865
sleutelwoord	2.865
theekransje	2.865
harlee	2.865
binnenlands	2.865
masseria	2.865
clinic	2.865
omschrijf	2.865
lieflijk	2.865
objectieve	2.865
tussengekomen	2.865
mercia	2.865
zeef	2.865
gredenko	2.865
juilliard	2.865
roomijs	2.865
gepresteerd	2.865
aflevert	2.865
groeiend	2.865
winona	2.865
bemin	2.865
aftrap	2.865
nakomt	2.865
bunting	2.865
ogre	2.865
hefboom	2.865
overlaat	2.865
basketbalteam	2.865
controleur	2.865
vips	2.865
geconcentreerde	2.865
cancun	2.865
saboteur	2.865
high-tech	2.865
ahhh	2.865
overgekomen	2.865
verne	2.865
passeerden	2.865
feed	2.865
rail	2.865
zuid-afrikaanse	2.865
ordenen	2.865
suzaku	2.865
lijven	2.865
c.c.	2.865
afgebeld	2.865
omarmt	2.865
ceremoniële	2.865
babette	2.865
linkeroog	2.865
phryne	2.865
bunchy	2.865
jacobson	2.865
onzichtbaarheid	2.865
propaan	2.865
pootje	2.865
slijtage	2.865
verwaarloosde	2.865
mila	2.865
benijden	2.865
telepaat	2.862
wallander	2.862
mengele	2.862
ph	2.862
voortduren	2.862
tricorder	2.862
maserati	2.862
halliday	2.862
valstrikken	2.862
bridger	2.862
caffee	2.862
complimenteren	2.862
greenwood	2.862
trouwfeest	2.862
spierballen	2.862
paulina	2.862
onderschatte	2.862
soepele	2.862
sluitend	2.862
genghis	2.862
harddisk	2.862
omvatten	2.862
voldoe	2.862
miene	2.862
onverbeterlijk	2.862
bassist	2.862
harv	2.862
caputo	2.862
beschermheilige	2.862
kortgeleden	2.862
anatoly	2.862
ontvlambaar	2.862
afscheidsfeest	2.862
7de	2.862
zondagmorgen	2.862
burr	2.862
hypocrieten	2.862
verspelen	2.862
schaffen	2.862
zaf	2.862
resulteren	2.862
scratchy	2.862
interferentie	2.862
yugi	2.862
gaarkeuken	2.862
shangri-la	2.862
bevreesd	2.862
kindermishandeling	2.862
hartaanvallen	2.862
klysma	2.862
7th	2.862
kraamt	2.862
amateuristisch	2.862
loskoppelen	2.862
hatelijke	2.862
showroom	2.862
sferen	2.862
coulissen	2.862
portemonnees	2.862
persoonlijker	2.862
rupsen	2.862
knullen	2.862
cannoli	2.862
opgevuld	2.862
sneeuwpop	2.862
cas	2.862
kaboel	2.862
anesthesie	2.862
galavan	2.862
schepselen	2.862
gan	2.862
casual	2.862
voetmassage	2.862
toonbaar	2.862
fillory	2.862
tian	2.862
terugleggen	2.862
mischa	2.862
huichelaar	2.862
okay.	2.862
voorde	2.862
tallahassee	2.862
gesuggereerd	2.862
bayou	2.862
vrijgesteld	2.862
thackery	2.862
ononderbroken	2.862
halloran	2.862
kennish	2.862
portugese	2.862
cosmetische	2.862
fosters	2.862
verzend	2.862
transformator	2.862
vernuft	2.862
misvormde	2.862
gesorteerd	2.862
queeste	2.862
temidden	2.862
axelrod	2.862
circuleren	2.862
juten	2.862
satanische	2.862
beeltenis	2.862
viooltjes	2.860
salarisverhoging	2.860
jakey	2.860
dranken	2.860
bolin	2.860
derdegraads	2.860
waterkant	2.860
bouwer	2.860
bekering	2.860
barbecueën	2.860
smartphone	2.860
gymleraar	2.860
jims	2.860
mét	2.860
jolanda	2.860
canton	2.860
voortbrengen	2.860
incompetente	2.860
bedankt.	2.860
splijt	2.860
naden	2.860
schittering	2.860
vergooid	2.860
recreatie	2.860
hoodie	2.860
gru	2.860
softie	2.860
fayeed	2.860
ingrepen	2.860
norrie	2.860
zords	2.860
mcclure	2.860
verneder	2.860
hardwick	2.860
vertroebeld	2.860
privéterrein	2.860
decreet	2.860
zwevend	2.860
mcgraw	2.860
verdovingsmiddel	2.860
typt	2.860
handhaaf	2.860
reinig	2.860
rollin	2.860
staatsgrens	2.860
troebel	2.860
oahu	2.860
fairchild	2.860
reinste	2.860
rino	2.860
henley	2.860
frisjes	2.860
geïnd	2.860
mailtje	2.860
auditorium	2.860
gnoes	2.860
bevestigden	2.860
kraanwater	2.860
lichtgids	2.860
geweldadige	2.860
mancini	2.860
galt	2.860
onbekwaamheid	2.860
indirecte	2.860
vierduizend	2.860
niets.	2.860
witch	2.860
onomkeerbaar	2.860
narcistische	2.860
vuilbak	2.860
kletskous	2.860
rotswand	2.860
interim	2.860
friedman	2.860
weelderige	2.860
walletjes	2.860
dios	2.860
wilsons	2.860
pasja	2.860
fikse	2.860
kledingkast	2.860
cardiologie	2.860
steenkoud	2.860
meesleuren	2.860
verzorgingstehuis	2.860
klaarwakker	2.860
filmavond	2.860
alchemie	2.860
siciliaanse	2.860
gekrast	2.860
helderste	2.860
moordpoging	2.860
supersnel	2.860
ploert	2.860
opdonder	2.860
nichterig	2.860
oates	2.858
kommen	2.858
duimpje	2.858
gaafste	2.858
teruggezien	2.858
rosetta	2.858
kamille	2.858
ijlt	2.858
bloeide	2.858
pirates	2.858
verbeeldt	2.858
omwisselen	2.858
runkle	2.858
rpg	2.858
nix	2.858
stegman	2.858
july	2.858
monterey	2.858
pulsar	2.858
pedalen	2.858
rechterflank	2.858
onbeschofte	2.858
naspelen	2.858
afvalcontainer	2.858
inauguratie	2.858
spijbelt	2.858
afgeranseld	2.858
sellers	2.858
ansichtkaarten	2.858
waarschuwingsschot	2.858
supreme	2.858
veeleisende	2.858
ex-militair	2.858
sequentie	2.858
waxen	2.858
natuurlijk.	2.858
elvira	2.858
lobbyist	2.858
discotheek	2.858
goldstein	2.858
hunkert	2.858
seponeren	2.858
hubot	2.858
carters	2.858
bankdirecteur	2.858
slagaders	2.858
zoemer	2.858
verprutste	2.858
prikbord	2.858
bekoring	2.858
vertroebelen	2.858
midway	2.858
leighton	2.858
stilaan	2.858
lucca	2.858
jilly	2.858
gevechtsvliegtuigen	2.858
snowden	2.858
bastaarden	2.858
streeft	2.858
theatraal	2.858
nadrukkelijk	2.858
moederskindje	2.858
mosca	2.858
miniatuur	2.858
opvangtehuis	2.858
kruistochten	2.858
beckham	2.858
waits	2.858
pikdonker	2.858
l.r.t.	2.858
ongeëvenaard	2.858
gekkerd	2.858
inwrijven	2.858
gestalte	2.858
kippetje	2.858
cru	2.858
afstijgen	2.858
sander	2.858
mortis	2.858
commissies	2.858
prikkel	2.858
belegerd	2.858
galveston	2.858
mensenbloed	2.858
kleurenblind	2.858
gemarkeerde	2.858
twiki	2.858
roltrap	2.858
tiptop	2.858
wachtende	2.858
rugtas	2.858
landmacht	2.858
verloskunde	2.858
skull	2.858
remmy	2.858
graftombe	2.858
wijder	2.858
led	2.858
gearrangeerd	2.855
kruisvaarder	2.855
mirakels	2.855
doorkomt	2.855
geknokt	2.855
krappe	2.855
hupsakee	2.855
eigenzinnig	2.855
verpletterde	2.855
nozem013	2.855
boontjes	2.855
senators	2.855
meezingen	2.855
onbewoonbaar	2.855
simpelste	2.855
hackt	2.855
zappen	2.855
opperrechter	2.855
extraatjes	2.855
luxemburg	2.855
watertoren	2.855
marker	2.855
gcpd	2.855
ongeloof	2.855
verhoort	2.855
tissues	2.855
reguleren	2.855
newt	2.855
patrik	2.855
maïsveld	2.855
daniela	2.855
tussendoortje	2.855
sproeien	2.855
kelp	2.855
beschuldigden	2.855
bokswedstrijd	2.855
rapunzel	2.855
desperate	2.855
onderzoeks	2.855
lev	2.855
schittert	2.855
jennen	2.855
gebotst	2.855
implosie	2.855
losbandig	2.855
neerslachtig	2.855
wisseling	2.855
beware	2.855
freddo	2.855
oplicht	2.855
staartje	2.855
deporteren	2.855
inhalator	2.855
dienaars	2.855
klantenservice	2.855
huiduitslag	2.855
kinderlijk	2.855
couscous	2.855
cyclussen	2.855
herziening	2.855
verblindt	2.855
zeventiende	2.855
tint	2.855
negeerden	2.855
navertellen	2.855
muurvast	2.855
loman	2.855
politieacademie	2.855
prado	2.855
onreine	2.855
bismarck	2.855
truffel	2.855
focust	2.855
dod	2.855
dertigste	2.855
packard	2.855
gemis	2.855
hunkeren	2.855
inhaleren	2.855
ogenblikkelijk	2.855
epps	2.855
vrijbuiter	2.855
schildknaap	2.855
mikt	2.855
gereedheid	2.855
contraspionage	2.855
dwaling	2.853
gymles	2.853
diertjes	2.853
pornofilms	2.853
jud	2.853
eigenaresse	2.853
acteerwerk	2.853
gewetenloos	2.853
roller	2.853
eckhart	2.853
prima.	2.853
cecily	2.853
buitenschoolse	2.853
transparant	2.853
gentry	2.853
freebo	2.853
cor	2.853
opdaagde	2.853
optrad	2.853
schorten	2.853
doelde	2.853
finse	2.853
relentless	2.853
gedenkteken	2.853
blafte	2.853
oproken	2.853
handelden	2.853
tribunes	2.853
gepassioneerde	2.853
meegevoerd	2.853
oogkas	2.853
ven	2.853
heengebracht	2.853
belastingbetalers	2.853
geknapt	2.853
adelborst	2.853
buitenshuis	2.853
meidenavond	2.853
quichot	2.853
zwaars	2.853
schijnheilige	2.853
hervormen	2.853
bren	2.853
morley	2.853
telefoonbedrijf	2.853
bibliothecarissen	2.853
siert	2.853
neukten	2.853
balagan	2.853
varkensstal	2.853
financial	2.853
capella	2.853
levenslijn	2.853
vex	2.853
wachtrij	2.853
coca-cola	2.853
gezichtspunt	2.853
mcgovern	2.853
landingsplaats	2.853
muy	2.853
statistische	2.853
berokkend	2.853
brenger	2.853
aqua	2.853
antilichamen	2.853
koffiezetapparaat	2.853
auto-ongeval	2.853
anchor	2.853
betrouwbaarheid	2.853
gluten	2.853
hijgt	2.853
bemannen	2.853
dryden	2.853
instemde	2.853
aula	2.853
eeuwenoud	2.853
xu	2.853
moedermelk	2.853
aanbiddelijk	2.853
oeh	2.853
verban	2.853
schrader	2.853
labor	2.853
joehoe	2.853
toole	2.853
verzopen	2.853
drugsverslaafden	2.853
afknapper	2.853
rath	2.853
bolsjewieken	2.853
fdr	2.853
streelt	2.853
eigendunk	2.853
zondagmiddag	2.851
sporttas	2.851
afschuwelijks	2.851
opheldering	2.851
ontsloegen	2.851
bend	2.851
zwichten	2.851
heling	2.851
verpulverd	2.851
chagrijn	2.851
capeside	2.851
ridgeway	2.851
mullett	2.851
verzadigd	2.851
nadelig	2.851
charlies	2.851
verkleedt	2.851
leidster	2.851
strikes	2.851
toegeschreven	2.851
technologies	2.851
proxy	2.851
alton	2.851
ratio	2.851
ff	2.851
lynchen	2.851
eisers	2.851
stijfkop	2.851
euforie	2.851
paella	2.851
own	2.851
simulator	2.851
snoesje	2.851
spanky	2.851
dillinger	2.851
carwash	2.851
ontmoetingsplek	2.851
vagen	2.851
kielzog	2.851
hallo.	2.851
wurggreep	2.851
finales	2.851
pils	2.851
werdt	2.851
meekwam	2.851
havisham	2.851
jíj	2.851
debatten	2.851
abstracte	2.851
polina	2.851
bassin	2.851
bjørn	2.851
hoedenmaker	2.851
lumen	2.851
savanne	2.851
salomo	2.851
revolverheld	2.851
roeiboot	2.851
kevins	2.851
inwilligen	2.851
afgestudeerde	2.851
publiceer	2.851
workaholic	2.851
tsja	2.851
bewijskamer	2.851
bemanningen	2.851
onpersoonlijk	2.851
onbeschaamd	2.851
spaulding	2.851
anagram	2.851
geïmproviseerd	2.851
irritatie	2.851
cruella	2.851
druppeltje	2.851
wegwijs	2.851
schouwarts	2.851
kadootje	2.851
strikje	2.851
gepiep	2.851
hetje	2.851
lorena	2.851
zwerfhond	2.851
locksley	2.851
grasland	2.851
passerende	2.851
begraafplaatsen	2.851
paramedici	2.851
shah	2.851
buitengewoons	2.851
morra	2.851
onherroepelijk	2.851
blikopener	2.851
politiefoto	2.851
hallelujah	2.851
amazon	2.851
dorre	2.851
doordraait	2.851
verbrandingsoven	2.851
probie	2.851
mikpunt	2.851
hoogten	2.851
postmortem	2.851
achtjarige	2.851
schommelstoel	2.851
dalende	2.851
goofy	2.851
uitchecken	2.851
roots	2.851
btw	2.851
etta	2.851
ontferm	2.851
geloosd	2.851
voorwendselen	2.851
bijeenkomen	2.851
ontdekkingsreizigers	2.851
rectum	2.851
isla	2.848
privéschool	2.848
caribische	2.848
vernoemde	2.848
anc	2.848
noord-koreanen	2.848
vogelbekdier	2.848
antivries	2.848
apps	2.848
nachtelijk	2.848
zuigzoen	2.848
toekennen	2.848
gebabbeld	2.848
routebeschrijving	2.848
zweette	2.848
fix	2.848
broussard	2.848
mayans	2.848
perseus	2.848
toevoegt	2.848
nikos	2.848
hurken	2.848
beklagen	2.848
clips	2.848
wim	2.848
deadlines	2.848
woedeaanval	2.848
leiband	2.848
driewieler	2.848
nootmuskaat	2.848
lullige	2.848
ove	2.848
praal	2.848
fats	2.848
hickok	2.848
telekinese	2.848
pelgrimstocht	2.848
struikgewas	2.848
nies	2.848
schoentjes	2.848
calvert	2.848
veelzijdig	2.848
nantucket	2.848
santi	2.848
toegestane	2.848
handgemeen	2.848
patstelling	2.848
swarek	2.848
geëxplodeerd	2.848
modderige	2.848
einddoel	2.848
soortgelijk	2.848
getild	2.848
gasmasker	2.848
gepeupel	2.848
shaughnessy	2.848
overstromen	2.848
gedeactiveerd	2.848
wentelteefjes	2.848
vlotte	2.848
afgezworen	2.848
ingestuurd	2.848
verzinsels	2.848
gordy	2.848
3-d	2.848
grazie	2.848
overweldigen	2.848
behaalde	2.848
walkietalkie	2.848
valenti	2.848
penalty	2.848
kaz	2.848
factory	2.848
wegwerp	2.848
sterrenhemel	2.848
pt	2.848
prijsje	2.848
gelogeerd	2.848
bonk	2.848
vanonder	2.848
opgezogen	2.848
vensterbank	2.848
personeelsleden	2.848
behoedzaam	2.848
indigestie	2.848
chalet	2.848
uitlenen	2.848
bevruchten	2.848
inluizen	2.848
therapeutische	2.848
oakley	2.848
beitel	2.848
voorziening	2.848
voorjullie	2.848
orb	2.848
ongenoegen	2.846
hermetisch	2.846
camoufleren	2.846
striptease	2.846
landheer	2.846
balzak	2.846
slapengaan	2.846
glijd	2.846
sletjes	2.846
invloedrijk	2.846
duurzaam	2.846
teleport	2.846
voorkomend	2.846
shhh	2.846
overzeese	2.846
aansnijden	2.846
marriott	2.846
melde	2.846
neon	2.846
passages	2.846
ntac	2.846
gabriela	2.846
rennend	2.846
geschikter	2.846
bankroof	2.846
sadler	2.846
ondernam	2.846
coffin	2.846
holman	2.846
speedboot	2.846
fishlegs	2.846
ventilatiesysteem	2.846
return	2.846
israëliërs	2.846
quinlan	2.846
hallucineerde	2.846
bevingen	2.846
everzwijn	2.846
jasmijn	2.846
voorbehoud	2.846
other	2.846
prison	2.846
flemming	2.846
mcfarland	2.846
verweven	2.846
merc	2.846
curie	2.846
streisand	2.846
j.t.	2.846
merton	2.846
paintball	2.846
lapt	2.846
druist	2.846
freeze	2.846
season	2.846
tover	2.846
brogan	2.846
sienna	2.846
reunie	2.846
mcdonalds	2.846
homohuwelijk	2.846
wolverine	2.846
coordinaten	2.846
thuisplaneet	2.846
samenblijven	2.846
makreel	2.846
legion	2.846
hitlerjugend	2.846
dynamic	2.846
borsthaar	2.846
ook.	2.846
fredo	2.846
eierpunch	2.846
uitgerukt	2.846
evolueert	2.843
jaz	2.843
almaar	2.843
grootser	2.843
bran	2.843
tweeten	2.843
gebruikersnaam	2.843
tours	2.843
glynn	2.843
smakelijke	2.843
haardvuur	2.843
these	2.843
vervoerden	2.843
betrapten	2.843
veiligst	2.843
leicester	2.843
gemeentelijke	2.843
informele	2.843
gevlekte	2.843
dierenrijk	2.843
bragg	2.843
higgs	2.843
bleep	2.843
voetgangers	2.843
cat-scan	2.843
onberispelijke	2.843
nagelen	2.843
sectierapport	2.843
keanu	2.843
gilly	2.843
highschool	2.843
celmaat	2.843
odysseus	2.843
sci-fi	2.843
jammerlijk	2.843
zaterdagmiddag	2.843
trubel	2.843
mij.	2.843
irisa	2.843
inventariseren	2.843
geleuter	2.843
goedkomt	2.843
guadalcanal	2.843
gustave	2.843
blakely	2.843
misleidt	2.843
kunde	2.843
afweren	2.843
jell-o	2.843
instant	2.843
corsage	2.843
arroyo	2.843
hoevelen	2.843
binnenviel	2.843
nationalisten	2.843
mika	2.843
papegaaien	2.843
kozak	2.843
videogames	2.843
wiegen	2.843
gaskamers	2.843
tortilla	2.843
m.e.	2.843
veelal	2.843
stace	2.843
geplaatste	2.843
geidentificeerd	2.843
housewives	2.843
hoogwaardige	2.843
clemente	2.843
verontrusten	2.843
ode	2.843
idris	2.843
bless	2.843
uit.	2.843
documentaires	2.843
fluisterend	2.843
compatibel	2.843
uni	2.843
geordend	2.843
kurtz	2.843
kontjes	2.843
telemetrie	2.843
kandi	2.843
ianto	2.843
opkeek	2.843
duquesne	2.843
ramkoers	2.843
standjes	2.843
possible	2.843
bevelvoerder	2.843
vakkundig	2.843
didier	2.843
smaakpapillen	2.843
linksom	2.843
aangevuld	2.843
dichtmaken	2.843
piazza	2.843
betsey	2.843
kerstochtend	2.843
mud	2.843
aruba	2.843
rickman	2.843
kath	2.843
wrat	2.843
confrontaties	2.843
behaagt	2.843
onverantwoordelijke	2.843
catarella	2.843
metabolisme	2.843
citizen	2.843
implicaties	2.843
oogappel	2.843
onvrijwillige	2.843
schulp	2.843
ertussenuit	2.843
hound	2.843
huo	2.843
ichigo	2.841
elroy	2.841
reclamebureau	2.841
kopieerapparaat	2.841
basilicum	2.841
verschuil	2.841
brandkraan	2.841
spiritualiteit	2.841
hachelijke	2.841
pathologische	2.841
obsessieve	2.841
wereldklasse	2.841
fungeert	2.841
keltische	2.841
coderen	2.841
gekraak	2.841
cully	2.841
zekers	2.841
uitvaartcentrum	2.841
muteren	2.841
mehmet	2.841
supercomputer	2.841
wéét	2.841
antrax	2.841
weefsels	2.841
bespied	2.841
bevan	2.841
sloof	2.841
uitgebrand	2.841
besluipt	2.841
gefantaseerd	2.841
zigeunerin	2.841
beëdigd	2.841
riviera	2.841
lawton	2.841
oke.	2.841
omkoperij	2.841
brackenreid	2.841
ihab	2.841
verplettert	2.841
verbazende	2.841
meenden	2.841
tachycardie	2.841
coopers	2.841
conservatieven	2.841
handtastelijk	2.841
progressie	2.841
skeletor	2.841
bliss	2.841
oogdruppels	2.841
krakers	2.841
verwerpelijk	2.841
caraïben	2.841
insturen	2.841
sixth	2.841
fondue	2.841
verwantschap	2.841
rasmussen	2.841
zaligheid	2.841
natuurkundigen	2.841
zwakkelingen	2.841
gevangenneming	2.841
jeanine	2.841
belandden	2.841
meelij	2.841
hersenscan	2.841
gebrabbel	2.841
toejuichen	2.841
doherty	2.841
ryuuzaki	2.841
destructieve	2.841
dow	2.841
uitvragen	2.841
overbelasten	2.841
poëtische	2.841
blaster	2.841
smakeloze	2.841
zuid-californië	2.841
bodega	2.841
dooft	2.841
uitzagen	2.841
cosby	2.841
done	2.841
blokjes	2.841
bordjes	2.841
treville	2.841
fiksen	2.841
lomperik	2.841
loving	2.841
strijkijzer	2.841
bankbiljetten	2.841
atletische	2.841
voltrokken	2.841
sharma	2.841
nasir	2.841
teruggenomen	2.841
krantenjongen	2.841
hitomi	2.841
ewings	2.841
zekerder	2.841
ochoa	2.841
analogie	2.841
kyra	2.841
bruto	2.841
behangen	2.841
rackham	2.839
tanzania	2.839
bestuursleden	2.839
doders	2.839
onthoofde	2.839
arnett	2.839
metallica	2.839
boort	2.839
padawan	2.839
xerxes	2.839
parkeerbon	2.839
textiel	2.839
nachtleven	2.839
bungelen	2.839
rekruteerde	2.839
bes	2.839
föhn	2.839
fietser	2.839
plakte	2.839
zondagsschool	2.839
clementie	2.839
chappie	2.839
gekwetste	2.839
telefonische	2.839
protonen	2.839
pensioenfonds	2.839
lothbrok	2.839
moines	2.839
bloos	2.839
murtaugh	2.839
noordoost	2.839
samengewoond	2.839
ijzersterk	2.839
drievoudig	2.839
geinfecteerd	2.839
actueel	2.839
onecht	2.839
honkbalteam	2.839
frontaal	2.839
strawberry	2.839
midas	2.839
concurrerend	2.839
klanken	2.839
aart	2.839
pelican	2.839
tijdreiziger	2.839
stafleden	2.839
cato	2.839
toverstok	2.839
else	2.839
turijn	2.839
screening	2.839
mylord	2.839
doorgezet	2.839
handgemaakte	2.839
chalmers	2.839
sheik	2.839
daal	2.839
flexibiliteit	2.839
geprofiteerd	2.839
olijf	2.839
zeevruchten	2.839
afstellen	2.839
parkway	2.839
barricades	2.839
bong	2.839
isaak	2.839
huismeester	2.839
landers	2.839
lichtflits	2.839
nigeriaanse	2.839
lorazepam	2.839
fotografeer	2.839
zimmer	2.839
patience	2.839
overstak	2.839
zwavelzuur	2.839
funny	2.839
noren	2.839
dahmer	2.839
ilse	2.839
kunstvorm	2.839
elimineert	2.839
verteert	2.839
upton	2.839
gelukzak	2.839
nomaden	2.839
gehemelte	2.839
openmaakt	2.839
vervuilde	2.839
ricks	2.839
gelijkwaardige	2.839
pumps	2.839
onveilige	2.839
voorkeursbehandeling	2.839
demetri	2.839
renpaard	2.839
hanne	2.839
kraanvogel	2.839
laadruim	2.839
kilt	2.839
koffietafel	2.839
invision	2.839
madeliefjes	2.839
aanwakkeren	2.839
verbrijzelen	2.839
boomhuis	2.839
sandrine	2.839
toeters	2.839
knobbel	2.839
wuiven	2.839
tris	2.839
streed	2.839
weende	2.839
ex-partner	2.839
gelijkenissen	2.839
giant	2.839
ingesmeerd	2.839
vloekte	2.839
preekt	2.839
insinueer	2.839
levenservaring	2.839
motorbende	2.839
lander	2.839
koopjes	2.839
fiddler	2.836
spande	2.836
gewogen	2.836
godheid	2.836
pilletjes	2.836
scheikundige	2.836
ruimtevaartuig	2.836
brumby	2.836
synoniem	2.836
koffiepauze	2.836
slof	2.836
puisten	2.836
vereert	2.836
leeuwin	2.836
sprinklers	2.836
bae	2.836
livingston	2.836
valeria	2.836
barnard	2.836
belager	2.836
ronddwalen	2.836
toog	2.836
ijskap	2.836
geboortebewijs	2.836
consulent	2.836
fei	2.836
afwijkt	2.836
doorbraken	2.836
litchfield	2.836
blunders	2.836
aleikum	2.836
wisselaar	2.836
assistent-manager	2.836
tinkerbell	2.836
latinum	2.836
zuiger	2.836
leeglopen	2.836
wereldkampioenschap	2.836
markov	2.836
uithoudt	2.836
fasen	2.836
riordan	2.836
tweed	2.836
doorlichten	2.836
compressie	2.836
demarco	2.836
activering	2.836
ruggenprik	2.836
notie	2.836
indigo	2.836
onwaar	2.836
freaky	2.836
jiang	2.836
mette	2.836
continental	2.836
hameren	2.836
morgans	2.836
allez	2.836
verbanddoos	2.836
betaalbaar	2.836
prikte	2.836
oogschaduw	2.836
zonnebaden	2.836
tool	2.836
redmond	2.836
deuken	2.836
nakomeling	2.836
verankerd	2.836
uitgestuurd	2.836
spreekkamer	2.836
sum	2.836
kattenbak	2.836
keyboard	2.836
brandewijn	2.836
verzekeringsfraude	2.836
gerotzooid	2.836
hartjes	2.836
kirito	2.836
afhankelijkheid	2.836
points	2.836
weent	2.836
promoties	2.836
toegekeerd	2.836
rondhing	2.836
pevi70	2.836
lottie	2.836
gezwets	2.836
wereldorde	2.836
junkfood	2.836
rubin	2.836
zakdoeken	2.836
dipsaus	2.836
ee	2.836
landis	2.836
bén	2.836
inspraak	2.836
gluiperige	2.836
afgedwongen	2.836
sitting	2.836
stoffelijke	2.836
selby	2.836
craigslist	2.836
nieuwslezer	2.836
pico	2.836
ask	2.836
onteren	2.836
destructief	2.836
bezegelen	2.836
neerschoten	2.836
voortekenen	2.836
scant	2.836
visserij	2.836
gelatine	2.836
tourette	2.836
tegenouden	2.836
teug	2.836
uitsprak	2.836
bao	2.836
octavianus	2.836
bu	2.836
lievelings	2.836
toesturen	2.834
enoch	2.834
aldous	2.834
onfortuinlijk	2.834
bentinck	2.834
golfbal	2.834
voorgenomen	2.834
toebehoorde	2.834
noteerde	2.834
fingers	2.834
gump	2.834
flikflooien	2.834
glitters	2.834
scherps	2.834
nonnatus	2.834
peperdure	2.834
doedelzak	2.834
trouwste	2.834
kabel-tv	2.834
lieflijke	2.834
ope	2.834
omcirkeld	2.834
marcella	2.834
8ste	2.834
goudzoeker	2.834
welvarend	2.834
bra	2.834
rocker	2.834
elin	2.834
bips	2.834
afmaakte	2.834
straffe	2.834
koophandel	2.834
achterlangs	2.834
stinger	2.834
anthrax	2.834
rondreis	2.834
intrigerende	2.834
concubine	2.834
petter	2.834
vredelievend	2.834
homobar	2.834
intenser	2.834
verzoekjes	2.834
inkorten	2.834
khlyen	2.834
drieëntwintig	2.834
knuffelde	2.834
amfetamine	2.834
tubbs	2.834
montauk	2.834
jongeling	2.834
vaccinatie	2.834
doorpraten	2.834
afschuiven	2.834
etablissement	2.834
tayler	2.834
kenji	2.834
fogg	2.834
gegarandeerde	2.834
craven	2.834
zord	2.834
arastoo	2.834
whisper	2.834
stervenden	2.834
couplet	2.834
modellenwerk	2.834
vilt	2.834
ingrijpend	2.834
hoofdzaak	2.834
toewensen	2.834
gebaat	2.834
impotentie	2.834
nummerborden	2.834
petersen	2.834
mori	2.834
skrill	2.834
uitdraait	2.834
mathilda	2.834
pinokkio	2.834
aanwijst	2.834
modernste	2.834
gezelliger	2.834
petty	2.834
negativiteit	2.834
invoer	2.834
knetter	2.834
wegsluipen	2.834
verdoezeld	2.834
krumitz	2.834
vervulde	2.834
luncht	2.834
ongehuwd	2.834
scratch	2.834
ceremoniemeester	2.834
verstikte	2.834
relatieve	2.834
bacchus	2.834
verwierp	2.834
meerval	2.834
caden	2.834
verken	2.834
gematigd	2.834
obelisk	2.834
vensters	2.834
verrukking	2.834
dienstingang	2.834
stropdassen	2.834
dor	2.834
harans	2.834
pendragon	2.834
werkgroep	2.834
vervaardigd	2.834
six-pack	2.834
onrealistisch	2.834
geheten	2.834
claimde	2.834
feitelijke	2.834
streden	2.834
welwillend	2.834
bezeerde	2.834
geklikt	2.834
raben	2.834
committee	2.834
ouija	2.834
vaseline	2.834
jankt	2.834
geleide	2.831
kwantummechanica	2.831
larsson	2.831
touchdowns	2.831
kokende	2.831
muppets	2.831
uitsluitsel	2.831
levensbedreigend	2.831
holbewoners	2.831
loskomen	2.831
elektrocutie	2.831
overduidelijke	2.831
uitzendkracht	2.831
kwarktaart	2.831
luit	2.831
beïnvloedde	2.831
sesam	2.831
bonny	2.831
bergketen	2.831
rotleven	2.831
bevoorraad	2.831
fuchs	2.831
platonisch	2.831
hapte	2.831
greenpeace	2.831
aurelius	2.831
terroriseert	2.831
rechteroog	2.831
bai	2.831
montague	2.831
ondersteunende	2.831
hooker	2.831
achterlatend	2.831
herwinnen	2.831
lambda	2.831
opwekt	2.831
troefkaart	2.831
letsels	2.831
alfabetische	2.831
achteruitkijkspiegel	2.831
teleportatie	2.831
wc-bril	2.831
afknallen	2.831
salinger	2.831
gedrenkt	2.831
tenue	2.831
bijdraagt	2.831
mesje	2.831
huurovereenkomst	2.831
verassingen	2.831
haasje	2.831
hype	2.831
violette	2.831
rostov	2.831
dobie	2.831
regenwater	2.831
samcro	2.831
spelend	2.831
ewan	2.831
fotomodel	2.831
nis	2.831
meesterwerken	2.831
wereldbevolking	2.831
vereffend	2.831
passeer	2.831
contante	2.831
quid	2.831
grondslag	2.831
lynx	2.831
doodgewoon	2.831
violen	2.831
pluizige	2.831
terugkrabbelen	2.831
martinh	2.831
belly	2.831
beryl	2.831
cd-speler	2.831
oudsten	2.831
wandaden	2.831
codex	2.831
sponsort	2.831
expo	2.831
invalt	2.831
binnenkomende	2.831
pellen	2.831
doormaakte	2.831
schampschot	2.831
parsa	2.831
barstende	2.831
kwekerij	2.831
elodie	2.831
cartouche	2.831
tt	2.831
planetarium	2.831
catwoman	2.831
sarcastische	2.831
cranberry	2.831
taxeren	2.831
verkenningsteam	2.831
broden	2.831
haarborstel	2.831
geweerd	2.831
misbaksel	2.831
hurt	2.831
sassy	2.831
peña	2.831
drieen	2.831
levensmiddelen	2.831
wegstuurde	2.831
boobytrap	2.831
runs	2.831
bokst	2.831
geordie	2.831
whale	2.831
fund	2.829
opspoort	2.829
fotografeerde	2.829
slims	2.829
gannicus	2.829
sociëteit	2.829
verkoolde	2.829
broodwinning	2.829
ich	2.829
uitgroeien	2.829
betaamt	2.829
uitslaan	2.829
argumenteren	2.829
bremer	2.829
kearns	2.829
donateurs	2.829
goody	2.829
projectontwikkelaar	2.829
geestesziekte	2.829
oogverblindend	2.829
aangemaakt	2.829
tusk	2.829
hallen	2.829
concurrerende	2.829
gaan.	2.829
verbogen	2.829
betrad	2.829
aangrijpend	2.829
buitensporige	2.829
osman	2.829
verzekeraar	2.829
hk	2.829
potdicht	2.829
als-ie	2.829
poetste	2.829
paardenrennen	2.829
vazen	2.829
astrale	2.829
poolen	2.829
kolibrie	2.829
stuiptrekkingen	2.829
zuivert	2.829
rimpel	2.829
quan	2.829
gin-tonic	2.829
protesteerde	2.829
prentice	2.829
kantoortje	2.829
binnenweg	2.829
kletste	2.829
bots	2.829
pictures	2.829
lands	2.829
horst	2.829
pennington	2.829
sunnydale	2.829
serveerde	2.829
thrones	2.829
gehoorzaamd	2.829
binnenbracht	2.829
luitenants	2.829
gebiecht	2.829
veilinghuis	2.829
ex-agent	2.829
guts	2.829
onduidelijke	2.829
shiloh	2.829
vooruitgegaan	2.829
objectiviteit	2.829
sideshow	2.829
ftl	2.829
groener	2.829
rawls	2.829
vickie	2.829
opbelt	2.829
kendal	2.829
kamerheer	2.829
jarrod	2.829
ingerekend	2.829
dice	2.829
eunuch	2.829
dorado	2.829
glee-club	2.829
aangewakkerd	2.829
calloway	2.829
stressen	2.829
confronteert	2.829
presenteerde	2.829
pain	2.829
methodisch	2.829
worpen	2.829
fresco	2.829
megaforce	2.829
wolkje	2.829
printplaat	2.829
clearwater	2.829
vlammende	2.829
opgetild	2.829
rollebollen	2.829
raine	2.829
onrustige	2.829
ontbranden	2.829
thorndyke	2.826
cartier	2.826
vliegdekschepen	2.826
beluisterd	2.826
godverdomde	2.826
bag	2.826
manilla	2.826
zhen	2.826
zevenen	2.826
socialist	2.826
aanvalsplan	2.826
lebron	2.826
mors	2.826
hela	2.826
hertz	2.826
springsteen	2.826
fallujah	2.826
pulaski	2.826
eerzame	2.826
moordde	2.826
belangenverstrengeling	2.826
suri	2.826
opkopen	2.826
sneeuwde	2.826
techneuten	2.826
treasure	2.826
miltvuur	2.826
blaire	2.826
svend	2.826
schoorsteenmantel	2.826
corridor	2.826
sherpa	2.826
kelley	2.826
klokkenspel	2.826
grasveld	2.826
opgeteld	2.826
splitst	2.826
gezinsleven	2.826
zusterschap	2.826
moo	2.826
erlich	2.826
haarlak	2.826
verlamt	2.826
aanhankelijk	2.826
droomprins	2.826
zuurstofgehalte	2.826
huiswaarts	2.826
yorks	2.826
eetbare	2.826
miniem	2.826
y.	2.826
stootje	2.826
bp	2.826
gehucht	2.826
goedeavond	2.826
dienstmeisjes	2.826
uitspoken	2.826
weerkaatst	2.826
vaccinaties	2.826
leach	2.826
sop	2.826
ondoordringbare	2.826
milf	2.826
omzeild	2.826
politiebescherming	2.826
stapelt	2.826
ando	2.826
vuilcontainer	2.826
pilgrim	2.826
takeda	2.826
precious	2.826
vulkanisch	2.826
eczeem	2.826
tobroek	2.826
huwde	2.826
pigment	2.826
e-mailde	2.826
opgestapeld	2.826
afkraken	2.826
jean-michel	2.826
voorschrijft	2.826
gennaro	2.826
overjas	2.826
berekent	2.826
plichtsbesef	2.826
semtex	2.826
schotwonde	2.826
projectielen	2.826
addie	2.826
aanvoer	2.826
smog	2.826
geblaf	2.826
mima	2.826
heldendaad	2.826
vlecht	2.826
niro	2.826
luger	2.826
joris	2.826
stauffenberg	2.826
territoriaal	2.826
chao	2.826
hollister	2.826
tongbeen	2.826
singulariteit	2.826
most	2.826
misdienaar	2.826
langskwamen	2.826
macon	2.826
gedragscode	2.826
haardroger	2.826
merrin	2.826
schappen	2.826
theaters	2.826
retoriek	2.826
zakkenroller	2.824
near	2.824
onofficiële	2.824
logistieke	2.824
tennisbaan	2.824
veroverden	2.824
mosley	2.824
dysenterie	2.824
bestraffen	2.824
scheutje	2.824
notendop	2.824
plattegronden	2.824
corday	2.824
genoegens	2.824
linkerflank	2.824
ting	2.824
splinternieuwe	2.824
smoor	2.824
mig	2.824
callgirl	2.824
innig	2.824
weersomstandigheden	2.824
soit	2.824
uitkiest	2.824
baars	2.824
boordevol	2.824
gokprobleem	2.824
voorpaginanieuws	2.824
gemoed	2.824
kruiswoordpuzzel	2.824
klucht	2.824
beangstigende	2.824
blinken	2.824
ruimtelijke	2.824
albanese	2.824
tolereert	2.824
boxershort	2.824
lettertype	2.824
gedefinieerd	2.824
hostel	2.824
marlboro	2.824
liaison	2.824
hasta	2.824
humpty	2.824
kattenkwaad	2.824
grossman	2.824
verbleekt	2.824
verbitterde	2.824
kennisgeving	2.824
lj	2.824
million	2.824
rina	2.824
opzuigen	2.824
fei-hung	2.824
secretaris-generaal	2.824
b-17	2.824
gellar	2.824
gehard	2.824
aloude	2.824
rivierbedding	2.824
typerend	2.824
bajonetten	2.824
truckers	2.824
schakelaars	2.824
stans	2.824
vijfjarige	2.824
cryptisch	2.824
doorlopend	2.824
acne	2.824
deskundigheid	2.824
detachement	2.824
streelde	2.824
handtassen	2.824
implanteren	2.824
schedelbreuk	2.824
lynda	2.824
ingegraven	2.824
hiertegen	2.824
krill	2.824
behoorden	2.824
treurt	2.824
prikkelt	2.824
spierbundel	2.824
onderneem	2.824
zesduizend	2.824
landerijen	2.824
kilgrave	2.824
mee-eten	2.824
lichaamswarmte	2.824
opportunist	2.824
daria	2.824
helens	2.824
dna-onderzoek	2.824
bachelor	2.824
goudvissen	2.824
filip	2.824
crisp	2.824
unger	2.824
netter	2.824
constantijn	2.824
scottsdale	2.824
kinderjaren	2.824
terugkreeg	2.824
galloway	2.824
nike	2.824
salter	2.824
danspartner	2.824
stijlen	2.824
pleegkinderen	2.824
ronan	2.824
kaylee	2.821
katerina	2.821
patrol	2.821
uitrekenen	2.821
netto	2.821
onvermoeibaar	2.821
uitstapt	2.821
vietnamezen	2.821
langham	2.821
ligging	2.821
weathers	2.821
ontvluchtte	2.821
eilandje	2.821
hamers	2.821
makkelijkst	2.821
gewipt	2.821
verwonderd	2.821
schatkamer	2.821
keukenmes	2.821
uithongeren	2.821
giulio	2.821
ag	2.821
afvuurt	2.821
gertie	2.821
wegkijken	2.821
minor	2.821
zachtaardige	2.821
proefrit	2.821
gefokt	2.821
rotsblok	2.821
continentale	2.821
verliezende	2.821
leipzig	2.821
protesteert	2.821
steengoed	2.821
registreerde	2.821
pezuela	2.821
tonto	2.821
hypocriete	2.821
spervuur	2.821
mooi.	2.821
seahawk	2.821
aanwenden	2.821
puzzelen	2.821
metz	2.821
rennie	2.821
dolken	2.821
ingebeelde	2.821
toxicologie	2.821
spotlight	2.821
herodes	2.821
voldemort	2.821
pistoolschot	2.821
aangemeerd	2.821
soevereiniteit	2.821
bloedhond	2.821
duit	2.821
hoofdgebouw	2.821
mja	2.821
renners	2.821
fairview	2.821
geïmproviseerde	2.821
globaal	2.821
aarden	2.821
breekpunt	2.821
mk	2.821
schattigste	2.821
maatstaf	2.821
eergisteravond	2.821
christoph	2.821
reclamespot	2.821
checkpoint	2.821
alarmeer	2.821
harpers	2.821
robotten	2.821
bobbel	2.821
pickles	2.821
beambte	2.821
conform	2.821
communicatiesysteem	2.821
voortouw	2.821
blondines	2.821
hanley	2.821
elementary	2.821
vrijgeleide	2.821
bezaten	2.821
weggerukt	2.821
vala	2.821
boertje	2.821
unieks	2.821
horrorfilms	2.821
minx	2.821
kalmeringsmiddelen	2.821
bubbles	2.821
alcoholische	2.821
lukraak	2.821
mistte	2.821
chuckie	2.821
onderkoning	2.821
bonte	2.821
silhouet	2.821
oordeelde	2.819
eenvoudigweg	2.819
lievelingetje	2.819
fenway	2.819
fountain	2.819
gecombineerde	2.819
a.u.b	2.819
arnaud	2.819
inademt	2.819
rangorde	2.819
knikte	2.819
ontfermen	2.819
muesli	2.819
hanover	2.819
directions	2.819
tsjernobyl	2.819
bulten	2.819
statisch	2.819
rosalind	2.819
doofstom	2.819
tikkertje	2.819
burgerschap	2.819
muntstuk	2.819
lanka	2.819
bowler	2.819
satans	2.819
doorzichtige	2.819
wolkenkrabber	2.819
slagers	2.819
boenen	2.819
behendigheid	2.819
leerlinge	2.819
barabbas	2.819
einsteins	2.819
stryker	2.819
spannendste	2.819
greenberg	2.819
cabernet	2.819
ontstekingen	2.819
bekeuringen	2.819
bachman	2.819
raadselachtig	2.819
mogelijks	2.819
derderangs	2.819
toverij	2.819
parkiet	2.819
ceren	2.819
lazlo	2.819
sprankje	2.819
gevangenisdirecteur	2.819
illusionist	2.819
ergo	2.819
gadverdamme	2.819
travestieten	2.819
doorverwezen	2.819
schmeling	2.819
parachutespringen	2.819
zijzelf	2.819
dreigbrieven	2.819
hindoe	2.819
conclaaf	2.819
artieste	2.819
onderga	2.819
kunne	2.819
strohalm	2.819
bruidstaart	2.819
breaking	2.819
laney	2.819
sluwheid	2.819
relatietherapie	2.819
léa	2.819
ontwenning	2.819
didn	2.819
zelfmoordbriefje	2.819
verspreidden	2.819
rondreizen	2.819
soo	2.819
hoelaat	2.819
afwegen	2.819
concentraties	2.819
kankercellen	2.819
splinternieuw	2.819
blijvertje	2.819
nuttigen	2.819
opgooien	2.819
geoordeeld	2.819
vail	2.819
oploste	2.819
manzella	2.819
moeien	2.819
goss	2.819
kimmie	2.819
lichtelijk	2.819
dikste	2.819
getinte	2.819
rhoades	2.819
snakt	2.819
opus	2.819
preacher	2.819
sigrid	2.819
remmingen	2.819
someone	2.819
loverboy	2.819
inartie	2.819
australiër	2.819
escorts	2.819
verdeeldheid	2.816
klokslag	2.816
rothman	2.816
post-it	2.816
speedster	2.816
lekkernijen	2.816
frambozen	2.816
minsk	2.816
oj	2.816
gebokst	2.816
kiowa	2.816
beteugelen	2.816
haltes	2.816
ontketend	2.816
kittens	2.816
repliceren	2.816
switch	2.816
doorgewerkt	2.816
astronomische	2.816
repertoire	2.816
suites	2.816
warmt	2.816
waterdruk	2.816
taaier	2.816
troostprijs	2.816
mott	2.816
linderman	2.816
bormann	2.816
vergaard	2.816
tienerjaren	2.816
eettent	2.816
cafeïnevrij	2.816
fink	2.816
nopd	2.816
grandview	2.816
pasteitjes	2.816
protegé	2.816
uitkomsten	2.816
bipolair	2.816
gehoorzaamde	2.816
blinkt	2.816
uitgestoten	2.816
eyeliner	2.816
gedeserteerd	2.816
omen	2.816
afgekondigd	2.816
fillmore	2.816
sheryl	2.816
dat-	2.816
gevangeniscel	2.816
loren	2.816
naderden	2.816
wendelina1987	2.816
cagney	2.816
informatief	2.816
sticht	2.816
doorvoeren	2.816
cheung	2.816
inseminatie	2.816
klimmers	2.816
opkuisen	2.816
dynasty	2.816
reproductie	2.816
raider	2.816
steadman	2.816
valera	2.816
farid	2.816
vliegangst	2.816
regelden	2.816
groothandel	2.816
arthurs	2.816
ochtendjas	2.816
zeis	2.816
comes	2.816
duty	2.816
dermatoloog	2.816
judi	2.816
nauwlettend	2.816
celebrity	2.816
nomad	2.816
theatre	2.816
oppoetsen	2.816
gasleiding	2.816
keukenvloer	2.816
stekelvarken	2.816
reflecteert	2.816
ondervoed	2.816
nachthemd	2.816
kritieken	2.816
ramses	2.816
ieven	2.816
afgeveegd	2.816
moedwillig	2.816
toussaint	2.816
willows	2.816
exploiteren	2.816
móet	2.816
fotoalbum	2.816
gespijbeld	2.816
trechter	2.816
tupperware	2.816
tirannen	2.816
coffeeshop	2.816
ziekenfonds	2.814
babykamer	2.814
uitbundig	2.814
bodie	2.814
schwarzenegger	2.814
terugkijk	2.814
schoonmaakploeg	2.814
afrikaan	2.814
aanvoelde	2.814
shotjes	2.814
verzond	2.814
dipper	2.814
indra	2.814
chesterfield	2.814
goedpraten	2.814
snorren	2.814
kapte	2.814
flapdrol	2.814
fujiko	2.814
fundamenten	2.814
chilly	2.814
afhaal	2.814
saturday	2.814
tomcat	2.814
strijdlustig	2.814
gar	2.814
offshore	2.814
combat	2.814
opdrogen	2.814
scheermesje	2.814
honken	2.814
urgentie	2.814
koningslanding	2.814
runderen	2.814
richthofen	2.814
bedondert	2.814
prutsen	2.814
cochrane	2.814
danslessen	2.814
sedona	2.814
zuid-korea	2.814
brandden	2.814
report	2.814
beantwoorde	2.814
mondwater	2.814
twintigduizend	2.814
bestuurslid	2.814
afknippen	2.814
marlow	2.814
degen	2.814
consument	2.814
janvier	2.814
prammen	2.814
intiemer	2.814
ke	2.814
one-night	2.814
boodschappenjongen	2.814
iwo	2.814
rappers	2.814
verzamelpunt	2.814
biochemie	2.814
fonteinen	2.814
zakdoekjes	2.814
cops	2.814
ongeoorloofd	2.814
hoestsiroop	2.814
maatstaven	2.814
verstevigen	2.814
brij	2.814
zedendelinquenten	2.814
overgewaaid	2.814
isak	2.814
kernreactor	2.814
onderminister	2.814
lobbyen	2.814
overwinnaars	2.814
spreidt	2.814
oceaanbodem	2.814
streef	2.814
jima	2.814
teint	2.814
wolfman	2.814
neig	2.814
luann	2.814
vozen	2.814
openhartigheid	2.814
ongein	2.814
hummel	2.814
mutiny	2.814
speurneus	2.814
willi	2.814
zwabber	2.814
dubbelzinnig	2.814
regenwouden	2.814
vadim	2.814
elspeth	2.814
shifu	2.814
weerszijden	2.814
bijbedoelingen	2.814
narcoticabrigade	2.814
klompen	2.814
jaden	2.814
cordero	2.814
gawain	2.814
woonwijk	2.814
leidend	2.814
anaconda	2.814
affiches	2.814
kantoorgebouw	2.814
`s	2.814
rukia	2.814
toelaatbaar	2.814
verzorgers	2.814
leonie	2.814
buckland	2.814
sollicitaties	2.814
perfectionist	2.814
sax	2.814
confucius	2.814
lintworm	2.814
annuleerde	2.814
vinder	2.814
gasmaskers	2.814
uitbrander	2.814
nalaat	2.814
slash	2.814
raptors	2.814
motta	2.814
atreides	2.814
injecteer	2.814
schouderblad	2.814
afschrift	2.814
modesto	2.814
jachtgebied	2.811
omgeslagen	2.811
bard	2.811
luchtdicht	2.811
doortrekken	2.811
year	2.811
opbouwt	2.811
alfonse	2.811
nasty	2.811
jenever	2.811
kenmerkende	2.811
bomb	2.811
draaglijk	2.811
bullwinkle	2.811
barret	2.811
sneuvelden	2.811
worstelaars	2.811
mijdt	2.811
aline	2.811
uitzwaaien	2.811
complimentje	2.811
exeter	2.811
juma	2.811
dichtsbijzijnde	2.811
kerstliedjes	2.811
kruiken	2.811
infiltreerde	2.811
erics	2.811
zachtst	2.811
overje	2.811
geouwehoer	2.811
ouderlingen	2.811
doordringt	2.811
wandelaar	2.811
injecteerde	2.811
keulen	2.811
statistiek	2.811
runen	2.811
vreemdere	2.811
berispt	2.811
pickup	2.811
rooskleurig	2.811
gekkigheid	2.811
botje	2.811
smiths	2.811
hooglanden	2.811
moordaanklacht	2.811
diggelen	2.811
portal	2.811
alto	2.811
nuchterheid	2.811
timmons	2.811
marchand	2.811
chucks	2.811
haru	2.811
martian	2.811
moeiteloos	2.811
werksters	2.811
hopende	2.811
dashboardkastje	2.811
rechterlijk	2.811
aristocraten	2.811
borstvergroting	2.811
jurgen	2.811
onhoudbaar	2.811
cristal	2.811
contactpersonen	2.811
medal	2.811
alastair	2.811
self	2.811
snickers	2.811
staatsgeheimen	2.811
werkuren	2.811
s01e03	2.811
gruweldaden	2.811
straatnaam	2.811
klimmer	2.811
borstelen	2.811
vrijbrief	2.811
onderdanige	2.811
huiseigenaar	2.811
onberekenbaar	2.811
verzekeringsagent	2.811
buikholte	2.811
functionarissen	2.811
cruiser	2.811
kline	2.811
binnenvalt	2.811
sanford	2.811
gum	2.811
artiestennaam	2.811
huber	2.811
ongebruikelijks	2.811
arbeiderspartij	2.811
potomac	2.811
mifflin	2.811
schijfje	2.811
mamie	2.811
dunder	2.811
krieger	2.811
dringends	2.811
cranston	2.811
bastille	2.811
doorstaat	2.811
verdommen	2.811
4x4	2.811
boogschieten	2.811
screen	2.811
pinto	2.811
rin	2.811
berooid	2.811
chandra	2.811
binnenwandelen	2.811
geraldo	2.811
afranselen	2.811
noord-koreaanse	2.811
kanonskogel	2.811
bondage	2.811
romney	2.811
janko	2.811
scarranen	2.811
saito	2.811
neerstort	2.811
embargo	2.811
bulldogs	2.811
jareau	2.811
ijssalon	2.811
vlei	2.811
poppetjes	2.811
winnares	2.811
riffen	2.811
aflegde	2.811
ikea	2.808
arbor	2.808
ola	2.808
laadperron	2.808
wedding	2.808
complotten	2.808
synch	2.808
mcclane	2.808
construction	2.808
brandje	2.808
ohhh	2.808
verbeelden	2.808
topkwaliteit	2.808
budd	2.808
symboliek	2.808
wankelt	2.808
verft	2.808
stuitert	2.808
mathison	2.808
obscure	2.808
mikaelson	2.808
wegspoelen	2.808
toa	2.808
getiteld	2.808
onderhuidse	2.808
dagger	2.808
hersenspoeling	2.808
cushing	2.808
uitstrijkjes	2.808
luxueus	2.808
halsey	2.808
echtelijk	2.808
hors	2.808
universitaire	2.808
gekeurd	2.808
kozakken	2.808
arav	2.808
chassis	2.808
waarheidsserum	2.808
geldwagen	2.808
afdekken	2.808
reading	2.808
overnamen	2.808
ziehier	2.808
nato	2.808
gelijk.	2.808
brace	2.808
armoedig	2.808
ongevoelige	2.808
even.	2.808
ore	2.808
flicka	2.808
onsmakelijk	2.808
epileptische	2.808
afvalt	2.808
flitsende	2.808
volgooien	2.808
maren	2.808
slachtte	2.808
tahir	2.808
toendra	2.808
geacteerd	2.808
drie-eenheid	2.808
marcheert	2.808
specialisme	2.808
energieveld	2.808
jovi	2.808
doorgespoeld	2.808
mieters	2.808
bunty	2.808
kardashian	2.808
dooien	2.808
overtollige	2.808
uitgangswond	2.808
herbeginnen	2.808
zilverwerk	2.808
schoonheidsslaapje	2.808
crap	2.808
beklom	2.808
weggevoerd	2.808
perfekt	2.808
sterfdag	2.808
delirium	2.808
stokerij	2.808
waldron	2.808
vakwerk	2.808
lancer	2.808
uitziend	2.808
sherif	2.808
werklozen	2.808
mieke	2.808
lummelen	2.808
juicht	2.808
zonnebrillen	2.808
amato	2.808
mompelt	2.808
sufferds	2.808
enteren	2.808
years	2.808
opgesplitst	2.808
afgekomen	2.808
peaks	2.808
schoonmaakmiddel	2.808
sms-en	2.808
gelukskoekje	2.808
verbruiken	2.808
gilda	2.808
schoonheidswedstrijd	2.808
hardnekkige	2.808
albanees	2.808
scrupules	2.808
uh-	2.808
kopieerde	2.808
hyperspace	2.808
dapperen	2.806
nogsteeds	2.806
carte	2.806
como	2.806
macmillan	2.806
caulfield	2.806
drollen	2.806
hoofdhuid	2.806
geometrie	2.806
randi	2.806
farr	2.806
crest	2.806
geselen	2.806
mcavoy	2.806
panzer	2.806
pieptoon	2.806
coogan	2.806
ivanov	2.806
omarmd	2.806
brotherhood	2.806
yusef	2.806
bewonderaars	2.806
packer	2.806
gifgas	2.806
tone	2.806
aftiteling	2.806
kopieert	2.806
ongeoorloofde	2.806
geschaduwd	2.806
hersenpan	2.806
skateboarden	2.806
dringender	2.806
fairbanks	2.806
knoxville	2.806
fantomas	2.806
liefdesnestje	2.806
sapphire	2.806
gevogelte	2.806
persoonlijkheidsstoornis	2.806
ativan	2.806
fabrikanten	2.806
jurassic	2.806
begluren	2.806
scones	2.806
vervain	2.806
gowron	2.806
sprankelende	2.806
rozenblaadjes	2.806
alak	2.806
jaarmarkt	2.806
beeldde	2.806
joachim	2.806
diabeet	2.806
acts	2.806
gijsio	2.806
afwerpen	2.806
uberhaupt	2.806
epifanio	2.806
doran	2.806
forceer	2.806
functionerende	2.806
graaien	2.806
inlijsten	2.806
doorvechten	2.806
ti	2.806
inplannen	2.806
baronnen	2.806
hordes	2.806
naarbinnen	2.806
presenteerblaadje	2.806
erwt	2.806
kramer123	2.806
ama	2.806
deler	2.806
doorbijten	2.806
binnenloopt	2.806
soevereine	2.806
man.	2.806
insignes	2.806
geary	2.806
klaplong	2.806
remington	2.806
lestrade	2.806
oliën	2.806
besmeuren	2.806
verweren	2.806
divine	2.806
dispuut	2.806
heparine	2.806
chicks	2.806
strookt	2.806
bilbo	2.806
vanity	2.806
deux	2.806
kerr	2.806
alchemist	2.806
verdom	2.806
neurochirurgie	2.806
rydell	2.806
ingegeven	2.806
kogelwonden	2.806
aanbreekt	2.806
amai	2.806
temujin	2.806
gemolesteerd	2.806
ziedaar	2.806
nederzettingen	2.803
kerven	2.803
redfern	2.803
spionne	2.803
tieren	2.803
brandweerauto	2.803
intubatie	2.803
besnijdenis	2.803
verniel	2.803
geconstateerd	2.803
biedingen	2.803
roodharigen	2.803
ingeroepen	2.803
sofi-nummer	2.803
zadelen	2.803
sponzen	2.803
vaziri	2.803
celblok	2.803
yamato	2.803
ontladen	2.803
omgevingen	2.803
dantes	2.803
phasers	2.803
losbandigheid	2.803
predikt	2.803
behandelkamer	2.803
ultimate	2.803
tegenhoud	2.803
vaderlandsliefde	2.803
onderdruk	2.803
verzegel	2.803
bhuvan	2.803
biechtstoel	2.803
flacon	2.803
rudd	2.803
brainiac	2.803
barrières	2.803
turners	2.803
voller	2.803
staatszaken	2.803
wildcats	2.803
vruchtensap	2.803
kunsthandelaar	2.803
misselijke	2.803
daaropvolgende	2.803
afgezaagde	2.803
limbo	2.803
benoemt	2.803
onderop	2.803
vanilla	2.803
debby	2.803
behendig	2.803
levon	2.803
kwellingen	2.803
adjunct-commissaris	2.803
scorpio	2.803
parachutisten	2.803
fairy	2.803
mariner	2.803
verweet	2.803
grafstenen	2.803
maniakken	2.803
filmmakers	2.803
s.o.s.	2.803
rise	2.803
kwetsbaarder	2.803
bijgelovige	2.803
roerend	2.803
suresh	2.803
boycot	2.803
bibberen	2.803
associates	2.803
palin	2.803
afzichtelijk	2.803
aangelopen	2.803
gewillige	2.803
drusilla	2.803
sportauto	2.803
klam	2.803
violist	2.803
13-jarige	2.803
tio	2.803
trainingspak	2.803
vermomde	2.803
cave	2.803
wegenwacht	2.803
buikgriep	2.803
pentagram	2.803
elektriciteitsnet	2.803
uitsloven	2.803
lasagna	2.803
geldschieters	2.803
jachthond	2.803
sur	2.803
hulpsheriffs	2.803
delano	2.803
dandi	2.803
omroepen	2.803
inhalige	2.803
onaangetast	2.803
ontgrendelen	2.803
butterfield	2.803
homeruns	2.800
alessandro	2.800
weevil	2.800
reddingsvest	2.800
lissa	2.800
fiamma	2.800
pijpte	2.800
beschikte	2.800
mededelingen	2.800
teach	2.800
afwenden	2.800
geknoei	2.800
ridderlijkheid	2.800
combineer	2.800
allerergste	2.800
dondert	2.800
automonteur	2.800
keelpijn	2.800
winterfell	2.800
hoofdletters	2.800
plafonds	2.800
elisha	2.800
abaddon	2.800
vlooienmarkt	2.800
guardo	2.800
adempauze	2.800
ooglapje	2.800
opstelt	2.800
biochemische	2.800
gespeculeerd	2.800
hoyle	2.800
gemobiliseerd	2.800
meetkunde	2.800
bedrieglijke	2.800
torben	2.800
aangevreten	2.800
veredelde	2.800
verhongert	2.800
teenager	2.800
puurheid	2.800
poison	2.800
verspreide	2.800
levensechte	2.800
ovatie	2.800
jakhalzen	2.800
schutting	2.800
jussi	2.800
selderij	2.800
bioscopen	2.800
manifestatie	2.800
agents	2.800
montrose	2.800
krokant	2.800
opruiming	2.800
pai	2.800
zekeringen	2.800
tis	2.800
afsturen	2.800
concludeerde	2.800
ayrton	2.800
dievegge	2.800
nerys	2.800
jakarta	2.800
viezeriken	2.800
konrad	2.800
ontsmettingsmiddel	2.800
bezwaard	2.800
stapleton	2.800
fortuna	2.800
puff	2.800
palo	2.800
thuishaven	2.800
lelijkheid	2.800
giovanna	2.800
clone	2.800
sith	2.800
ontzagwekkend	2.800
raciale	2.800
schurft	2.800
wisteria	2.800
bijstaat	2.800
verhitte	2.800
vigilante	2.800
aanmelding	2.800
stukgemaakt	2.800
slib	2.800
milano	2.800
ondertekening	2.800
wereldreis	2.800
2nd	2.800
xindi	2.800
losliet	2.800
onderhoudend	2.800
veroudering	2.800
p.j.	2.800
kwalificatie	2.800
marineschip	2.800
halford	2.800
oppepper	2.800
arn	2.800
vidal	2.800
hesselboe	2.800
deluxe	2.800
lunchgeld	2.800
schopten	2.800
ondode	2.800
verafschuwen	2.800
flashback	2.800
styx	2.800
s01e04	2.800
koekenpan	2.800
uitzinnig	2.800
glinda	2.800
stortten	2.800
jacksons	2.800
biezen	2.800
malina	2.800
transparantie	2.800
doodle	2.800
femme	2.800
slimmeriken	2.800
bijgevuld	2.800
granaatscherven	2.800
regenten	2.800
hickey	2.800
doornroosje	2.800
doorgebroken	2.800
kelderen	2.800
formidabele	2.800
spinnenwebben	2.800
conlon	2.798
mulholland	2.798
rankin	2.798
noodlottige	2.798
parkes	2.798
zuidwestelijke	2.798
northwest	2.798
banning	2.798
wapensystemen	2.798
nietzscheanen	2.798
a.d.	2.798
trouwfoto	2.798
zenuwslopend	2.798
traden	2.798
stadsjongen	2.798
muziekles	2.798
stand-up	2.798
omg	2.798
emancipatie	2.798
labour	2.798
lovend	2.798
kaleb	2.798
ox	2.798
uitspugen	2.798
spinnenweb	2.798
starsky	2.798
ukkie	2.798
doneert	2.798
brigades	2.798
zekerheden	2.798
midlifecrisis	2.798
beschadig	2.798
00u	2.798
wi	2.798
spookachtig	2.798
compressor	2.798
ingezameld	2.798
communicator	2.798
inhaler	2.798
zozo	2.798
verschanst	2.798
vibratie	2.798
verhuurde	2.798
ontspoorde	2.798
bonst	2.798
tweestrijd	2.798
19-jarige	2.798
ester	2.798
wanted	2.798
kantoorruimte	2.798
oversight	2.798
franken	2.798
albanezen	2.798
metaforisch	2.798
redelijkheid	2.798
costanza	2.798
geraffineerde	2.798
bookmakers	2.798
cheerio	2.798
trojaans	2.798
tijds	2.798
pompeii	2.798
maffioso	2.798
bronze	2.798
imitaties	2.798
ingestoken	2.798
willens	2.798
buurtwacht	2.798
cellenblok	2.798
navajo	2.798
cdrazar	2.798
inleven	2.798
read	2.798
garuda	2.798
vleeseters	2.798
privaat	2.798
kierewiet	2.798
toulouse	2.798
gediplomeerd	2.798
pessimist	2.798
viste	2.798
recycling	2.798
bataljons	2.798
jdw	2.798
thank	2.798
stanhope	2.798
freakshow	2.798
lorenz	2.798
snuf	2.798
filmfestival	2.798
yah	2.798
zwijnenstal	2.798
transit	2.798
zelfverzekerde	2.798
lucian	2.798
aerobics	2.798
verkochte	2.798
versteend	2.798
naamwoord	2.798
silence	2.798
afstotelijk	2.798
manta	2.798
cragen	2.798
ystad	2.798
financiers	2.798
orry	2.798
morrissey	2.798
deer	2.798
nintendo	2.798
mord-sith	2.798
binnendoor	2.798
waarschuwden	2.798
uitgereikt	2.798
stonehenge	2.798
frannie	2.798
kinsella	2.798
rietjes	2.798
aanmatigend	2.798
sandstorm	2.798
triton	2.798
media-aandacht	2.795
afbrandde	2.795
plains	2.795
wegvluchten	2.795
turnen	2.795
academici	2.795
hakmes	2.795
tafelkleed	2.795
generators	2.795
mitsuko	2.795
uitzendbureau	2.795
sacks	2.795
verwisselt	2.795
knapperige	2.795
smerigheid	2.795
wachtruimte	2.795
ouch	2.795
tijdrekken	2.795
marlin	2.795
bologna	2.795
accepteerden	2.795
knor	2.795
spuwt	2.795
usc	2.795
geografisch	2.795
vrijgepleit	2.795
whitlock	2.795
gistermorgen	2.795
afweergeschut	2.795
halfnaakte	2.795
pierson	2.795
turf	2.795
kijf	2.795
trefpunt	2.795
blackpool	2.795
brandstoffen	2.795
gekruid	2.795
geïnstrueerd	2.795
idee.	2.795
bosbrand	2.795
componeren	2.795
verst	2.795
tegel	2.795
mikmak	2.795
onuitgenodigd	2.795
gower	2.795
deckard	2.795
referendum	2.795
effectenmakelaar	2.795
bankrovers	2.795
spookachtige	2.795
tegengaan	2.795
infarct	2.795
hua	2.795
fratsen	2.795
zuidzee	2.795
torrance	2.795
waaier	2.795
glasvezel	2.795
meelijwekkend	2.795
gebeterd	2.795
eindstreep	2.795
bewusteloze	2.795
trant	2.795
tancredi	2.795
dumbo	2.795
gerrard	2.795
pensioenen	2.795
drek	2.795
callaway	2.795
hadji	2.795
onderstreept	2.795
motoriek	2.795
afgepeigerd	2.795
dome	2.795
mcmahon	2.795
komediant	2.795
b-29	2.795
klampt	2.795
assisteer	2.795
response	2.795
automobilist	2.795
robins	2.795
fotografe	2.795
kwalen	2.795
vergrendeling	2.795
satellietfoto	2.795
coupon	2.795
buiken	2.795
neverland	2.795
othello	2.795
werkvergunning	2.795
knol	2.795
gita	2.795
modderig	2.795
speelkwartier	2.795
mackie	2.795
aangebeld	2.795
asgards	2.795
god.	2.795
boekdelen	2.795
aardverschuiving	2.795
onderzoekscentrum	2.795
toestemmen	2.795
alamein	2.795
overgevlogen	2.795
berenson	2.795
eerbiedwaardige	2.795
bau	2.795
aangegrepen	2.795
mollari	2.795
taro	2.792
riddick	2.792
bangladesh	2.792
s01e01	2.792
blokkades	2.792
stadsbestuur	2.792
schede	2.792
koelsysteem	2.792
lagerhuis	2.792
rolden	2.792
farik	2.792
pauly	2.792
oudoom	2.792
galop	2.792
theetijd	2.792
oorringen	2.792
moleculair	2.792
whole	2.792
sterrenbeelden	2.792
gresham	2.792
gull	2.792
pollard	2.792
bijtende	2.792
wieltjes	2.792
tastbare	2.792
onmenselijke	2.792
pretzel	2.792
tegenhanger	2.792
rana	2.792
talkpoeder	2.792
onafhankelijkheidsdag	2.792
miramar	2.792
rillen	2.792
checklist	2.792
ongedekte	2.792
color	2.792
federalen	2.792
ondersteunde	2.792
oneerlijkheid	2.792
vertrouwelingen	2.792
pull	2.792
geloofwaardiger	2.792
geroofd	2.792
skunk	2.792
ontstemd	2.792
klip	2.792
afzeiken	2.792
dwaalde	2.792
biet	2.792
aardewerk	2.792
pees	2.792
peettante	2.792
uitgerekt	2.792
thawne	2.792
textuur	2.792
dachtje	2.792
africa	2.792
jackane	2.792
akoestiek	2.792
aangeschaft	2.792
hellcats	2.792
hezbollah	2.792
butterfly	2.792
aanbranden	2.792
statuut	2.792
dizzy	2.792
starter	2.792
kaper	2.792
hektor	2.792
westlake	2.792
caddie	2.792
dictators	2.792
verkleedde	2.792
perioden	2.792
rekenschap	2.792
meedraagt	2.792
judo	2.792
jachten	2.792
versmelten	2.792
curve	2.792
bonnet	2.792
woedde	2.792
rattenvanger	2.792
pegels	2.792
revue	2.792
sloven	2.792
reorganiseren	2.792
modem	2.792
pretentieuze	2.792
inspannen	2.792
onderschep	2.792
io	2.792
eiersalade	2.792
akron	2.792
leidner	2.792
bedwongen	2.792
gesnoven	2.792
cirkelt	2.792
hersenweefsel	2.792
snikken	2.792
vermeed	2.792
duizendpoot	2.792
hoofdman	2.792
viggo	2.792
arrangement	2.792
maarjij	2.792
treadwell	2.792
looks	2.792
lifters	2.792
perth	2.792
entourage	2.792
gemoederen	2.792
afro-amerikanen	2.792
kink	2.792
gezichtsuitdrukking	2.792
cia-agent	2.792
zoekteam	2.792
hemelpoort	2.792
witten	2.792
narcistisch	2.792
geagiteerd	2.792
vrouwelijkheid	2.792
nobu	2.792
aceton	2.792
inferieure	2.790
opstap	2.790
railly	2.790
uitgehouden	2.790
uday	2.790
verjaardags	2.790
jarl	2.790
lintjes	2.790
onderschepping	2.790
chemical	2.790
matador	2.790
daniella	2.790
dansavond	2.790
vegetariërs	2.790
ingekort	2.790
topprioriteit	2.790
opoffert	2.790
amfibieën	2.790
all-in	2.790
strandwacht	2.790
manon	2.790
zesjarige	2.790
toesta	2.790
ontneem	2.790
inventarisatie	2.790
kapsels	2.790
schietincident	2.790
doctrine	2.790
joyner	2.790
bewapen	2.790
forster	2.790
ruimschoots	2.790
veil	2.790
openlijke	2.790
handhaving	2.790
ratelslangen	2.790
marokkaanse	2.790
salerno	2.790
produceer	2.790
mongolië	2.790
eenvoudigs	2.790
toegewenst	2.790
elektroden	2.790
snuiten	2.790
arbeidsbureau	2.790
doomsday	2.790
mcdowell	2.790
uitroepen	2.790
doorsneed	2.790
serrano	2.790
kinderboek	2.790
gunderson	2.790
prijzig	2.790
killing	2.790
levenslust	2.790
cinco	2.790
sommers	2.790
huwelijksverjaardag	2.790
degas	2.790
akers	2.790
neveneffecten	2.790
tuiten	2.790
acupunctuur	2.790
bacillen	2.790
schatte	2.790
danger	2.790
vrijdagmiddag	2.790
whitfield	2.790
bestelden	2.790
ferb	2.790
hyah	2.790
figueroa	2.790
krim	2.790
balanceren	2.790
boekhouden	2.790
krijgsmacht	2.790
breekijzer	2.790
opriep	2.790
kruse	2.790
deejay	2.790
kundig	2.790
keizerlijk	2.790
sinus	2.790
mutte	2.790
westwood	2.790
opdraag	2.790
uitkom	2.790
nokken	2.790
cosgrove	2.790
doorboort	2.790
voorbijganger	2.790
onconventioneel	2.790
gestript	2.790
snorharen	2.790
uitroken	2.790
journalistieke	2.790
magnetisme	2.790
opvouwen	2.790
marquis	2.790
hennep	2.790
alvarado	2.790
mitrailleurs	2.790
nou.	2.790
sharks	2.790
easton	2.790
slanker	2.790
compenseert	2.790
vrachtruim	2.790
fanatici	2.790
bedrukt	2.787
zuidoost-azië	2.787
gedachtegang	2.787
afvuurde	2.787
hapert	2.787
frigide	2.787
gegeseld	2.787
h.r.	2.787
troels	2.787
véél	2.787
bikers	2.787
quaker	2.787
moker	2.787
doorhebt	2.787
draco	2.787
zuurstofgebrek	2.787
skeeter	2.787
vriendelijkste	2.787
buttons	2.787
lokaliseer	2.787
s01e05	2.787
colossus	2.787
federico	2.787
bespreekbaar	2.787
verduisterde	2.787
greenleaf	2.787
culpepper	2.787
vuurden	2.787
achtig	2.787
odile	2.787
fotografeert	2.787
hocus	2.787
quasimodo	2.787
pulsen	2.787
tiplijn	2.787
verkeerslichten	2.787
knipoogde	2.787
miro	2.787
passagiersstoel	2.787
elite-eenheid	2.787
skypen	2.787
spookverhaal	2.787
ongerepte	2.787
massagraf	2.787
ontoerekeningsvatbaarheid	2.787
diggle	2.787
oeganda	2.787
mortier	2.787
instapte	2.787
bemande	2.787
socialisten	2.787
bottom	2.787
voorgrond	2.787
sneetjes	2.787
tibbs	2.787
bekir	2.787
medeburgers	2.787
sikes	2.787
kersey	2.787
ein	2.787
diazepam	2.787
14th	2.787
blessures	2.787
beslaan	2.787
baten	2.787
trips	2.787
solliciteerde	2.787
jaymes	2.787
diertje	2.787
trektocht	2.787
aristocraat	2.787
5de	2.787
doneer	2.787
lattimer	2.787
uitgeprint	2.787
boyer	2.787
zagerij	2.787
snowii	2.787
minimaliseren	2.787
dumpten	2.787
huissleutel	2.787
wondermiddel	2.787
closer	2.787
onbevestigde	2.787
centurion	2.787
braga	2.787
erkentelijk	2.787
verhef	2.787
th	2.787
came	2.787
ontgroeid	2.787
hump	2.787
onoverwinnelijke	2.787
celibaat	2.787
verbruik	2.787
raceauto	2.787
meegeholpen	2.787
zielenpoot	2.787
ferme	2.787
miracle	2.787
u2	2.787
maclaren	2.787
nguyen	2.787
nok	2.787
montenegro	2.787
prophet	2.787
niners	2.787
earle	2.787
uitdrijven	2.787
lieberman	2.787
dingo	2.787
spermabank	2.787
retriever	2.787
benz	2.787
poepje	2.787
bast	2.784
noteert	2.784
reglementen	2.784
dias	2.784
kwalificeren	2.784
gewiekst	2.784
elektrolyten	2.784
onuitgesproken	2.784
zuilen	2.784
satijn	2.784
gunde	2.784
karly	2.784
muziekindustrie	2.784
houthakkers	2.784
cooley	2.784
isolement	2.784
uithangbord	2.784
oogbal	2.784
stellig	2.784
ig	2.784
eriksen	2.784
valselijk	2.784
shinwell	2.784
personal	2.784
overstap	2.784
demetrius	2.784
hoofdband	2.784
hartklep	2.784
kuiltjes	2.784
verwelken	2.784
maanlanding	2.784
laudanum	2.784
sword	2.784
tora	2.784
achterneef	2.784
ritalin	2.784
vredesakkoord	2.784
brainstormen	2.784
kleuterklas	2.784
hê	2.784
laks	2.784
nimah	2.784
karweitjes	2.784
danswedstrijd	2.784
teruggaf	2.784
wreek	2.784
geterroriseerd	2.784
leuter	2.784
stapelbed	2.784
fysiologische	2.784
gefikst	2.784
roekeloosheid	2.784
sojasaus	2.784
onheilspellende	2.784
miami-dade	2.784
computerprogramma	2.784
dimensionale	2.784
carruthers	2.784
killers	2.784
tijdverlies	2.784
alive	2.784
strengste	2.784
fysiotherapeut	2.784
weerzinwekkende	2.784
verover	2.784
plakjes	2.784
schijnbeweging	2.784
potentiele	2.784
zonnewende	2.784
afwerking	2.784
able	2.784
k.c.	2.784
middenweg	2.784
afghanen	2.784
doorstond	2.784
slingers	2.784
vergallen	2.784
ongeïdentificeerde	2.784
universe	2.784
shade	2.784
schoenafdrukken	2.784
gezette	2.784
druiloor	2.784
paddenstoel	2.784
acres	2.784
sant	2.784
kruier	2.784
zomerdag	2.784
oasis	2.784
orin	2.784
kerstvakantie	2.784
hoornvlies	2.784
snakken	2.784
klaver	2.784
helderzienden	2.784
verduidelijking	2.784
mayflower	2.784
goodbye	2.784
bevuilen	2.784
spaghettivreter	2.784
doorsnede	2.784
boorde	2.784
malek	2.784
gelijmd	2.784
kindertehuis	2.784
legitimatiebewijs	2.784
moedertaal	2.784
redford	2.784
besteelt	2.784
darkone	2.784
dienares	2.784
lead	2.784
vredelievende	2.784
lilian	2.784
taveerne	2.784
commandeert	2.784
waterbed	2.784
mardle	2.784
fringe	2.784
obsessies	2.784
vitrine	2.784
dorothea	2.784
bijbenen	2.784
emo	2.784
opkijkt	2.784
barvrouw	2.784
hetzij	2.784
gigant	2.784
baptist	2.781
afgaand	2.781
18-jarige	2.781
leenheer	2.781
stompe	2.781
voyage	2.781
being	2.781
gunner	2.781
weest	2.781
pom	2.781
kwarts	2.781
massive	2.781
tollen	2.781
tarantula	2.781
vrolijkt	2.781
opraakt	2.781
ondergewaardeerd	2.781
fotogeniek	2.781
woodley	2.781
ingetogen	2.781
kissinger	2.781
sleutelen	2.781
notitieblok	2.781
laar	2.781
voorbehouden	2.781
gamble	2.781
messteken	2.781
algoritmes	2.781
uitputten	2.781
binnenvielen	2.781
suède	2.781
aluminiumfolie	2.781
sunrise	2.781
zale	2.781
galilea	2.781
afgescheiden	2.781
fransisco	2.781
claudine	2.781
reuma	2.781
sodium	2.781
valken	2.781
toesloeg	2.781
samenwoont	2.781
overrompelen	2.781
fabriceren	2.781
luitenanten	2.781
noord-amerikaanse	2.781
charmeren	2.781
ortho	2.781
waiting	2.781
lim	2.781
gemept	2.781
geluksgetal	2.781
falende	2.781
judea	2.781
par	2.781
schelpdieren	2.781
benarde	2.781
mokka	2.781
silent	2.781
cks	2.781
pootie	2.781
adoptiebureau	2.781
paramount	2.781
allegra	2.781
eéntje	2.781
afkoelt	2.781
trapper	2.781
pitstop	2.781
dunkt	2.781
bijgesteld	2.781
oprichters	2.781
stripverhaal	2.781
laredo	2.781
juweliers	2.781
norad	2.781
terror	2.781
hygiënisch	2.781
bankovervallen	2.781
profetieën	2.781
kaarsje	2.781
faust	2.781
jimmie	2.781
pocus	2.781
hanoi	2.781
opdoeken	2.781
uienringen	2.781
saffron	2.781
buldog	2.781
druivensap	2.781
omvalt	2.781
jamaicaanse	2.781
aandrang	2.781
zeilde	2.781
stavros	2.781
defense	2.781
verschroeid	2.781
rumoer	2.781
mcginty	2.781
wachtpost	2.781
mears	2.781
janneman	2.781
erectus	2.781
dry	2.781
stilliggen	2.781
armadillo	2.781
passé	2.781
amar	2.781
bosley	2.781
jenn	2.781
muizenval	2.781
boerenjongen	2.781
rojas	2.781
fregat	2.781
usher	2.781
dekbed	2.781
karachi	2.781
gedenkwaardig	2.781
bovengronds	2.781
en-	2.779
congresman	2.779
publiciteitsstunt	2.779
onrein	2.779
belson	2.779
koersen	2.779
wrikken	2.779
voltooiing	2.779
raja	2.779
betogen	2.779
druipen	2.779
dorpjes	2.779
kraamafdeling	2.779
stulpje	2.779
assortiment	2.779
militante	2.779
collingwood	2.779
ontelbaar	2.779
fryer	2.779
lanceerplatform	2.779
melkwegen	2.779
loeb	2.779
wás	2.779
aanschuiven	2.779
miezerig	2.779
brouwen	2.779
prenatale	2.779
kunststof	2.779
oorlogsveteraan	2.779
buitenbeentjes	2.779
beto	2.779
scenes	2.779
omkomt	2.779
polls	2.779
corwin	2.779
uitlaatgassen	2.779
depp	2.779
bettina	2.779
parr	2.779
soong	2.779
ampullen	2.779
openbaarheid	2.779
geweven	2.779
ruimtereizen	2.779
gesteldheid	2.779
kovacs	2.779
opklimmen	2.779
mengde	2.779
ritselen	2.779
pelikaan	2.779
puinzooi	2.779
s01e02	2.779
vergooi	2.779
geldzaken	2.779
versnellingen	2.779
honderdjes	2.779
darten	2.779
hangslot	2.779
bochel	2.779
voorzover	2.779
naaimachine	2.779
uitroepteken	2.779
cadeaubon	2.779
myspace	2.779
belevenis	2.779
geek	2.779
tammi	2.779
stimulerende	2.779
gaspard	2.779
noordzijde	2.779
amarillo	2.779
holtz	2.779
bekleden	2.779
lannisters	2.779
opbelde	2.779
beam	2.779
dawg	2.779
processie	2.779
ivana	2.779
hume	2.779
lastigviel	2.779
publicaties	2.779
verkleind	2.779
omgedaan	2.779
indiende	2.779
ontwenningsverschijnselen	2.779
onderbezet	2.779
wai	2.779
akbar	2.779
mm-mm	2.779
musketten	2.779
kerkelijke	2.779
toenmalige	2.779
raw	2.779
tegenpolen	2.779
wiener	2.779
gert	2.779
verwaarloost	2.779
firefly	2.779
rafferty	2.779
eat	2.779
alisha	2.779
parry	2.779
vechtpartijen	2.779
irriteerde	2.779
inlicht	2.779
limieten	2.779
jodendom	2.779
sacrament	2.779
kinderboerderij	2.779
alcoholiste	2.779
parasol	2.779
verrijzenis	2.779
geestesziek	2.779
muldoon	2.779
kuip	2.779
winnend	2.779
felice	2.779
bring	2.779
kayo	2.779
vettige	2.779
m.o.	2.779
bevecht	2.779
boekhouders	2.779
bjarne	2.779
boleyn	2.779
aangeworven	2.779
geschaafd	2.779
pancreas	2.779
scudder	2.779
burgerplicht	2.776
beefde	2.776
bouvier	2.776
stadjes	2.776
aandrong	2.776
bedriegende	2.776
telefoonseks	2.776
elchamps	2.776
smoothies	2.776
legend	2.776
bleu	2.776
excellente	2.776
parmezaanse	2.776
impulsvermogen	2.776
uitreiken	2.776
zuipt	2.776
kingman	2.776
nesbitt	2.776
misvatting	2.776
omstreeks	2.776
skinheads	2.776
scheldt	2.776
diamonds	2.776
smack	2.776
tandloos	2.776
tabel	2.776
bonkt	2.776
overgezet	2.776
fifty-fifty	2.776
zuiverste	2.776
kongo	2.776
laterale	2.776
boemerang	2.776
spotter	2.776
kookkunsten	2.776
boars	2.776
feministe	2.776
excelsior	2.776
gekrijs	2.776
geavanceerder	2.776
romain	2.776
cayman	2.776
kerstcadeautje	2.776
anspaugh	2.776
guapo	2.776
mami	2.776
atom	2.776
amigos	2.776
yum	2.776
filmploeg	2.776
gebedje	2.776
gijzelt	2.776
huurmoord	2.776
dreyfus	2.776
isotopen	2.776
vergde	2.776
hobie	2.776
lindbergh	2.776
wreedste	2.776
spyware	2.776
armenhuis	2.776
inheems	2.776
vrachtschepen	2.776
buste	2.776
vingernagel	2.776
vrijgezellenavond	2.776
inverness	2.776
canary	2.776
greco	2.776
zeilt	2.776
lerarenkamer	2.776
rothschild	2.776
spalk	2.776
camillo	2.776
afgewassen	2.776
fog	2.776
seb	2.776
verwerkte	2.776
makkelijkere	2.776
demelza	2.776
upgraden	2.776
hate	2.776
kloosters	2.776
lie	2.776
golft	2.776
domineert	2.776
mahjong	2.776
bleekjes	2.776
restaurantje	2.776
overrijden	2.776
gezondheids	2.776
acte	2.776
klandizie	2.776
gebruikmaken	2.776
teruggave	2.776
borstholte	2.776
abnormaals	2.776
slijt	2.776
attributen	2.776
stirling	2.776
lives	2.776
snowboarden	2.776
burgerslachtoffers	2.776
beëindiging	2.776
wierpen	2.776
piemels	2.776
geïnspecteerd	2.776
urgente	2.776
midden-amerika	2.776
zinkend	2.776
hollanders	2.776
wegrot	2.776
maagdelijk	2.776
weglokken	2.776
olympic	2.776
leticia	2.776
abuddin	2.776
heidens	2.776
charmaine	2.776
transseksueel	2.776
kingsbridge	2.776
cristo	2.776
bwana	2.776
stand-in	2.776
ontduiken	2.776
roestvrij	2.776
verslappen	2.776
applaudisseren	2.776
interessantste	2.776
geneve	2.776
prominent	2.776
normaals	2.776
behaard	2.776
geraamte	2.776
meevalt	2.773
chileense	2.773
jeeps	2.773
odum	2.773
oplage	2.773
uitmoorden	2.773
ingegooid	2.773
tegenzit	2.773
oostenrijkers	2.773
tekorten	2.773
wellustige	2.773
chatham	2.773
wèl	2.773
loc	2.773
gepleit	2.773
dhr.	2.773
scotts	2.773
verpulveren	2.773
everyone	2.773
solveig	2.773
heersten	2.773
leedvermaak	2.773
vaderlijke	2.773
halfuurtje	2.773
onbemand	2.773
stroomvoorziening	2.773
jaguars	2.773
younger	2.773
trout	2.773
shredder	2.773
because	2.773
arno	2.773
geëvalueerd	2.773
campbells	2.773
carne	2.773
verdedigings	2.773
bevordering	2.773
medicine	2.773
springende	2.773
rechterzijde	2.773
goering	2.773
bratva	2.773
pathetisch	2.773
hanlon	2.773
shadowhunters	2.773
mirror	2.773
voorrechten	2.773
aanstootgevend	2.773
genodigden	2.773
gurney	2.773
kidman	2.773
10k	2.773
vloeide	2.773
dinar	2.773
heisenberg	2.773
oni	2.773
production	2.773
chocoladereep	2.773
onderhield	2.773
absint	2.773
aldridge	2.773
supporter	2.773
levenscyclus	2.773
schoolwerk	2.773
verpletterend	2.773
maryann	2.773
mailer	2.773
opstijgt	2.773
théo	2.773
neck	2.773
cellulaire	2.773
behaarde	2.773
merchant	2.773
zuiging	2.773
puf	2.773
nt	2.773
brandweerwagen	2.773
hyatt	2.773
zelfhaat	2.773
ruimte-tijd	2.773
geluidje	2.773
rotgevoel	2.773
barrier	2.773
arlen	2.773
jiro	2.773
yellowknife	2.773
naamloos	2.773
vervangend	2.773
moeilijkheid	2.773
oorden	2.773
ariërs	2.773
hoofdwonden	2.773
instapt	2.773
does	2.773
close-ups	2.773
cbc	2.773
escalatie	2.773
bale	2.773
fiscaal	2.773
synth	2.773
fries	2.773
achteloos	2.773
langsgeweest	2.773
flashbacks	2.773
pronto	2.773
bff	2.773
onafgebroken	2.773
al-qaida	2.773
bestelauto	2.773
dolittle	2.773
dg	2.773
vertroebelt	2.773
strooi	2.773
dertiger	2.773
warpreactor	2.773
claw	2.773
takje	2.773
vrijgezellenfeestje	2.773
opvoedde	2.773
gelukzaligheid	2.773
personeelslid	2.773
danes	2.773
polka	2.773
knuffelbeer	2.773
brunson	2.770
tarek	2.770
gremlin	2.770
leegbloeden	2.770
ashworth	2.770
turell	2.770
gestoomde	2.770
plakkerige	2.770
gehesen	2.770
borduren	2.770
bloempje	2.770
kostwinner	2.770
bergbeklimmen	2.770
onopvallende	2.770
omdatje	2.770
voetganger	2.770
vermoedden	2.770
wilgen	2.770
goemon	2.770
etende	2.770
werkrelatie	2.770
rosé	2.770
ri	2.770
etappe	2.770
aansturen	2.770
spartaanse	2.770
regelaar	2.770
slokjes	2.770
operatiezaal	2.770
positieven	2.770
arafat	2.770
emory	2.770
belastingvrij	2.770
leeggezogen	2.770
provo	2.770
resonantie	2.770
inzittenden	2.770
mohamed	2.770
carry	2.770
steakhouse	2.770
ervanaf	2.770
fagin	2.770
beleefdheden	2.770
verijdelen	2.770
lieveheersbeestje	2.770
bankkluis	2.770
mossel	2.770
croupier	2.770
lader	2.770
wolcott	2.770
pezzini	2.770
optrok	2.770
inrukken	2.770
inenting	2.770
giordano	2.770
sari	2.770
ongewild	2.770
onbetwiste	2.770
newsweek	2.770
babes	2.770
pesterijen	2.770
diagnoses	2.770
spookverhalen	2.770
bekendmaking	2.770
makeup	2.770
blablabla	2.770
cachot	2.770
bedrust	2.770
essays	2.770
zorgeloze	2.770
afstapje	2.770
transporters	2.770
nachtploeg	2.770
helderen	2.770
burzynski	2.770
plantaardig	2.770
teren	2.770
tweeënhalve	2.770
jase	2.770
bombardeerden	2.770
weggeglipt	2.770
statusrapport	2.770
schijnheilig	2.770
bloedlichaampjes	2.770
bateman	2.770
knoopje	2.770
missionarissen	2.770
luxueuze	2.770
ingelijfd	2.770
cerebrale	2.770
impliceren	2.770
molecuul	2.770
herrinner	2.770
40e	2.770
reddick	2.770
their	2.770
stuurwiel	2.770
danke	2.770
caramel	2.770
wiedersehen	2.770
verkassen	2.770
wachtposten	2.770
lasky	2.770
megaton	2.770
servalan	2.770
herot	2.770
opgeklommen	2.770
claybourne	2.770
vijfenveertig	2.770
epicentrum	2.770
klaarspelen	2.770
zatoichi	2.770
geslijm	2.770
selfridges	2.770
thebe	2.770
cersei	2.770
googelen	2.767
fruitmand	2.767
nakie	2.767
bendeleider	2.767
voelbaar	2.767
rochefort	2.767
enkeling	2.767
vermorzel	2.767
aguilar	2.767
tylers	2.767
gunter	2.767
gebreid	2.767
gegoogled	2.767
robb	2.767
heuse	2.767
barista	2.767
achternamen	2.767
autoweg	2.767
lore	2.767
floor	2.767
isn	2.767
meerminnen	2.767
verhandeling	2.767
edgehill	2.767
geluidsoverlast	2.767
promoot	2.767
culper	2.767
hardvochtig	2.767
kerstmannen	2.767
graafschap	2.767
primo	2.767
brandplekken	2.767
gevechts	2.767
grievous	2.767
racet	2.767
rudnick	2.767
krenkt	2.767
gemikt	2.767
rance	2.767
overstijgen	2.767
snapten	2.767
verzaken	2.767
kwaak	2.767
mariano	2.767
arabella	2.767
troostte	2.767
overdraagt	2.767
uiteten	2.767
elanden	2.767
wiskundeleraar	2.767
effects	2.767
garnett	2.767
druiper	2.767
huidkanker	2.767
terugkijkt	2.767
barbier	2.767
dichtnaaien	2.767
flauwvalt	2.767
poelen	2.767
cfo	2.767
nathans	2.767
v.c.	2.767
tobben	2.767
schele	2.767
grimmig	2.767
zhu	2.767
vindplaats	2.767
tegenspreekt	2.767
mea	2.767
trevelyan	2.767
boerenmarkt	2.767
dagopvang	2.767
voorspelbare	2.767
onbevoegde	2.767
kleinigheden	2.767
brockman	2.767
weergegeven	2.767
independence	2.767
piepte	2.767
diaries	2.767
vergadert	2.767
lekkernij	2.767
beestachtig	2.767
carbon	2.767
verwoord	2.767
terechte	2.767
partikels	2.767
hemoglobine	2.767
west-europa	2.767
geruisloos	2.767
overgeef	2.767
cybermen	2.767
straathond	2.767
analyseerde	2.767
haute	2.767
versnellingsbak	2.767
transcript	2.767
ariana	2.767
geïntegreerd	2.767
ng	2.767
gebruiksaanwijzing	2.767
heiligste	2.767
uitdraai	2.767
dembe	2.767
commisaris	2.767
exponentieel	2.767
alva	2.767
outlaw	2.767
koraalriffen	2.767
robuust	2.767
ondervoeding	2.767
charismatisch	2.767
talon	2.767
kruitresten	2.767
dutjes	2.767
identificeerden	2.767
glibberige	2.767
sopraan	2.767
boeddhisme	2.767
bijtjes	2.767
laure	2.767
ongelooflijks	2.767
honderdste	2.767
ongeplande	2.767
kokhalzen	2.767
grafisch	2.767
pikkie	2.767
politiestaat	2.767
ergerlijk	2.767
ame	2.767
gewichtheffen	2.767
schandpaal	2.767
zaakwaarnemer	2.767
iglo	2.767
asperger	2.767
negentiende	2.767
wheaton	2.767
alfalfa	2.767
eremedaille	2.767
beats	2.767
witness	2.767
rama	2.767
veldhospitaal	2.767
avonturiers	2.767
misdraagt	2.767
infrarode	2.767
jaap	2.767
quarter	2.767
parkers	2.767
politiewagens	2.764
safehouse	2.764
terugbelde	2.764
glendale	2.764
caterina	2.764
contributie	2.764
schaft	2.764
thuiskwamen	2.764
ongeschikte	2.764
verjaardagskaart	2.764
sidorov	2.764
humaan	2.764
opgaven	2.764
rondbazuinen	2.764
boeking	2.764
verloskamer	2.764
roadie	2.764
embolie	2.764
idealisme	2.764
sloperij	2.764
knipogen	2.764
minerva	2.764
teruggekeerden	2.764
naval	2.764
marni	2.764
behulpzame	2.764
klaas	2.764
hitsige	2.764
somerset	2.764
mormoon	2.764
subtitle	2.764
nygma	2.764
nietszeggende	2.764
sciuto	2.764
verwezenlijkt	2.764
gestrekt	2.764
uitstrekken	2.764
chegwidden	2.764
walkie-talkie	2.764
colada	2.764
voltrekken	2.764
calderon	2.764
geconsumeerd	2.764
kalmpjes	2.764
watertank	2.764
rijbewijzen	2.764
adhd	2.764
onderkruiper	2.764
priorij	2.764
zeepokken	2.764
membraan	2.764
zendtijd	2.764
onbreekbaar	2.764
collecte	2.764
berm	2.764
kaartenhuis	2.764
onbegrepen	2.764
eben	2.764
wijzelf	2.764
inlassen	2.764
sculptuur	2.764
drugssmokkel	2.764
bitterman	2.764
stalknecht	2.764
affiche	2.764
vision	2.764
mmmm	2.764
moordslachtoffer	2.764
papierwinkel	2.764
kirkman	2.764
kamertemperatuur	2.764
liegbeest	2.764
leda	2.764
mckee	2.764
trouwringen	2.764
aansteller	2.764
dubbelspion	2.764
staatshoofd	2.764
kapmes	2.764
boetiek	2.764
controleposten	2.764
rijexamen	2.764
balsem	2.764
verschoon	2.764
woelen	2.764
bougies	2.764
projecteert	2.764
plet	2.764
blootgeven	2.764
beeman	2.764
voorloper	2.764
porky	2.764
terugtrek	2.764
toernooien	2.764
destroyers	2.764
nts	2.764
orthodoxe	2.764
chong	2.764
scotia	2.764
gerimpeld	2.764
genii	2.764
praalwagen	2.764
roodgloeiend	2.764
kapitalistische	2.764
reikwijdte	2.764
evi	2.764
bretagne	2.764
django	2.764
edwina	2.764
geenszins	2.764
stoelgang	2.764
programmeurs	2.764
haartjes	2.764
reddingswerkers	2.764
piesen	2.764
slons	2.764
salontafel	2.764
overgewaardeerd	2.764
damnit	2.764
verheft	2.764
assen	2.764
bryn	2.764
huisbezoeken	2.764
hulpbronnen	2.764
ongelijke	2.764
kompres	2.764
sodawater	2.764
lace	2.764
ch	2.764
blink	2.764
schoorstenen	2.761
any	2.761
goblins	2.761
striker	2.761
verwondering	2.761
gerief	2.761
woodruff	2.761
mozzarella	2.761
vasthielden	2.761
brult	2.761
prijst	2.761
hms	2.761
attica	2.761
nassar	2.761
noreen	2.761
plum	2.761
bisdom	2.761
snuisterijen	2.761
bondig	2.761
snuffelde	2.761
knooppunt	2.761
indie	2.761
rocha	2.761
opgekocht	2.761
mcconnell	2.761
sakura	2.761
chroesjtsjov	2.761
linn	2.761
hoffa	2.761
kernbommen	2.761
rowland	2.761
annex	2.761
vervormen	2.761
dienste	2.761
salle	2.761
bullard	2.761
boeing	2.761
ijsmachine	2.761
9de	2.761
osmond	2.761
geautoriseerd	2.761
overkom	2.761
opkikkertje	2.761
liefdeslied	2.761
uitsluiting	2.761
rammer	2.761
gerangschikt	2.761
opzitten	2.761
coca	2.761
rdw	2.761
verijdeld	2.761
sebastien	2.761
gematigde	2.761
tb	2.761
sabbatical	2.761
verleider	2.761
opgefrist	2.761
wijdt	2.761
24ste	2.761
alie	2.761
ballade	2.761
enquête	2.761
sleeptouw	2.761
centrales	2.761
opblaasbare	2.761
paniekerig	2.761
waarborg	2.761
vastzaten	2.761
hoofdtelefoon	2.761
spijbelde	2.761
machu	2.761
walgde	2.761
lel	2.761
gereten	2.761
antistoffen	2.761
keizersnee	2.761
verschijningen	2.761
ancient	2.761
masten	2.761
betaalbare	2.761
stomkoppen	2.761
collette	2.761
bepaling	2.761
sanne	2.761
civic	2.761
fantastic	2.761
opstanden	2.761
smoezen	2.761
kleurling	2.761
bimbo	2.761
noodstroom	2.761
bijkletsen	2.761
noormannen	2.761
carpoolen	2.761
cassettes	2.761
raspoetin	2.761
bloemenwinkel	2.761
matlock	2.761
queenie	2.761
bluff	2.761
illustere	2.761
winderige	2.761
ijzerwinkel	2.761
pants	2.761
kamikaze	2.761
mensensmokkel	2.761
8th	2.761
premiere	2.761
beleggers	2.761
rockies	2.761
eerlijkste	2.761
versperd	2.761
reproduceren	2.761
beproeven	2.761
bankieren	2.761
geruis	2.761
terugneemt	2.761
voorlees	2.761
voorgevel	2.761
ellendelingen	2.761
hersenchirurg	2.761
kruiswoordpuzzels	2.761
gilliam	2.761
schaderapport	2.761
krachtpatser	2.758
ontvoer	2.758
slaapje	2.758
spatel	2.758
gedecodeerd	2.758
jammen	2.758
mitzi	2.758
kwaads	2.758
brei	2.758
madagascar	2.758
bemoeilijkt	2.758
goedmaakt	2.758
orben	2.758
veiligheidscamera	2.758
krop	2.758
oorlogsmachine	2.758
nyada	2.758
aanbouw	2.758
adonis	2.758
zijspoor	2.758
bekeerde	2.758
opvangcentrum	2.758
ahmadi	2.758
clegg	2.758
subtiliteit	2.758
trapje	2.758
perken	2.758
ganzel	2.758
hanen	2.758
onderbemand	2.758
flagg	2.758
dogg	2.758
flaherty	2.758
figurant	2.758
loops	2.758
dare	2.758
bestrijken	2.758
mcfadden	2.758
hodor	2.758
behield	2.758
ghul	2.758
ongenode	2.758
portefeuilles	2.758
profileren	2.758
bijproduct	2.758
kafka	2.758
dollhouse	2.758
millar	2.758
humane	2.758
polymeer	2.758
gepensioneerden	2.758
garrick	2.758
pocahontas	2.758
liberace	2.758
thora	2.758
grammofoon	2.758
stakingen	2.758
theis	2.758
hexenbiest	2.758
statief	2.758
27e	2.758
liars	2.758
samensmelten	2.758
nachtpon	2.758
riva	2.758
pizzabezorger	2.758
sevilla	2.758
yamamoto	2.758
evenwel	2.758
letterman	2.758
identiteitsdiefstal	2.758
gemeenteraadslid	2.758
meevoeren	2.758
verreweg	2.758
legergroep	2.758
jerrycan	2.758
gespiekt	2.758
guan	2.758
jaloersheid	2.758
kappers	2.758
caro	2.758
vertrappen	2.758
plof	2.758
trompetten	2.758
triceratops	2.758
specialisatie	2.758
regenseizoen	2.758
zogenoemde	2.758
overlevers	2.758
sru	2.758
mcpherson	2.758
doortocht	2.758
ghostbusters	2.758
mcfly	2.758
winstone	2.758
gobber	2.758
trouble	2.758
doorloopt	2.758
ottawa	2.758
hiroshi	2.758
ruimtetijd	2.758
nietjes	2.758
graveren	2.758
schoenveters	2.758
overvloedige	2.758
kroonjuwelen	2.758
zogen	2.758
christi	2.758
toetreden	2.758
slimheid	2.758
handelswijze	2.758
verweerd	2.758
verlink	2.758
zwemteam	2.758
prietpraat	2.758
overtreder	2.758
afname	2.758
voorpoten	2.758
bezoekrecht	2.758
floki	2.758
doorverbonden	2.758
oncontroleerbaar	2.758
verdedigden	2.758
soeps	2.758
chazz	2.758
politiezaak	2.758
wapensysteem	2.758
ohw	2.758
biteme	2.758
beginselen	2.756
ineenstorting	2.756
allianties	2.756
wachttoren	2.756
zomerhuisje	2.756
wezenlijk	2.756
kinderdagverblijf	2.756
bleekwater	2.756
mcmillan	2.756
tintelen	2.756
vijfje	2.756
kadavers	2.756
reykjavik	2.756
dillard	2.756
wimbledon	2.756
handenarbeid	2.756
waaide	2.756
baltische	2.756
minachtend	2.756
opleidingen	2.756
consensus	2.756
roebel	2.756
exley	2.756
luz	2.756
authenticiteit	2.756
meermalen	2.756
vermelde	2.756
tsjecho-slowakije	2.756
snoopy	2.756
etcetera	2.756
nachos	2.756
schoonste	2.756
inpalmen	2.756
dametjes	2.756
welverdiende	2.756
lz	2.756
gestelde	2.756
dada	2.756
hardin	2.756
blindedarmontsteking	2.756
ellepijp	2.756
mokkels	2.756
nageleefd	2.756
mamba	2.756
manuela	2.756
analfabeet	2.756
arenden	2.756
mobiliteit	2.756
turbines	2.756
zuip	2.756
ademnood	2.756
fighter	2.756
memory	2.756
gekostumeerd	2.756
poedelnaakt	2.756
rakelen	2.756
geruineerd	2.756
uitgebrande	2.756
verbeeldingskracht	2.756
wijngaarden	2.756
carpe	2.756
uitgeputte	2.756
coöperatie	2.756
ansel	2.756
tout	2.756
pow	2.756
herrieschopper	2.756
lichaamsbeweging	2.756
klaarliggen	2.756
somme	2.756
stoerste	2.756
indiscreet	2.756
solitaire	2.756
koloniseren	2.756
aannames	2.756
bewolking	2.756
digby	2.756
reinigt	2.756
tackelen	2.756
tintje	2.756
borrelen	2.756
hooivork	2.756
geremd	2.756
bedrijft	2.756
schap	2.756
lipari	2.756
egocentrische	2.756
susanne	2.756
bestemmingen	2.756
verpletterende	2.756
marr	2.756
nachtdiensten	2.756
territoriale	2.756
verstijfd	2.756
gemeden	2.756
bills	2.756
oprijlaan	2.756
demonteren	2.756
nieuwsflits	2.756
gedineerd	2.756
barbeque	2.756
godinnen	2.756
falling	2.756
australie	2.756
saaiste	2.756
geshockeerd	2.756
gepantserd	2.756
tiktak	2.756
rovere	2.756
rancuneus	2.756
onzedelijk	2.756
knallende	2.756
klaargespeeld	2.756
vulture	2.756
barracuda	2.756
manchu	2.756
dönitz	2.756
gedegen	2.756
ex-gevangenen	2.756
imf	2.756
energems	2.756
foppen	2.756
shotje	2.756
uitbraken	2.756
tenzin	2.756
stiltes	2.756
dt	2.756
beloon	2.756
sefton	2.756
geboorteland	2.756
vrijspreken	2.756
hoestte	2.756
manische	2.756
weghaalde	2.756
tail	2.756
reservisten	2.756
operatief	2.756
zakhorloge	2.756
heropening	2.756
sondra	2.756
verdovend	2.756
ftu	2.756
dwangmatige	2.756
tsjetsjeense	2.753
hindoes	2.753
palms	2.753
vakantieoord	2.753
tegenvallen	2.753
bonje	2.753
boynton	2.753
uitkijkpost	2.753
eerbiedig	2.753
versuft	2.753
sissi	2.753
onderzoekskamer	2.753
handsome	2.753
miljardairs	2.753
murat	2.753
herinnerden	2.753
doctoraal	2.753
bekrachtigen	2.753
bedrijfstak	2.753
privé-eigendom	2.753
gangreen	2.753
spelde	2.753
topanga	2.753
tawney	2.753
gaal	2.753
microsoft	2.753
fras	2.753
joon	2.753
estland	2.753
straatwaarde	2.753
paperclips	2.753
pelle	2.753
marchetti	2.753
ziekteverwekker	2.753
verdrievoudigd	2.753
samba	2.753
protégé	2.753
wylie	2.753
tomatensap	2.753
voorhuid	2.753
terugvragen	2.753
natuurramp	2.753
wyler	2.753
mucho	2.753
voedselbonnen	2.753
spicer	2.753
walkman	2.753
kirsty	2.753
rhino	2.753
woolsey	2.753
mohawk	2.753
veels	2.753
aleister	2.753
nadir	2.753
shoes	2.753
guma	2.753
boekten	2.753
brians	2.753
gecoördineerde	2.753
loreen	2.753
opkrassen	2.753
flintstone	2.753
lichtgevende	2.753
reduceren	2.753
sook	2.753
meepraten	2.753
devine	2.753
arrakis	2.753
conley	2.753
nietje	2.753
kinderloos	2.753
tyrion	2.753
stemmingen	2.753
aangeef	2.753
levenstekenen	2.753
ostrov	2.753
barstow	2.753
georgette	2.753
kobol	2.753
clothes	2.753
treinkaartje	2.753
25-jarige	2.753
maroni	2.753
lovell	2.753
knut	2.753
proberend	2.753
japp	2.753
slingerde	2.753
sterks	2.753
wijzigde	2.753
hobbels	2.753
foggy	2.753
eronderuit	2.753
driftbuien	2.753
paracetamol	2.753
mordred	2.753
cordova	2.753
seti	2.753
opzwellen	2.753
onbevoegd	2.753
doorbreekt	2.753
innemend	2.753
hartig	2.753
eton	2.753
uitkeek	2.753
sjerp	2.753
wisselende	2.753
maloney	2.753
lengtegraad	2.753
melancholie	2.753
hamas	2.753
impressie	2.753
behartigen	2.753
deug	2.753
zeelucht	2.753
spreekuur	2.753
oo	2.753
aanmoedigt	2.753
barrows	2.753
compost	2.753
hoofdact	2.753
hash	2.753
briefopener	2.753
hefner	2.753
rommelde	2.753
quinton	2.753
beledigende	2.753
getatoeëerde	2.753
gezopen	2.753
invult	2.753
marvel	2.753
fixatie	2.753
boekenwurm	2.753
deering	2.753
dorset	2.753
ontkoppelen	2.753
barbecuen	2.753
bloemetje	2.753
ombouwen	2.753
ist	2.753
trojaanse	2.753
bedachtzaam	2.753
ontwapend	2.753
heftiger	2.753
honnepon	2.753
afbijten	2.753
bezemsteel	2.753
sloepen	2.753
berispen	2.753
zevens	2.753
kopieermachine	2.753
roses	2.753
opgevrolijkt	2.753
jean-louis	2.750
vlaanderen	2.750
slaapzakken	2.750
oregano	2.750
ademtocht	2.750
schepje	2.750
opeist	2.750
verschafte	2.750
orton	2.750
superintendent	2.750
binnensluipen	2.750
afspoelen	2.750
concord	2.750
formaties	2.750
customnl	2.750
quintus	2.750
concierge	2.750
chocolaatje	2.750
schaakbord	2.750
peleton	2.750
kush	2.750
achterban	2.750
roofvogel	2.750
mozambique	2.750
saaier	2.750
nexus	2.750
laughlin	2.750
bikkel	2.750
beroertes	2.750
back-ups	2.750
rilt	2.750
kerrigan	2.750
onbeslist	2.750
soundtrack	2.750
toros	2.750
larue	2.750
belenko	2.750
agrarische	2.750
opspraak	2.750
saboteurs	2.750
spelende	2.750
neersloeg	2.750
spuw	2.750
reparateur	2.750
opsteekt	2.750
gefusilleerd	2.750
kruiste	2.750
weinstein	2.750
behoeftige	2.750
zoro	2.750
consuela	2.750
sucre	2.750
cartoons	2.750
bobs	2.750
glanzen	2.750
display	2.750
slaapster	2.750
ronselen	2.750
boerenkinkels	2.750
nodeloos	2.750
catharina	2.750
bloedsuikerspiegel	2.750
kronkel	2.750
maatschappijen	2.750
treblinka	2.750
zig	2.750
valens	2.750
craft	2.750
slapjes	2.750
lumpy	2.750
lichtzinnig	2.750
vixen	2.750
moties	2.750
bewoonbaar	2.750
moederlijke	2.750
rotbeest	2.750
trotseert	2.750
flushing	2.750
ongeneeslijke	2.750
waylon	2.750
darrowby	2.750
zeespiegel	2.750
30ste	2.750
maskell	2.750
veedieven	2.750
moseby	2.750
guggenheim	2.750
corrected	2.750
oplegt	2.750
grieven	2.750
guevara	2.750
mulcahy	2.750
bulldozers	2.750
bedroevend	2.750
wijfie	2.750
centrifuge	2.750
prehistorisch	2.750
raaskalt	2.750
komedies	2.750
zelfzuchtige	2.750
merktekens	2.750
broodjeszaak	2.750
enerzijds	2.750
kerkdienst	2.750
hermelien	2.750
zeepbel	2.750
corso	2.750
mclaughlin	2.750
tijdstippen	2.750
gesel	2.750
iene	2.750
giffen	2.750
kangoeroes	2.750
ontrouwe	2.750
heviger	2.750
moederlijk	2.750
mahdi	2.750
kookles	2.750
yoshida	2.750
martelaars	2.750
awesome	2.750
onstuimige	2.750
spuwde	2.750
ingehuurde	2.750
biep	2.750
onzelfzuchtig	2.750
mannequin	2.750
shan	2.750
onverslagen	2.750
grants	2.750
wise	2.750
aaa	2.750
aldrin	2.750
heck	2.750
rondkijk	2.750
loodzwaar	2.750
rollende	2.750
beschoot	2.750
fouts	2.750
extern	2.750
ceremonies	2.750
confronteer	2.750
ondoordacht	2.750
steungroep	2.750
evenredig	2.750
ontoereikend	2.750
citroensap	2.750
gaeta	2.750
lachlan	2.750
verzaakt	2.750
bagwell	2.750
rabarber	2.747
rotonde	2.747
gezaagd	2.747
orang-oetan	2.747
getint	2.747
sekstape	2.747
zeurende	2.747
jedikiah	2.747
wagenziek	2.747
ontvreemd	2.747
kee	2.747
ontevredenheid	2.747
meetings	2.747
hernieuwde	2.747
korten	2.747
tempus	2.747
lammetjes	2.747
gefabriceerd	2.747
mackay	2.747
gallant	2.747
buitenechtelijke	2.747
contactgegevens	2.747
arbeidersklasse	2.747
misdaadbestrijding	2.747
baumann	2.747
pirate	2.747
surplus	2.747
neerkijken	2.747
doorgangen	2.747
lerner	2.747
stoke	2.747
verroert	2.747
ontkrachten	2.747
pinocchio	2.747
gu	2.747
kolonisatie	2.747
mythisch	2.747
sie	2.747
luchtballon	2.747
mulan	2.747
ongehuwde	2.747
zovele	2.747
kerstkaarten	2.747
saffier	2.747
fournier	2.747
ookal	2.747
juniper	2.747
mare	2.747
paisley	2.747
matige	2.747
hachi	2.747
laguna	2.747
pains	2.747
ijzig	2.747
allure	2.747
za	2.747
donderen	2.747
vriendjespolitiek	2.747
playoffs	2.747
dorstige	2.747
clarks	2.747
druppelen	2.747
coventry	2.747
colony	2.747
vlaamse	2.747
schavot	2.747
uitnemen	2.747
gestel	2.747
trags	2.747
slokken	2.747
fracturen	2.747
vlezige	2.747
hersenschors	2.747
ongeschreven	2.747
middenveld	2.747
hillman	2.747
attente	2.747
weggeveegd	2.747
wire	2.747
valois	2.747
fitnessen	2.747
meekijkt	2.747
delegeren	2.747
vlugge	2.747
rondingen	2.747
testrit	2.747
s01e06	2.747
doende	2.747
philo	2.747
onbetamelijk	2.747
sterksten	2.747
dei	2.747
giordino	2.747
archiveren	2.747
gekamd	2.747
ehbo-doos	2.747
yoshi	2.747
bestempelen	2.747
speurders	2.747
drijver	2.747
voorzorgen	2.747
katrin	2.747
regimenten	2.747
coon	2.747
registers	2.747
latijns-amerika	2.747
stotteren	2.747
kersentaart	2.747
wordende	2.747
smachten	2.747
propvol	2.747
verstikkend	2.747
gibbler	2.747
losten	2.747
afhaken	2.747
skate	2.747
soldaatjes	2.747
verried	2.747
tenor	2.747
sollicitanten	2.747
renhöek	2.747
iep	2.747
lansky	2.747
voogdijschap	2.747
aangeschreven	2.747
lipton	2.747
vlinderdas	2.747
int	2.747
foie	2.747
slaapplek	2.747
meisjesachtig	2.747
hulplijn	2.747
jinx	2.747
herc	2.747
ricaanse	2.747
roereieren	2.747
dvd-speler	2.747
geldinzameling	2.747
schattingen	2.747
intraveneus	2.747
yao	2.747
uitgehongerde	2.747
liefhebbend	2.744
oostvleugel	2.744
deelneemt	2.744
kelli	2.744
taelons	2.744
uitschreeuwen	2.744
noodzakelijkerwijs	2.744
probleemloos	2.744
aden	2.744
rosenthal	2.744
delinquenten	2.744
verwarmde	2.744
stadsmensen	2.744
voltaire	2.744
kindermoordenaar	2.744
tektonische	2.744
entiteiten	2.744
sullig	2.744
menselijks	2.744
stream	2.744
renoir	2.744
verwondert	2.744
biefstukken	2.744
midlife	2.744
onderhoudsman	2.744
timide	2.744
synaptische	2.744
farms	2.744
vingeren	2.744
haakje	2.744
lasser	2.744
tóch	2.744
cargo	2.744
realist	2.744
mcveigh	2.744
funest	2.744
sjaals	2.744
opiaten	2.744
uitsnijden	2.744
spartan	2.744
harttransplantatie	2.744
voorvaders	2.744
ingenieuze	2.744
groepsknuffel	2.744
overmoed	2.744
afscheiden	2.744
vitten	2.744
woolf	2.744
langverwachte	2.744
geniepige	2.744
onzorgvuldig	2.744
raadselachtige	2.744
wellesley	2.744
tub	2.744
gekneveld	2.744
seniele	2.744
jobe	2.744
gospel	2.744
zeldzaamste	2.744
clément	2.744
duf	2.744
stembiljetten	2.744
fiesta	2.744
jeugdig	2.744
wegstuurt	2.744
wham	2.744
fiche	2.744
autumn	2.744
lime	2.744
toegepaste	2.744
tbc	2.744
hannigan	2.744
terugrijden	2.744
leien	2.744
kanye	2.744
brentwood	2.744
binnendringt	2.744
reukvermogen	2.744
klimop	2.744
aansporen	2.744
aliën	2.744
producties	2.744
rv	2.744
prullen	2.744
sleepsporen	2.744
verkoopcijfers	2.744
gewelf	2.744
kruimel	2.744
ship	2.744
traceerbaar	2.744
tijdzone	2.744
kerstsfeer	2.744
handgranaten	2.744
stempels	2.744
knoopjes	2.744
weerwoord	2.744
raadslieden	2.744
leegstaande	2.744
dolende	2.744
fawcett	2.744
coupons	2.744
astra	2.744
foetsie	2.744
hubots	2.744
filmindustrie	2.744
aanwees	2.744
saks	2.744
luchtverfrisser	2.744
tombstone	2.744
boorden	2.744
moederinstinct	2.744
overlegt	2.744
bedrijfs	2.744
siena	2.744
stopwatch	2.744
noodle	2.744
schokte	2.744
denham	2.744
opp	2.744
alek	2.744
zwicht	2.744
pluizig	2.744
spoorzoeker	2.744
leefgebied	2.744
poplar	2.744
machtsstrijd	2.744
politieschool	2.744
coördineer	2.744
keppler	2.744
tv-station	2.744
florian	2.744
saab	2.744
zijdelings	2.744
onbaatzuchtige	2.744
daverend	2.744
verbande	2.744
nika	2.744
bianchi	2.744
happyfeet	2.744
dew	2.744
kostten	2.744
toet	2.744
heilbot	2.744
opfleuren	2.744
windsnelheid	2.744
fey	2.744
morgenstern	2.744
terugschieten	2.744
broad	2.744
keira	2.744
dan.	2.744
zelfportret	2.744
ood	2.744
vredestijd	2.740
schakelden	2.740
ancients	2.740
afweersysteem	2.740
gav	2.740
sil	2.740
verpatsen	2.740
kif	2.740
vergassen	2.740
dikkere	2.740
anjali	2.740
fotosynthese	2.740
relativiteitstheorie	2.740
vida	2.740
vliegtuigjes	2.740
moonshine	2.740
choco	2.740
bisschoppen	2.740
campos	2.740
voorsteden	2.740
vernederingen	2.740
gillis	2.740
uri	2.740
tay	2.740
victims	2.740
betts	2.740
mantle	2.740
nieuwsberichten	2.740
dayna	2.740
inspuiten	2.740
kattenpis	2.740
baracus	2.740
goddelijkheid	2.740
onderzoeksrechter	2.740
honkbalveld	2.740
odell	2.740
barba	2.740
boegbeeld	2.740
schaafwond	2.740
majesteits	2.740
steno	2.740
babyfoto	2.740
books	2.740
onplezierige	2.740
multinational	2.740
nouja	2.740
onbeschaamdheid	2.740
brom	2.740
clash	2.740
jordans	2.740
eenzijdige	2.740
bewaarden	2.740
infusen	2.740
uitdrogen	2.740
ingevlogen	2.740
taxichauffeurs	2.740
zeikt	2.740
sixpack	2.740
ringvinger	2.740
satijnen	2.740
biechtte	2.740
belastingaangifte	2.740
ilaria	2.740
ervanlangs	2.740
tentoon	2.740
inkeping	2.740
tug	2.740
griswold	2.740
effie	2.740
covers	2.740
verhaallijn	2.740
missverkiezing	2.740
woz	2.740
autonome	2.740
percelen	2.740
vorlons	2.740
muffe	2.740
beagle	2.740
spuitwater	2.740
bijeengeroepen	2.740
skater	2.740
geitenkaas	2.740
eicellen	2.740
vervelends	2.740
toko	2.740
bodnar	2.740
produkt	2.740
ergerde	2.740
cubaan	2.740
opstart	2.740
shang	2.740
israëlieten	2.740
lehman	2.740
schommelt	2.740
salisbury	2.740
caribbean	2.740
spokane	2.740
griepje	2.740
limousines	2.740
pompeius	2.740
opgevouwen	2.740
hiet	2.740
stripclubs	2.740
vibreren	2.740
scheepvaart	2.740
terugbreng	2.740
overdacht	2.740
wraakgevoelens	2.740
psychoanalyse	2.740
vlegel	2.740
tegenmaatregelen	2.740
uitsluit	2.740
binnenliet	2.740
collage	2.740
verstijfde	2.740
afdankertjes	2.740
interesseer	2.740
mecanicien	2.740
verweten	2.740
kubrick	2.740
aangemerkt	2.740
stokoud	2.740
norbert	2.740
nazi-duitsland	2.740
ang	2.740
ondervindt	2.740
manege	2.740
emanuel	2.740
beetnemen	2.740
schend	2.740
stops	2.740
meltdown	2.740
lonny	2.740
miraculeuze	2.740
frites	2.740
beschermeling	2.740
motorische	2.740
nederlagen	2.740
privévliegtuig	2.740
copernicus	2.740
vrouwengevangenis	2.740
eigenzinnige	2.740
weggevallen	2.740
schurftige	2.740
ballantine	2.740
f-14	2.740
overbevolking	2.740
capriolen	2.737
inzamelingsactie	2.737
krullend	2.737
zegeviert	2.737
flater	2.737
gehoorzame	2.737
addams	2.737
resnick	2.737
kneden	2.737
rebelleren	2.737
wendde	2.737
kutzooi	2.737
cosa	2.737
vuurnatie	2.737
zwijgzaam	2.737
backgammon	2.737
aansloot	2.737
translations	2.737
scheerbeurt	2.737
kandelaars	2.737
klare	2.737
roomkaas	2.737
opwaartse	2.737
sprei	2.737
onderzoekscommissie	2.737
commissarissen	2.737
huurbaas	2.737
passion	2.737
bedieningspaneel	2.737
rammelt	2.737
geluksbrenger	2.737
theory	2.737
polonium	2.737
primair	2.737
navcom	2.737
natural	2.737
datak	2.737
zoemt	2.737
snobs	2.737
radioprogramma	2.737
guitar	2.737
welkomstcomité	2.737
verkeersongeluk	2.737
dienstwapen	2.737
katana	2.737
éen	2.737
overhebben	2.737
veracruz	2.737
nachtkijker	2.737
iqbal	2.737
goat	2.737
wapenen	2.737
sayers	2.737
merlotte	2.737
getuigenlijst	2.737
dukaten	2.737
pacifische	2.737
detonator	2.737
aangestuurd	2.737
hoopvolle	2.737
hoss	2.737
zwartmaken	2.737
nando	2.737
toneelspelen	2.737
granada	2.737
maybelle	2.737
inspringen	2.737
hawley	2.737
remde	2.737
uitgemaakte	2.737
knudde	2.737
figuranten	2.737
sneuvelt	2.737
aanstekelijk	2.737
ml	2.737
afstudeert	2.737
oceanic	2.737
deedee	2.737
agustin	2.737
pakkende	2.737
lakes	2.737
noordoostelijke	2.737
berechting	2.737
bijdehandje	2.737
opwindends	2.737
kia	2.737
kepler	2.737
onbehoorlijk	2.737
uitdoet	2.737
anderszins	2.737
voedselbron	2.737
gedwarsboomd	2.737
demons	2.737
roofvogels	2.737
bumble	2.737
beltran	2.737
kotsbeu	2.737
heroïsch	2.737
achterwaartse	2.737
thin	2.737
zaterdagen	2.737
vogelgriep	2.737
hoerenkast	2.737
strigoi	2.737
looft	2.737
unh	2.737
heengingen	2.737
slaghout	2.737
huisnummer	2.737
oersaai	2.737
doorvertelt	2.737
mcintyre	2.737
begrijpelijke	2.737
beauchamp	2.737
alisa	2.737
vergoedingen	2.737
verering	2.737
poughkeepsie	2.737
raapt	2.737
lichting	2.737
lactose	2.737
documenteren	2.737
eggs	2.737
trossen	2.737
echolls	2.737
gevarieerd	2.737
aanroepen	2.737
onbevoegden	2.737
associëren	2.737
bijgebleven	2.737
neff	2.737
ziekenauto	2.737
mtac	2.737
cie	2.737
binnenhouden	2.737
getale	2.737
medestanders	2.737
goodnight	2.737
tartarus	2.737
botbreuken	2.737
ça	2.737
voornamen	2.737
chimera	2.737
prent	2.737
insinueren	2.737
sit	2.737
anekdote	2.737
mater	2.737
kapje	2.737
toneelschrijver	2.737
combo	2.737
goudstaven	2.734
evergreen	2.734
afkeurt	2.734
westerns	2.734
beduvelen	2.734
nox	2.734
gehalveerd	2.734
cube	2.734
rapids	2.734
drexler	2.734
pantserdivisie	2.734
chuy	2.734
medea	2.734
gecoördineerd	2.734
welcome	2.734
herschikken	2.734
recentste	2.734
inzat	2.734
kerfstok	2.734
shephard	2.734
zelfmoordbrief	2.734
same	2.734
trends	2.734
aguirre	2.734
schaaltje	2.734
piccadilly	2.734
slavendrijver	2.734
verfijnen	2.734
aftelling	2.734
host	2.734
skilling	2.734
dobber	2.734
caissière	2.734
flitsend	2.734
uitvaardigen	2.734
akker	2.734
berijd	2.734
vergrote	2.734
kribbig	2.734
md	2.734
wegtrekken	2.734
pijltje	2.734
creatuur	2.734
georg	2.734
aankondigingen	2.734
boompje	2.734
neenee	2.734
golding	2.734
neveneffect	2.734
tilda	2.734
liefdadigheids	2.734
studietijd	2.734
promo	2.734
schichtig	2.734
alumni	2.734
damme	2.734
bullebakken	2.734
recep	2.734
eters	2.734
miskramen	2.734
slappelingen	2.734
ophang	2.734
astoria	2.734
dapperder	2.734
pokémon	2.734
meeuw	2.734
vastigheid	2.734
verkoever	2.734
inspiratiebron	2.734
slangenbeet	2.734
toeverlaat	2.734
konstantin	2.734
texaan	2.734
glitch	2.734
pubs	2.734
chocomel	2.734
solly	2.734
methamfetamine	2.734
netnummer	2.734
v8	2.734
orden	2.734
percentages	2.734
fcc	2.734
gulliver	2.734
natrekt	2.734
ecklie	2.734
spreekwoordelijke	2.734
inrichtingen	2.734
pla	2.734
getrakteerd	2.734
nanotechnologie	2.734
pluizen	2.734
makoto	2.734
drugskoerier	2.734
veranderlijk	2.734
zafer	2.734
meemaak	2.734
rhoda	2.734
capp	2.734
retail	2.734
zuurstoftank	2.734
smaller	2.734
verdikkie	2.734
buddies	2.734
peperduur	2.734
whoo-hoo	2.734
eruptie	2.734
intimideert	2.734
domkoppen	2.734
trainden	2.734
tirade	2.734
windows	2.734
voicemails	2.734
voorbaat	2.734
oorlogje	2.734
overstroomt	2.734
multiple	2.734
checks	2.734
akoestische	2.734
boerenpummel	2.734
inspecties	2.734
evers	2.734
gekoelde	2.734
lichaamsgewicht	2.734
aambeeld	2.734
mccallister	2.734
hokken	2.734
warming-up	2.734
bevolken	2.734
sarahs	2.734
pacht	2.734
moeilijks	2.734
gajes	2.734
gebalsemd	2.734
driedimensionale	2.734
salmonella	2.734
smeriger	2.734
paddington	2.734
bouwval	2.734
slaapbank	2.734
aanvaarding	2.734
overlevingskansen	2.731
afzuiging	2.731
deng	2.731
gegrom	2.731
zonnebloemen	2.731
conrector	2.731
drive-by	2.731
pingen	2.731
klembord	2.731
pembroke	2.731
trois	2.731
recensent	2.731
malick	2.731
geharde	2.731
knikt	2.731
resources	2.731
brisbane	2.731
zimbabwe	2.731
verleidster	2.731
bruggenhoofd	2.731
pokerface	2.731
yumi	2.731
aanbaden	2.731
zeemacht	2.731
thurman	2.731
trojan	2.731
slaapzalen	2.731
griggs	2.731
vernielden	2.731
furie	2.731
kostprijs	2.731
boodschappenlijstje	2.731
bohm	2.731
tallmadge	2.731
shad	2.731
bankmanager	2.731
león	2.731
overlijdensberichten	2.731
scheurtje	2.731
m.j.	2.731
taryn	2.731
uitgedroogde	2.731
bevuild	2.731
overgeschreven	2.731
verrassingsfeestje	2.731
kruisten	2.731
fighters	2.731
pitje	2.731
duvall	2.731
zinkende	2.731
memmen	2.731
opperheks	2.731
rebound	2.731
winchell	2.731
talrijk	2.731
nieuwtjes	2.731
suïcidale	2.731
shunt	2.731
donors	2.731
onderdeurtje	2.731
bevlekt	2.731
tolt	2.731
yun	2.731
goo	2.731
scream	2.731
oogkleppen	2.731
inlossen	2.731
schilling	2.731
fredericks	2.731
torpedojager	2.731
hunker	2.731
spoedvergadering	2.731
pole	2.731
koplamp	2.731
haatdragend	2.731
nietige	2.731
dima	2.731
ruilhandel	2.731
ongebruikte	2.731
baanbrekende	2.731
edouard	2.731
berekenend	2.731
traveler	2.731
handbagage	2.731
moestuin	2.731
neumann	2.731
ijlen	2.731
césar	2.731
matter	2.731
ijsbergen	2.731
leeggemaakt	2.731
zoenden	2.731
tankwagen	2.731
bevrijde	2.731
babou	2.731
arctische	2.731
marconi	2.731
wiegje	2.731
generaal-majoor	2.731
veiligheidssysteem	2.731
handy	2.731
bloedtesten	2.731
taaltje	2.731
verwonderen	2.731
supplementen	2.731
navabi	2.731
twa	2.731
giftest	2.731
suikers	2.731
vechtersbaas	2.731
mercier	2.731
gestresseerd	2.731
bulletin	2.731
elektrocuteren	2.731
geniepig	2.731
opgedoekt	2.731
verstreek	2.731
predator	2.731
bonita	2.731
geelzucht	2.731
snurkte	2.731
sneeuwballen	2.731
regerings	2.731
manifesteren	2.731
rehab	2.731
goals	2.731
oefenden	2.731
afbreekt	2.731
middelgrote	2.731
majid	2.731
tamika	2.731
bride	2.731
oost-afrika	2.731
relaxt	2.731
konijnenhol	2.731
arya	2.731
f-16	2.731
aminozuren	2.731
electronics	2.731
maxi	2.731
claremont	2.731
ontgrendeld	2.731
schunnige	2.731
limehouse	2.731
doneerde	2.731
lagos	2.731
schietgebedje	2.731
glip	2.731
sediment	2.731
scouting	2.731
neerzitten	2.731
cregg	2.731
grave	2.731
spellman	2.731
splits	2.731
figaro	2.731
choreograaf	2.731
barbecues	2.731
bredere	2.731
weerspiegelen	2.731
kamillethee	2.731
vespa	2.731
tegengewerkt	2.731
v-fib	2.731
deprimerende	2.731
manipulatieve	2.731
welgemeende	2.731
uitkwamen	2.731
foetale	2.731
functionaris	2.731
transformeert	2.731
linkerschouder	2.731
magnaat	2.731
rosamund	2.728
rubicon	2.728
napier	2.728
plakje	2.728
martelden	2.728
parodie	2.728
laadde	2.728
lia	2.728
provocerend	2.728
doorzeefd	2.728
patriottische	2.728
prijsuitreiking	2.728
royals	2.728
voorkamer	2.728
detectie	2.728
ontroostbaar	2.728
hartchirurg	2.728
onvruchtbaarheid	2.728
mouna	2.728
compromitteren	2.728
vorstin	2.728
kluif	2.728
bestudeerden	2.728
bastian	2.728
afterparty	2.728
zachariah	2.728
niks.	2.728
ontbloot	2.728
ntsb	2.728
celibatair	2.728
verkrampt	2.728
feilloos	2.728
belasteren	2.728
rebecka	2.728
voorgestelde	2.728
bewijsvoering	2.728
onsamenhangend	2.728
breaker	2.728
roert	2.728
biologen	2.728
antilope	2.728
wenken	2.728
afblijft	2.728
poet	2.728
voorstanders	2.728
verdund	2.728
cheesecake	2.728
westerlingen	2.728
rekwisiet	2.728
dienster	2.728
amira	2.728
levensbedreigende	2.728
speen	2.728
opknoping	2.728
speechen	2.728
eindresultaat	2.728
roepies	2.728
hillside	2.728
wegbleef	2.728
seeger	2.728
cobblepot	2.728
filips	2.728
kreukels	2.728
gen.	2.728
algerijnse	2.728
mammy	2.728
losgekoppeld	2.728
callard	2.728
nautilus	2.728
criminologie	2.728
degradatie	2.728
fanaat	2.728
doordraaide	2.728
heywood	2.728
pina	2.728
executeer	2.728
ziektekosten	2.728
congress	2.728
soph	2.728
uitspattingen	2.728
zuko	2.728
chemokuur	2.728
zielloze	2.728
cue	2.728
qui	2.728
gp	2.728
ontsteld	2.728
rijpen	2.728
doorziet	2.728
onomstotelijk	2.728
beschadigingen	2.728
arts-assistent	2.728
aspirant	2.728
cheerleaden	2.728
gault	2.728
geklemd	2.728
stoutste	2.728
telefooncentrale	2.728
geass	2.728
kortstondig	2.728
ins	2.728
hoefijzers	2.728
brandslang	2.728
leesbril	2.728
keelontsteking	2.728
kims	2.728
mahone	2.728
wilkie	2.728
beinvloed	2.728
lichtzwaard	2.728
wittebroodsweken	2.728
adventure	2.728
stoerder	2.728
becks	2.728
vertroetelen	2.728
minkus	2.728
metzger	2.728
geboortedag	2.728
neurotische	2.728
opgehoepeld	2.728
overheids	2.728
fiske	2.728
gromit	2.728
swat-team	2.728
lichtstraal	2.728
coles	2.728
spint	2.728
forward	2.728
knoeiboel	2.728
starkey	2.728
graafmachine	2.728
wandelden	2.728
onbeheerd	2.728
comic-con	2.728
chubby	2.728
coraline	2.728
arrestatiebevelen	2.728
gd	2.728
roslin	2.728
geautomatiseerd	2.728
systematische	2.728
losbandige	2.728
briar	2.728
reukzin	2.728
ex-collega	2.728
voedingsmiddelen	2.728
vik	2.728
doelgericht	2.728
nederlander	2.728
samengeperst	2.725
twijfelden	2.725
heksje	2.725
kotsmisselijk	2.725
uiteenvallen	2.725
misselijkmakend	2.725
voegden	2.725
deepak	2.725
scheurbuik	2.725
dichtknijpen	2.725
lescaut	2.725
mose	2.725
zesentwintig	2.725
overhoring	2.725
opponent	2.725
tallis	2.725
gebraad	2.725
temperen	2.725
nestje	2.725
desserts	2.725
kerstbomen	2.725
nikolaj	2.725
calgary	2.725
doorgedraaide	2.725
overzees	2.725
toph	2.725
ocho	2.725
afsteken	2.725
barmeid	2.725
infecteert	2.725
expansie	2.725
aankondigt	2.725
apartheid	2.725
kortademig	2.725
middelmatigheid	2.725
knechtje	2.725
mafketels	2.725
schuilplek	2.725
hummus	2.725
summerlee	2.725
ijzerhandel	2.725
escher	2.725
meertje	2.725
vlekjes	2.725
eenogige	2.725
vita	2.725
while	2.725
alcide	2.725
drieënhalf	2.725
abbas	2.725
noordwestelijke	2.725
druppelt	2.725
28e	2.725
gezegevierd	2.725
ademhaalt	2.725
stampvol	2.725
theatrale	2.725
knipsels	2.725
inches	2.725
ankara	2.725
kc	2.725
gerestaureerd	2.725
loves	2.725
rookie	2.725
halvegare	2.725
atrians	2.725
hommel	2.725
amandel	2.725
winnipeg	2.725
binnengesmokkeld	2.725
krantenartikel	2.725
polygraaf	2.725
onbevlekte	2.725
lijkbleek	2.725
gillies	2.725
anjers	2.725
potverdomme	2.725
madigan	2.725
bogota	2.725
meena	2.725
lockdown	2.725
deane	2.725
medellin	2.725
blus	2.725
verdommenis	2.725
aflikken	2.725
bladmuziek	2.725
solutions	2.725
falafel	2.725
redman	2.725
carrier	2.725
schaapjes	2.725
gladiators	2.725
10de	2.725
sereen	2.725
inenten	2.725
doffe	2.725
heerschap	2.725
ruimten	2.725
injectiespuit	2.725
inneem	2.725
jeter	2.725
cynicus	2.725
oeuvres	2.725
leidraad	2.725
anekdotes	2.725
versace	2.725
geldverspilling	2.725
dachau	2.725
hombre	2.725
eriksson	2.725
vrouwenkleren	2.725
heksenkring	2.725
tabasco	2.725
tijdlus	2.725
pendel	2.725
zuidoostelijke	2.725
zeedieren	2.725
sanitaire	2.725
letland	2.725
regenval	2.725
toeroepen	2.725
10-jarige	2.725
spartelen	2.725
krampus	2.725
gebroed	2.725
slopend	2.725
sheikh	2.725
beresford	2.725
prees	2.725
warhol	2.725
mousse	2.725
prady	2.725
tomatensaus	2.725
krantenknipsels	2.725
furieus	2.725
fysici	2.725
mottenballen	2.725
brandoefening	2.725
mitchum	2.725
vroegst	2.725
doorgespeeld	2.725
ije	2.725
varrick	2.725
bekrast	2.725
autopsies	2.725
subatomaire	2.725
marmaduke	2.725
versperring	2.725
cariben	2.725
casten	2.725
cadeauwinkel	2.725
warmere	2.725
eindigd	2.725
bommenmaker	2.725
bedenker	2.725
verkeersongeval	2.725
glasscherven	2.725
lettergreep	2.725
hannes	2.725
apotheken	2.722
mandi	2.722
steekspel	2.722
podcast	2.722
conventioneel	2.722
youth	2.722
kleinzielig	2.722
hq	2.722
aasgier	2.722
míjn	2.722
dara	2.722
zwelgen	2.722
yeller	2.722
zienswijze	2.722
beschik	2.722
gezellen	2.722
geclaimd	2.722
ramone	2.722
veelvuldig	2.722
spikes	2.722
crain	2.722
julienne	2.722
finaal	2.722
ingevallen	2.722
winkler	2.722
vergemakkelijken	2.722
zorgverzekering	2.722
evening	2.722
basketbalwedstrijd	2.722
raksha	2.722
opgevist	2.722
sinister	2.722
oorlogsdaad	2.722
célestine	2.722
bastion	2.722
leif	2.722
aangespoord	2.722
spots	2.722
agamemnon	2.722
saratoga	2.722
jufrouw	2.722
ruimtewezen	2.722
noodnummer	2.722
gerecycled	2.722
educatie	2.722
fighting	2.722
vooruitgaan	2.722
visualiseren	2.722
verkrachtten	2.722
uitoefent	2.722
hooghartig	2.722
doorgelopen	2.722
kinderboeken	2.722
ussr	2.722
vraagstuk	2.722
stafchefs	2.722
inwonen	2.722
paley	2.722
bomvol	2.722
reinheid	2.722
nagasaki	2.722
kaaklijn	2.722
drazen	2.722
barrymore	2.722
opdrachtgevers	2.722
tekeergaan	2.722
belgisch	2.722
verheugde	2.722
nietsvermoedende	2.722
verdoofde	2.722
dromenland	2.722
gumbo	2.722
binnenhuisarchitect	2.722
binky	2.722
otc	2.722
vingertjes	2.722
pendelen	2.722
stijfheid	2.722
serengeti	2.722
sijpelt	2.722
verdrijft	2.722
miep	2.722
kosh	2.722
energiebedrijf	2.722
voorgegaan	2.722
complottheorieën	2.722
geruite	2.722
lemoine	2.722
rondtrekken	2.722
grom	2.722
hartenbreker	2.722
verschroeide	2.722
bijgebouw	2.722
amon	2.722
overslaat	2.722
honderdje	2.722
candyman	2.722
brik	2.722
snotvlerk	2.722
mazen	2.722
contractbreuk	2.722
schijnbare	2.722
ontstopper	2.722
espn	2.722
verkort	2.722
overheerlijke	2.722
nights	2.722
danszaal	2.722
bedevaart	2.722
stabilisatoren	2.722
binnendrong	2.722
neary	2.722
controlepunt	2.722
waslijst	2.722
hectische	2.722
gerenommeerde	2.722
lichaamsbouw	2.722
vissenpoot	2.722
doodbloedt	2.722
footballspeler	2.722
familieproblemen	2.722
elfje	2.722
dierenartsen	2.722
ontwijkende	2.722
vuiltje	2.722
inrijden	2.722
sik	2.722
soepeler	2.722
timberlake	2.722
fotonen	2.722
pippi	2.722
topman	2.722
zintuiglijke	2.722
ontmoedigend	2.722
ladyship	2.722
chequeboekje	2.722
duurden	2.722
defcon	2.722
thunderbirds	2.722
lesgegeven	2.722
nostra	2.722
optioneel	2.722
texanen	2.722
liddy	2.722
mijnschacht	2.722
stiekemerd	2.722
ontroerende	2.722
hakam	2.722
kajai	2.722
aliëns	2.719
aan.	2.719
rommelige	2.719
springers	2.719
langton	2.719
shaz	2.719
weleer	2.719
explosievendienst	2.719
soames	2.719
delete	2.719
trinidad	2.719
tegenbod	2.719
broeikas	2.719
verificatie	2.719
aperitief	2.719
zalmen	2.719
unser	2.719
jaah	2.719
spe	2.719
functioneerde	2.719
geïnfecteerden	2.719
intrige	2.719
neutronen	2.719
dynamo	2.719
zito	2.719
onredelijke	2.719
bevredigende	2.719
geciteerd	2.719
bezield	2.719
onthullend	2.719
hamza	2.719
platenzaak	2.719
hay	2.719
vaartuigen	2.719
olé	2.719
slimmere	2.719
cornish	2.719
spy	2.719
burggraaf	2.719
oprot	2.719
umberto	2.719
gedempt	2.719
gerst	2.719
bueno	2.719
radiosignaal	2.719
berusten	2.719
staflid	2.719
slagvelden	2.719
letterlijke	2.719
samira	2.719
aantroffen	2.719
doodgemaakt	2.719
carstairs	2.719
neerviel	2.719
incluis	2.719
scandinavië	2.719
irs	2.719
bellefleur	2.719
oplegger	2.719
ontfutselen	2.719
psychoot	2.719
mcbeal	2.719
ballarat	2.719
heksenmeester	2.719
icu	2.719
zomerse	2.719
rodin	2.719
cowgirl	2.719
privégesprek	2.719
merel	2.719
mantsjoerije	2.719
krabbelt	2.719
uitstaande	2.719
plunderingen	2.719
thought	2.719
snelt	2.719
verstandigste	2.719
verdreef	2.719
sleeën	2.719
gegadigden	2.719
bei	2.719
zaterdagmorgen	2.719
arrestant	2.719
honderdvijftig	2.719
zodus	2.719
veerkracht	2.719
schor	2.719
autoradio	2.719
compositietekening	2.719
opofferde	2.719
allerhoogste	2.719
ontaard	2.719
medford	2.719
losbarsten	2.719
6de	2.719
galliër	2.719
vonkje	2.719
zhukov	2.719
23rd	2.719
ganymedes	2.719
dineert	2.719
mensjes	2.719
escape	2.719
attitude	2.719
onderdrukten	2.719
bladzij	2.719
scharrelen	2.719
openging	2.719
filippo	2.719
schuilkelders	2.719
zwoele	2.719
provence	2.719
brandjes	2.719
ongerept	2.719
voorbijgangers	2.719
leguaan	2.719
chaim	2.719
enthousiaster	2.719
afrodisiacum	2.719
macau	2.719
testikel	2.719
zoenoffer	2.719
doorschemeren	2.719
ijskoningin	2.719
eenrichtingsverkeer	2.719
appartementencomplex	2.719
magnifieke	2.719
ettertjes	2.719
trimble	2.719
schimmen	2.719
toetanchamon	2.719
filmrol	2.719
voordelig	2.719
toppie	2.719
timen	2.719
darpa	2.719
buitenkansje	2.719
ontploffingen	2.719
vasthoudendheid	2.719
machthebbers	2.719
omrijden	2.719
volgsysteem	2.719
sprankelend	2.719
casca	2.719
s01e07	2.719
postuum	2.719
coördineert	2.719
litouwen	2.719
vertigo	2.719
runabout	2.719
teringlijer	2.719
roobbai	2.719
flikkeren	2.719
caspere	2.719
verhuld	2.719
yann	2.719
argwanend	2.719
geïntubeerd	2.719
halfbakken	2.719
marauder	2.719
ausa	2.719
werkkleding	2.715
breinen	2.715
dienstbode	2.715
arsenal	2.715
katniss	2.715
kunstvoorwerpen	2.715
kannen	2.715
barrington	2.715
winkelt	2.715
fantasia	2.715
ventiel	2.715
kuvira	2.715
amnesie	2.715
zonnebank	2.715
ahn	2.715
frauduleuze	2.715
dyad	2.715
aanpraten	2.715
zelfbescherming	2.715
kokos	2.715
kusser	2.715
schamele	2.715
breuklijn	2.715
waant	2.715
middenpartij	2.715
neergaan	2.715
broze	2.715
playa	2.715
molt	2.715
seksistische	2.715
melman	2.715
reflecteren	2.715
geheimhoudingsplicht	2.715
rokend	2.715
bhutan	2.715
strooit	2.715
radon	2.715
e.r.	2.715
littleton	2.715
pakkie	2.715
lilo	2.715
ophielden	2.715
impossible	2.715
brodsky	2.715
veiligheidsrisico	2.715
stomverbaasd	2.715
arcy	2.715
myrna	2.715
vliegtuigcrash	2.715
cocktailparty	2.715
juwelierszaak	2.715
stolt	2.715
afschilderen	2.715
verloochend	2.715
tilden	2.715
neve	2.715
odelle	2.715
hawai	2.715
doceert	2.715
soldij	2.715
mykes	2.715
stoplichten	2.715
tussenkomen	2.715
uitsterving	2.715
wal-mart	2.715
muiltje	2.715
tandenborstels	2.715
doorhakken	2.715
gamer	2.715
interest	2.715
overalls	2.715
origine	2.715
collaborateur	2.715
diggs	2.715
sporthal	2.715
leclair	2.715
achterdek	2.715
afschepen	2.715
bespaarde	2.715
hawes	2.715
laguardia	2.715
bazige	2.715
mannenwerk	2.715
levensles	2.715
toestemt	2.715
ajay	2.715
manifesteert	2.715
molotov	2.715
zwempak	2.715
onderhandelbaar	2.715
hotelletje	2.715
teentjes	2.715
urineren	2.715
sita	2.715
sweetie	2.715
tigh	2.715
uitnodigend	2.715
vallend	2.715
stonehaven	2.715
micha	2.715
bering	2.715
weldoeners	2.715
seen	2.715
cache	2.715
roggebrood	2.715
beslisten	2.715
vervoermiddel	2.715
toendertijd	2.715
sneeuwvlokje	2.715
babysitters	2.715
sergej	2.715
aandelenmarkt	2.715
wendigo	2.715
seriesfreak	2.715
vleeseter	2.715
reserveband	2.715
kavel	2.715
metselaar	2.715
barden	2.715
manuscripten	2.715
hennessey	2.715
haggis	2.715
kl	2.715
luchtafweergeschut	2.715
wapentuig	2.715
stottert	2.715
parkeerboete	2.715
taartje	2.715
hort	2.715
mĳn	2.715
onvertaalde	2.715
makelaardij	2.715
alright	2.715
piero	2.715
imposant	2.715
bandbreedte	2.715
wiebel	2.715
bronchitis	2.715
evy	2.715
verdedigende	2.715
abrikozen	2.715
waker	2.715
flipperkast	2.715
stretcher	2.712
boomgrens	2.712
linebacker	2.712
geschiedt	2.712
oost-europese	2.712
mondvol	2.712
rustroest	2.712
aardigheid	2.712
golvende	2.712
shi	2.712
bumpy	2.712
crips	2.712
gereconstrueerd	2.712
yo-yo	2.712
koriander	2.712
woedeaanvallen	2.712
antiquiteiten	2.712
johnstone	2.712
meeluistert	2.712
vooruitstrevend	2.712
norbit	2.712
mew	2.712
cratchit	2.712
atherton	2.712
ouds	2.712
strafpleiter	2.712
minh	2.712
spar	2.712
vermaakte	2.712
glimlachend	2.712
norén	2.712
neely	2.712
farragut	2.712
noches	2.712
horus	2.712
betekenissen	2.712
doña	2.712
verslijt	2.712
qué	2.712
drogisterij	2.712
komieken	2.712
laurens	2.712
gekkin	2.712
kwaden	2.712
torch	2.712
escalante	2.712
zwemles	2.712
machtsmisbruik	2.712
verachtte	2.712
walkie	2.712
ol	2.712
vaatje	2.712
winkelbediende	2.712
uitkrijgen	2.712
salih	2.712
kinderjuffrouw	2.712
verbindingsofficier	2.712
trev	2.712
gemberbier	2.712
spontaniteit	2.712
ratel	2.712
remake	2.712
julianna	2.712
brubaker	2.712
geneva	2.712
loggen	2.712
onslow	2.712
verrichtte	2.712
bommetje	2.712
roemeens	2.712
kiesdistrict	2.712
skin	2.712
dissidenten	2.712
quayle	2.712
verlammende	2.712
orville	2.712
pijltjes	2.712
portofoon	2.712
testamenten	2.712
voorkwamen	2.712
gerber	2.712
opgedirkt	2.712
nazaat	2.712
blinkende	2.712
sad	2.712
electra	2.712
masochist	2.712
compacte	2.712
painter	2.712
vaststaat	2.712
perzisch	2.712
beïnvloedbaar	2.712
boudreau	2.712
comic	2.712
holosuite	2.712
goedenmorgen	2.712
kaoru	2.712
doordeweeks	2.712
gonzalo	2.712
thurston	2.712
doorheb	2.712
spuien	2.712
awel	2.712
doodsbedreiging	2.712
treffend	2.712
optimus	2.712
prospect	2.712
manion	2.712
hobbelige	2.712
ruilmiddel	2.712
yardley	2.712
raid	2.712
janeiro	2.712
bijgevolg	2.712
huisvesten	2.712
blabla	2.712
coassistent	2.712
zwangerschappen	2.712
eustace	2.712
aso	2.712
stormram	2.712
knots	2.712
naschoolse	2.712
achthonderd	2.712
leonidas	2.712
risicovol	2.712
misvorming	2.712
restaureren	2.712
leefbaar	2.712
afkloppen	2.712
soaps	2.712
mora	2.712
hinata	2.712
lnsgelijks	2.712
leesbaar	2.712
kogelvis	2.712
waterpistool	2.712
sneltoets	2.712
moderniseren	2.712
swingt	2.712
varg	2.712
opvolgde	2.709
kettering	2.709
galahad	2.709
kalmeerde	2.709
stook	2.709
jughead	2.709
kallen	2.709
farhad	2.709
gezwicht	2.709
vismarkt	2.709
diplomatische	2.709
energem	2.709
bum	2.709
oppeppen	2.709
ontslagpapieren	2.709
voortzet	2.709
anatomy	2.709
chromosoom	2.709
kanaliseren	2.709
bombardeerde	2.709
ds9	2.709
homofoob	2.709
levels	2.709
carmelo	2.709
afzonderen	2.709
maisie	2.709
immorele	2.709
paine	2.709
stedelijk	2.709
ackroyd	2.709
mckinnon	2.709
testten	2.709
daiquiri	2.709
ler	2.709
jointje	2.709
bijtwonden	2.709
saoedi	2.709
rozengeur	2.709
serpico	2.709
spoiler	2.709
cessna	2.709
magier	2.709
vocabulaire	2.709
roodharig	2.709
muncie	2.709
verdwijntruc	2.709
fotontorpedo	2.709
beschilderd	2.709
vaderlijk	2.709
dwarsboomt	2.709
mistletoe	2.709
houdgreep	2.709
ilya	2.709
geloofje	2.709
vivienne	2.709
vunzige	2.709
klamp	2.709
goode	2.709
verklootte	2.709
verroeren	2.709
wegwerptelefoon	2.709
zelfopoffering	2.709
stollen	2.709
ontoegankelijk	2.709
watervoorziening	2.709
moelijk	2.709
anarchy	2.709
zeester	2.709
avengers	2.709
familiale	2.709
malin	2.709
incorrect	2.709
uitgegraven	2.709
inkepingen	2.709
lijkstijfheid	2.709
uitschakeling	2.709
topmodel	2.709
tamme	2.709
maffiosi	2.709
pesto	2.709
schoolbord	2.709
stevo	2.709
opschreef	2.709
racers	2.709
cowboyhoed	2.709
avontuurtjes	2.709
onterfd	2.709
bump	2.709
repliceerders	2.709
pluimen	2.709
overgoten	2.709
10th	2.709
incorporated	2.709
barricaderen	2.709
verwijfd	2.709
bloeduitstortingen	2.709
baskerville	2.709
deva	2.709
archangel	2.709
teneinde	2.709
glinsteren	2.709
afgeweken	2.709
merries	2.709
kloterige	2.709
aanvliegen	2.709
ingooien	2.709
schuttertje	2.709
voetbaltraining	2.709
shady	2.709
opkikker	2.709
controller	2.709
kapotmaakt	2.709
willekeur	2.709
aartshertog	2.709
wapenvergunning	2.709
dewelke	2.709
maharadja	2.709
arcade	2.709
trash	2.709
nano	2.709
tetch	2.709
expeditieteam	2.709
bennigan	2.709
hoffmann	2.709
kurkdroog	2.709
railroad	2.709
romanov	2.709
gisela	2.709
gcs	2.709
tano	2.709
freddyribs	2.709
wetenschapsbeurs	2.709
lacroix	2.709
indelen	2.709
wannabe	2.709
graystone	2.709
hoskins	2.709
feministische	2.709
uitvergroten	2.709
dempen	2.709
tipton	2.709
blur	2.709
onbedoelde	2.709
whispers	2.709
auburn	2.709
omgingen	2.709
onderdrukkers	2.709
ontsluiten	2.709
eerstehulp	2.709
reserveplan	2.709
winner	2.709
gammel	2.709
hief	2.705
selfies	2.705
óók	2.705
zuil	2.705
kraakpand	2.705
genezingsproces	2.705
hypnotiseur	2.705
smeekbede	2.705
astrofysica	2.705
werkdagen	2.705
slaapkamerraam	2.705
madre	2.705
executeur	2.705
markeerde	2.705
lijkkist	2.705
vermenigvuldig	2.705
tenlastelegging	2.705
surft	2.705
ertussenin	2.705
martelkamer	2.705
sterspeler	2.705
phar	2.705
gio	2.705
rushmore	2.705
hii	2.705
diagnostische	2.705
humanichs	2.705
factie	2.705
shania	2.705
overwin	2.705
jak	2.705
schaats	2.705
beers	2.705
voorstaat	2.705
josette	2.705
joubert	2.705
venture	2.705
ruzek	2.705
40ste	2.705
zajac	2.705
andros	2.705
anafylactische	2.705
schuw	2.705
uitliep	2.705
meatball	2.705
ludovic	2.705
spoedgevallen	2.705
landkaart	2.705
kemper	2.705
dian	2.705
durfje	2.705
teruggeef	2.705
doorspitten	2.705
droeve	2.705
sprekers	2.705
juut	2.705
hazmat	2.705
stillwater	2.705
abbot	2.705
instabiele	2.705
heimelijke	2.705
vrijmetselaar	2.705
ferraro	2.705
pesticide	2.705
zeuthen	2.705
snuifje	2.705
wondjes	2.705
danziger	2.705
verlanglijstje	2.705
beschieting	2.705
overzetten	2.705
toner	2.705
beyonce	2.705
wegrijdt	2.705
astaire	2.705
goulash	2.705
geliquideerd	2.705
belijden	2.705
derden	2.705
beschouwden	2.705
ithaca	2.705
telford	2.705
spanwijdte	2.705
leverfalen	2.705
allertijden	2.705
gescreend	2.705
agnew	2.705
onpartijdige	2.705
bikken	2.705
periodiek	2.705
hinderlijk	2.705
bestrijding	2.705
doodsvonnis	2.705
oompje	2.705
spanish	2.705
slogans	2.705
sussman	2.705
chess	2.705
survival	2.705
cycli	2.705
zap	2.705
vernieuwend	2.705
lennart	2.705
grondlegger	2.705
kaitlyn	2.705
told	2.705
jamil	2.705
ontschoten	2.705
verlinkte	2.705
besproeien	2.705
wicca	2.705
hormonale	2.705
tapas	2.705
aanrander	2.705
gescalpeerd	2.705
picture	2.705
geestdrift	2.705
pazzi	2.705
vadem	2.705
bestanddelen	2.705
bijziend	2.705
opstoken	2.705
gecensureerd	2.705
bekritiseerd	2.705
pek	2.705
zwaluwen	2.705
washandje	2.705
zwakjes	2.705
logeerpartijtje	2.705
wgm50	2.705
gent	2.705
evolueerden	2.705
vechtsporten	2.705
pooltafel	2.705
primaat	2.705
concorde	2.705
mecha	2.705
lira	2.705
plundering	2.705
klaplopers	2.705
getreuzel	2.705
bozo	2.705
zobelle	2.705
zeemonster	2.705
solidair	2.705
installeert	2.705
donau	2.705
jokers	2.705
tannen	2.705
brunettes	2.705
siam	2.705
stanfield	2.705
bewoonbare	2.705
drievoud	2.705
boeddhisten	2.705
quarles	2.705
marcheerden	2.705
onterechte	2.705
sim-kaart	2.705
antigua	2.705
culver	2.705
stowe	2.705
holtes	2.705
bovendrijven	2.705
blum	2.702
betreed	2.702
geassimileerd	2.702
trapeze	2.702
afziet	2.702
ongure	2.702
theseus	2.702
uv	2.702
veiligheidsagent	2.702
inkoop	2.702
peep	2.702
natellen	2.702
keramiek	2.702
bezie	2.702
groenen	2.702
snotneuzen	2.702
fenomenale	2.702
soulmate	2.702
hoofdofficier	2.702
chef-staf	2.702
gluurt	2.702
haqqani	2.702
vermissingen	2.702
rijstijl	2.702
pandemie	2.702
dichtgenaaid	2.702
openingsavond	2.702
ambassades	2.702
cyclops	2.702
zuiderlingen	2.702
stotterde	2.702
echografie	2.702
alsofje	2.702
orang-oetans	2.702
ios	2.702
ruitenwissers	2.702
uitingen	2.702
ossen	2.702
mammoeten	2.702
spitz	2.702
carney	2.702
fucked	2.702
landweg	2.702
shackleton	2.702
piratenschip	2.702
homp	2.702
narcisme	2.702
vitaliteit	2.702
zwaardvis	2.702
nurse	2.702
puntig	2.702
zoya	2.702
chirac	2.702
straatarm	2.702
zogauw	2.702
verdict	2.702
hyacinth	2.702
gevechtsposten	2.702
vrijwilligster	2.702
accurate	2.702
hamvraag	2.702
foon	2.702
midlands	2.702
inwonende	2.702
buil	2.702
bekrachtigd	2.702
rossum	2.702
omwenteling	2.702
blackbeard	2.702
ingelost	2.702
kinetische	2.702
geslachten	2.702
aannamen	2.702
overstroomde	2.702
randal	2.702
crick	2.702
haldol	2.702
hookfang	2.702
afhing	2.702
rockband	2.702
carls	2.702
pettigrew	2.702
stroomden	2.702
bijhalen	2.702
politievrouw	2.702
culpa	2.702
christo	2.702
quigley	2.702
kneuzen	2.702
uitvindt	2.702
autoverkoper	2.702
steenbok	2.702
vasectomie	2.702
zeemeeuwen	2.702
pientere	2.702
aiken	2.702
telly	2.702
kajak	2.702
cobain	2.702
gosei	2.702
zuidkust	2.702
haarlok	2.702
attack	2.702
wray	2.702
knapp	2.702
onttrokken	2.702
geverfde	2.702
waaghals	2.702
grenouille	2.702
hooikoorts	2.702
sipowicz	2.702
invliegen	2.702
floepte	2.702
lightyear	2.702
plantjes	2.702
biechtvader	2.702
getrouw	2.702
alvaro	2.702
watchtower	2.702
domweg	2.702
resoluut	2.702
ontwrichten	2.702
segment	2.702
uitlezen	2.702
stoutmoedig	2.702
assimileren	2.702
moordplek	2.702
idealistisch	2.702
monkeys	2.702
professionaliteit	2.702
vakantiehuisje	2.702
queensland	2.702
donderslag	2.702
ekg	2.702
seksmaniak	2.702
durango	2.702
gummy	2.702
mailbox	2.702
spectator	2.702
opslokken	2.702
mime	2.702
proclamatie	2.702
afslachting	2.702
hazen	2.702
goddeloos	2.702
babyvoeding	2.702
werkomgeving	2.702
rothond	2.702
sleepboot	2.702
opgedeeld	2.702
ephram	2.702
smsjes	2.702
voetpad	2.702
pyle	2.702
vie	2.702
haantje	2.702
ingelegd	2.702
weesgegroetjes	2.702
uitbreidt	2.702
blinddoeken	2.702
doodgevroren	2.702
inventief	2.702
roddelt	2.702
kostbaars	2.702
zuipschuit	2.702
tussenpersonen	2.702
oxycontin	2.702
vitali	2.699
uitstrekt	2.699
afbinden	2.699
pediatrie	2.699
gijzelde	2.699
kot	2.699
diepzee	2.699
frames	2.699
kobayashi	2.699
ontwikkelaars	2.699
isotoop	2.699
nutcracker	2.699
heenkomen	2.699
werkdruk	2.699
knoedels	2.699
middeltje	2.699
opgetut	2.699
inwisselen	2.699
zakenrelatie	2.699
polariteit	2.699
tide	2.699
wilmington	2.699
loopafstand	2.699
floot	2.699
zwellingen	2.699
onconventionele	2.699
toulon	2.699
stiefzus	2.699
dakje	2.699
muisstil	2.699
hud	2.699
toegegaan	2.699
moef	2.699
samenzweerder	2.699
mordor	2.699
camino	2.699
sesamstraat	2.699
cock	2.699
tune	2.699
archimedes	2.699
astro	2.699
recital	2.699
espo	2.699
mutsen	2.699
acn	2.699
betuttel	2.699
bourgeois	2.699
mondstuk	2.699
umbrella	2.699
angélique	2.699
estella	2.699
rutger	2.699
plausibel	2.699
parton	2.699
dropping	2.699
inger	2.699
gestoomd	2.699
bijverdienen	2.699
voltijds	2.699
sloopte	2.699
k9	2.699
trafalgar	2.699
gerty	2.699
wiggins	2.699
gables	2.699
ontsnappingspoging	2.699
rajiv	2.699
nordmann	2.699
gaffney	2.699
magenta	2.699
onorthodoxe	2.699
aanstak	2.699
verdelgen	2.699
vastgeroest	2.699
northman	2.699
stoofvlees	2.699
ingrijpende	2.699
waterpeil	2.699
eko	2.699
propofol	2.699
gelyncht	2.699
fucker	2.699
midwest	2.699
byers	2.699
tweedegraads	2.699
fortuinlijk	2.699
gespreksonderwerp	2.699
saffieren	2.699
muddy	2.699
zoem	2.699
kraambed	2.699
rondrijdt	2.699
uitdeelde	2.699
graeme	2.699
alderman	2.699
copy	2.699
hoerige	2.699
arvid	2.699
gloeilampen	2.699
rhett	2.699
marmelade	2.699
vares	2.699
propellers	2.699
minachten	2.699
cissy	2.699
kwasten	2.699
verzamelplaats	2.699
cesium	2.699
terugdenk	2.699
geweldig.	2.699
sheen	2.699
kublai	2.699
plantaardige	2.699
jezebel	2.699
mimì	2.699
voorbijgaat	2.699
overlappen	2.699
dirigeren	2.699
mccormack	2.699
minnaressen	2.699
rechtszitting	2.699
c.v.	2.699
dock	2.699
warrig	2.699
reisagent	2.699
koningshuis	2.699
selecteer	2.699
ongedwongen	2.699
kunstwereld	2.699
yung	2.699
schoolvrienden	2.699
hoederecht	2.699
beroept	2.699
dienstjaren	2.699
voorraadje	2.699
bizzy	2.699
uitgeslapen	2.699
gesnoerd	2.699
tutsi	2.699
breck	2.699
elyse	2.699
afgestudeerden	2.699
koolstofdioxide	2.699
kragen	2.699
loeien	2.699
afzetterij	2.699
alaikum	2.699
instrueren	2.699
petunia	2.699
ltd	2.699
indonesische	2.699
leyla	2.699
zelfdoding	2.699
geschiedde	2.699
converseren	2.699
rahul	2.699
lyra	2.699
bellows	2.699
rashad	2.699
lobster	2.699
lewicki	2.699
golfstroom	2.699
pubertijd	2.699
din	2.699
masturbeert	2.695
bultruggen	2.695
middagdutje	2.695
kringloop	2.695
gevel	2.695
maaltje	2.695
schriften	2.695
butlers	2.695
castratie	2.695
klaveren	2.695
balfour	2.695
yamada	2.695
tentoonstellen	2.695
vriendendienst	2.695
verfrissing	2.695
ingangswond	2.695
razer	2.695
humphreys	2.695
uppercut	2.695
content	2.695
bijhield	2.695
vierdejaars	2.695
achtervolgingen	2.695
geisers	2.695
extract	2.695
stasis	2.695
weggetrokken	2.695
bofte	2.695
haller	2.695
hoboken	2.695
natuurrampen	2.695
schuilhoudt	2.695
intrede	2.695
opgever	2.695
bel-air	2.695
meewerk	2.695
toekomstplannen	2.695
crossing	2.695
winning	2.695
antiekwinkel	2.695
onbetaald	2.695
bouquet	2.695
beleving	2.695
blackwater	2.695
pietluttig	2.695
bloempot	2.695
tijdklok	2.695
versnipperd	2.695
onvergeeflijke	2.695
versmolten	2.695
niska	2.695
sumatra	2.695
cycloop	2.695
fietst	2.695
wellust	2.695
hagelslag	2.695
kandidate	2.695
jazzjazz	2.695
starkwood	2.695
digest	2.695
hettie	2.695
peuters	2.695
vla	2.695
cactussen	2.695
gapende	2.695
meisjesschool	2.695
many	2.695
mil	2.695
kaptein	2.695
reisschema	2.695
housewarming	2.695
netelige	2.695
huggins	2.695
voyeur	2.695
uitschijnen	2.695
baarmoederhals	2.695
ingepalmd	2.695
waslijn	2.695
gran	2.695
pinkie	2.695
ahmet	2.695
ongenade	2.695
zsa	2.695
fester	2.695
reçu	2.695
agrippa	2.695
uitgeschopt	2.695
plantages	2.695
pottenkijkers	2.695
memorandum	2.695
signore	2.695
cammie	2.695
tred	2.695
onschendbaar	2.695
terriër	2.695
akley	2.695
sweetwater	2.695
sutra	2.695
acteerde	2.695
geslachtsziekte	2.695
vrijgevige	2.695
collaborateurs	2.695
sneltrein	2.695
laters	2.695
bepalingen	2.695
s01e08	2.695
verdedigend	2.695
biker	2.695
valkuilen	2.695
lobbyisten	2.695
betonen	2.695
doorzoeking	2.695
geldzorgen	2.695
hertrouwde	2.695
bridgen	2.695
gevechtsklaar	2.695
botjes	2.695
motorboot	2.695
grenzeloos	2.695
pluisje	2.695
afschermen	2.695
droogkuis	2.695
beeldscherm	2.695
uitgeladen	2.695
afstammen	2.695
helicopters	2.695
dang	2.695
bonobo	2.695
vetten	2.695
luchtstroom	2.695
vindingrijke	2.695
rakkers	2.695
zaara	2.695
proust	2.695
landgenoot	2.695
shishio	2.695
comfort1981	2.695
introduceert	2.695
gouwe	2.695
bloedvat	2.695
pru	2.695
staff	2.695
orgaandonor	2.695
superbowl	2.695
afzegt	2.695
douchegordijn	2.695
ghislain	2.695
doktersafspraak	2.695
anchorage	2.695
tienerdochter	2.695
promise	2.695
mutual	2.695
rotbaan	2.695
toespelingen	2.695
fitnessruimte	2.695
oy	2.695
overwaait	2.695
fonda	2.695
barneys	2.695
warmste	2.695
grimmige	2.695
girard	2.695
verassen	2.695
mensapen	2.695
kippenvleugels	2.695
peetoom	2.695
beverley	2.695
xan	2.695
pathologisch	2.695
olin	2.692
verhuiswagen	2.692
shockeren	2.692
grondwettelijke	2.692
voedzame	2.692
goedkeur	2.692
hardere	2.692
october	2.692
chatrooms	2.692
raasde	2.692
denim	2.692
gastenkamer	2.692
armoedige	2.692
uniforms	2.692
hollands	2.692
gepolijst	2.692
idol	2.692
bootjes	2.692
council	2.692
ongeïdentificeerd	2.692
oger	2.692
piekert	2.692
configuratie	2.692
heteroseksuele	2.692
neutraliteit	2.692
abdel	2.692
breid	2.692
washok	2.692
doortastend	2.692
geënsceneerd	2.692
bezetter	2.692
extremist	2.692
hardloper	2.692
tanger	2.692
melmac	2.692
stroef	2.692
aar	2.692
demerol	2.692
nymfomane	2.692
chappelle	2.692
röntgenstralen	2.692
gevloek	2.692
retorisch	2.692
talking	2.692
miki	2.692
hoppa	2.692
uitgebroed	2.692
uitnodig	2.692
verkrachte	2.692
sandman	2.692
bounty	2.692
voorbereidde	2.692
spotlicht	2.692
mond-op-mond	2.692
injecteert	2.692
hiya	2.692
weldon	2.692
norse	2.692
é	2.692
discrimineren	2.692
courgette	2.692
ginsberg	2.692
ito	2.692
ajax	2.692
seaver	2.692
daffy	2.692
onherstelbare	2.692
is.	2.692
verslechteren	2.692
fuji	2.692
koutje	2.692
bedwelmend	2.692
sixkiller	2.692
torenhoge	2.692
kazen	2.692
pijlers	2.692
deniz	2.692
sneeuwvlokken	2.692
thans	2.692
0p	2.692
stutten	2.692
landverraad	2.692
spaak	2.692
afwijzingen	2.692
penetreren	2.692
saoedische	2.692
verorberen	2.692
trickster	2.692
strafzaak	2.692
arrestanten	2.692
tyree	2.692
platjes	2.692
studiebol	2.692
oosters	2.692
saudi	2.692
heidelberg	2.692
aanvaardbare	2.692
roddelpers	2.692
vliegmaatschappij	2.692
straaljagers	2.692
doorzag	2.692
roseanna	2.692
echelon	2.692
bewoordingen	2.692
krul	2.692
aanpappen	2.692
setauket	2.692
wijt	2.692
zoekmachine	2.692
shawna	2.692
vervormde	2.692
sleuteltjes	2.692
jukbeen	2.692
yuen	2.692
darko	2.692
sinistere	2.692
vliegenier	2.692
meal	2.692
kwantumfysica	2.692
revers	2.692
spender	2.692
slagzin	2.692
transporteur	2.692
kasplantje	2.692
brandenburg	2.692
pechvogel	2.692
mert	2.692
dikkie	2.692
gemakken	2.692
renzo	2.692
tanz	2.692
g-man	2.692
westfront	2.692
ardennen	2.692
kwek	2.692
bukte	2.692
haywood	2.692
monahan	2.692
armste	2.692
frozen	2.692
persona	2.692
salamanca	2.692
uittrok	2.692
syl	2.692
koppelde	2.692
hoppy	2.692
hilarische	2.692
schrijfmachine	2.692
lay-out	2.692
wantrouwend	2.692
dierenasiel	2.692
teruggekeerde	2.692
uitstapte	2.692
dorpsplein	2.692
kolossaal	2.692
sexyer	2.692
korsten	2.692
winkle	2.692
behandelbaar	2.692
ingedaan	2.692
nord	2.692
tegens	2.692
speelse	2.692
overschaduwd	2.692
vredeskorps	2.692
ingeeft	2.692
goedkeurde	2.692
uitstek	2.692
doing	2.692
gwyneth	2.692
arseen	2.692
academicus	2.692
i.z.	2.692
dutchman	2.689
percocet	2.689
inwijden	2.689
dasher	2.689
kraait	2.689
voice-mail	2.689
ainsley	2.689
pijler	2.689
perverselingen	2.689
clennam	2.689
opgeknoopt	2.689
overvolle	2.689
verhitten	2.689
bevoegde	2.689
gordie	2.689
carissa	2.689
pragmatisch	2.689
2pac	2.689
saskia	2.689
geiser	2.689
onverzadigbaar	2.689
pleegvader	2.689
rottweiler	2.689
bejaard	2.689
conference	2.689
afstoting	2.689
farsi	2.689
maría	2.689
maitresse	2.689
newberg	2.689
gammastraling	2.689
fever	2.689
tuinhuis	2.689
binnenkrijgen	2.689
armoe	2.689
veertigste	2.689
zelfmoordenaars	2.689
warpaandrijving	2.689
rd	2.689
dez	2.689
fokker	2.689
jank	2.689
kristi	2.689
sproeiers	2.689
áls	2.689
bovenlip	2.689
verhongerd	2.689
vanya	2.689
kjell	2.689
nas	2.689
sjofele	2.689
apetrots	2.689
verwarm	2.689
handwapen	2.689
maïsbrood	2.689
syriërs	2.689
verkiezingsdag	2.689
yelland	2.689
ongelijkheid	2.689
koelkasten	2.689
forsythe	2.689
slaaptekort	2.689
strafbare	2.689
toepast	2.689
signorina	2.689
haleh	2.689
diagrammen	2.689
labiele	2.689
picchu	2.689
tears	2.689
pookie	2.689
grapte	2.689
westeros	2.689
clapton	2.689
eenzamer	2.689
tui	2.689
karbonade	2.689
omhakken	2.689
politieradio	2.689
pelzen	2.689
verkiezingscampagne	2.689
cu	2.689
simkaart	2.689
pump	2.689
voorzet	2.689
believen	2.689
bezorgden	2.689
chloé	2.689
kalenders	2.689
tyfoon	2.689
omarmde	2.689
huwelijksfeest	2.689
bekogelen	2.689
schoenenwinkel	2.689
phillipe	2.689
valluik	2.689
fladderen	2.689
paramilitaire	2.689
macchiato	2.689
tyrus	2.689
primus	2.689
behelpen	2.689
steelde	2.689
hartkamer	2.689
schouwburg	2.689
shao	2.689
betekenisvol	2.689
standvastigheid	2.689
vogelpoep	2.689
misliep	2.689
startkabels	2.689
gefilterd	2.689
wilf	2.689
lass	2.689
weelderig	2.689
sereniteit	2.689
verzekerings	2.689
kamt	2.689
toegangsweg	2.689
overliep	2.689
dolt	2.689
tubby	2.689
uitgesloofd	2.689
afgericht	2.689
kolommen	2.689
afluistert	2.689
serviër	2.689
betekenisvolle	2.689
beroemder	2.689
prefereert	2.689
pacquiao	2.689
inkrimpen	2.689
conferenties	2.689
messina	2.689
bepantsering	2.689
belichten	2.689
kenshin	2.689
dietz	2.689
shower	2.689
hallam	2.689
overdaad	2.689
deelnam	2.689
ontdeed	2.689
watte	2.689
kansje	2.689
najaagt	2.689
communiceerde	2.689
uitmaakten	2.689
wetshandhaver	2.689
travolta	2.689
ijskappen	2.689
guru	2.689
politiedistrict	2.689
scientology	2.689
herpakken	2.689
kanjers	2.689
terreinwagen	2.689
jutland	2.689
smsen	2.689
flikte	2.689
gewricht	2.689
dienstlift	2.689
onbevooroordeeld	2.689
rechterschouder	2.689
echtparen	2.689
afbrandt	2.685
postnatale	2.685
stekende	2.685
aboriginals	2.685
geneviève	2.685
computerspelletjes	2.685
landbouwgrond	2.685
brilliant	2.685
acceptabele	2.685
verzoekschrift	2.685
miz	2.685
spoeling	2.685
banketbakker	2.685
ventilatieschacht	2.685
overreed	2.685
realistischer	2.685
levenssysteem	2.685
lacombe	2.685
hotspot	2.685
privé-terrein	2.685
hertelling	2.685
draven	2.685
servetjes	2.685
vergevorderd	2.685
enigerlei	2.685
benadruk	2.685
verbijsterende	2.685
opsloten	2.685
industrieterrein	2.685
emigreren	2.685
schlemiel	2.685
toonhoogte	2.685
motorfietsen	2.685
onechte	2.685
harrisburg	2.685
langharige	2.685
gestraald	2.685
kunta	2.685
petrovich	2.685
trombose	2.685
vliegbasis	2.685
skates	2.685
aanstond	2.685
dynamite	2.685
advocatuur	2.685
ember	2.685
koolsla	2.685
wantrouwt	2.685
geschenkje	2.685
ganges	2.685
fernand	2.685
maman	2.685
vestigt	2.685
opnamestudio	2.685
vluchtgegevens	2.685
evo	2.685
lyn	2.685
onwillige	2.685
betekenisloos	2.685
sabatino	2.685
yahoo	2.685
schoolvriend	2.685
koerden	2.685
wiz	2.685
hongeren	2.685
ontsteek	2.685
centjes	2.685
wegsnijden	2.685
reisgids	2.685
inperken	2.685
godvrezende	2.685
gechoqueerd	2.685
compartimenten	2.685
wezentje	2.685
consolidated	2.685
congregatie	2.685
bakens	2.685
pods	2.685
draaierig	2.685
machiavelli	2.685
proefwerken	2.685
rijlessen	2.685
gendarmes	2.685
narvik	2.685
gedecoreerd	2.685
kussensloop	2.685
vlotter	2.685
gestreept	2.685
machado	2.685
luister.	2.685
k.o.	2.685
drugshandelaar	2.685
henriette	2.685
veiligheidsmachtiging	2.685
kernwapen	2.685
origami	2.685
zonsondergangen	2.685
verrassingsfeest	2.685
zoetjes	2.685
volharden	2.685
interlokaal	2.685
boert	2.685
blaffende	2.685
dior	2.685
lakken	2.685
balsemen	2.685
telex	2.685
reistijd	2.685
gevederde	2.685
soeverein	2.685
baywatch	2.685
stromende	2.685
benadeeld	2.685
motorongeluk	2.685
leeggeroofd	2.685
timboektoe	2.685
officials	2.685
melodrama	2.685
tijdspanne	2.685
katara	2.685
polaroid	2.685
katharine	2.685
gemeens	2.685
zakenlieden	2.685
kinders	2.685
afkick	2.685
weggevlogen	2.685
takada	2.685
nyx	2.685
ricki	2.685
strijdende	2.685
stipje	2.685
onbeleefde	2.685
vermeer	2.685
witherspoon	2.685
komt-ie	2.685
creme	2.685
pies	2.685
zonnevlammen	2.685
carsten	2.685
tandenstokers	2.685
vanderbilt	2.685
morehouse	2.685
jura	2.685
staalfabriek	2.685
afwasser	2.685
geez	2.685
gitmo	2.685
brunswick	2.685
naïviteit	2.685
trouwplannen	2.685
narns	2.685
joggingbroek	2.685
peseta	2.685
uwer	2.685
armin	2.685
lakewood	2.685
sproeier	2.685
katharina	2.685
tijdlang	2.685
stylist	2.685
kogelhulzen	2.685
eetstokjes	2.685
waardevolste	2.685
tochten	2.685
voorspelden	2.685
maiden	2.685
masturbeer	2.685
groepsfoto	2.685
swifty	2.685
cryptische	2.682
overwaaien	2.682
onsterfelijken	2.682
ploegbaas	2.682
verstoringen	2.682
amuletten	2.682
vuurpijlen	2.682
voetballers	2.682
beenmergtransplantatie	2.682
krakende	2.682
afbreuk	2.682
klampte	2.682
frazer	2.682
borstels	2.682
sixtijnse	2.682
transportschip	2.682
blijheid	2.682
kloven	2.682
callison	2.682
witgewassen	2.682
ye	2.682
functionele	2.682
paring	2.682
dianne	2.682
ci	2.682
zevenentwintig	2.682
borderline	2.682
melaatse	2.682
transplantaties	2.682
capabele	2.682
rolls-royce	2.682
har	2.682
ruimer	2.682
tuchtraad	2.682
lockie	2.682
opgestookt	2.682
schik	2.682
gallifrey	2.682
connery	2.682
victors	2.682
mantis	2.682
opjutten	2.682
ontkenningsfase	2.682
glanst	2.682
edmunds	2.682
bratton	2.682
krachtvelden	2.682
reizend	2.682
overwegend	2.682
traceert	2.682
opmaakt	2.682
educatief	2.682
enough	2.682
choo	2.682
praatjesmaker	2.682
karbonades	2.682
codenamen	2.682
onbevredigend	2.682
antigif	2.682
hamsteren	2.682
europeaan	2.682
wijnstok	2.682
hulpofficier	2.682
elephant	2.682
suggestief	2.682
ontdoet	2.682
stasi	2.682
stagiairs	2.682
spaceshuttle	2.682
opwacht	2.682
vliegdek	2.682
gekelderd	2.682
stud	2.682
schoolboeken	2.682
instructeurs	2.682
ratelen	2.682
klootz	2.682
filmset	2.682
nicolai	2.682
jachtmes	2.682
zwaardvechten	2.682
masseert	2.682
hechtte	2.682
worsley	2.682
hofdames	2.682
hartoperatie	2.682
milliliter	2.682
aparts	2.682
volgetankt	2.682
kwantiteit	2.682
silicium	2.682
dikkop	2.682
lendenen	2.682
majestueuze	2.682
typte	2.682
wijzers	2.682
beklimt	2.682
geigerteller	2.682
droplul	2.682
minkukel	2.682
dozijnen	2.682
dierenmishandeling	2.682
boudoir	2.682
gevierde	2.682
nodig.	2.682
arbiter	2.682
onderschepten	2.682
bewonderenswaardige	2.682
onhygiënisch	2.682
koffiepot	2.682
kadootjes	2.682
kerncentrales	2.682
opzichtige	2.682
hippocrates	2.682
wiggum	2.682
izumi	2.682
wording	2.682
ketsen	2.682
fietste	2.682
dragende	2.682
kledinglijn	2.682
heinde	2.682
tapioca	2.682
fronsen	2.682
copycat	2.682
moederbord	2.682
iedergeval	2.682
grafdelver	2.682
zuurstofmasker	2.682
verhuurbedrijf	2.682
bain	2.682
belabberde	2.682
hypothalamus	2.682
bijbelstudie	2.682
kroll	2.682
downloadde	2.682
tenger	2.682
j.b.	2.682
afschrikt	2.682
sales	2.682
boefje	2.682
vakjes	2.682
roepnaam	2.682
schaarste	2.682
flapte	2.682
babi	2.682
slide	2.682
hartaandoening	2.682
momentum	2.682
pressiemiddel	2.682
fairfield	2.682
hansel	2.682
yong	2.682
noodsituaties	2.682
indraaien	2.682
gestenigd	2.682
amore	2.682
works	2.682
terechtstelling	2.682
dierentuinen	2.682
driejarige	2.682
stompzinnig	2.682
hawaïaanse	2.682
ssh	2.682
beauregard	2.682
gelover	2.682
genomineerden	2.682
geautomatiseerde	2.682
kinderoppas	2.682
opdrinkt	2.682
middagmaal	2.682
pac-man	2.682
bader	2.682
renovaties	2.682
blackwood	2.682
kwibus	2.682
preventief	2.682
valérie	2.682
vir	2.682
kapstok	2.682
goudlokje	2.682
gebonk	2.682
wikileaks	2.678
begroeiing	2.678
neutron	2.678
select	2.678
septimus	2.678
kahuna	2.678
ronin	2.678
nava	2.678
zwaaiend	2.678
remo	2.678
aanheeft	2.678
tikkie	2.678
kalief	2.678
hoofdgetuige	2.678
draaf	2.678
ongegronde	2.678
onontkoombaar	2.678
vasculaire	2.678
wegvallen	2.678
lino	2.678
riff	2.678
overheidsgebouw	2.678
undercoverwerk	2.678
vocal	2.678
albizzi	2.678
danno	2.678
tommaso	2.678
scarsdale	2.678
langsgegaan	2.678
verfijning	2.678
receiver	2.678
boomstronk	2.678
p.r.	2.678
strootjes	2.678
verstopplek	2.678
ongediertebestrijding	2.678
drugspand	2.678
knakker	2.678
minuscuul	2.678
neergaat	2.678
fahrenheit	2.678
accessoire	2.678
raph	2.678
uitdaagde	2.678
delinquent	2.678
screaming	2.678
neutraliseert	2.678
vrijhouden	2.678
stallone	2.678
schnaps	2.678
jessa	2.678
koen	2.678
boomtoppen	2.678
onmetelijke	2.678
meeleven	2.678
rogan	2.678
endorfine	2.678
lightfoot	2.678
dubbelspel	2.678
gerinkel	2.678
verbloemen	2.678
passionele	2.678
dany	2.678
heugen	2.678
abuis	2.678
machin	2.678
constipatie	2.678
armoedzaaier	2.678
trawanten	2.678
sonic	2.678
arianna	2.678
pasgeborene	2.678
zuurverdiende	2.678
9th	2.678
postduif	2.678
shadowhunter	2.678
vervreemden	2.678
bijdehante	2.678
mio	2.678
warblers	2.678
bergtoppen	2.678
bordspel	2.678
biddend	2.678
tmz	2.678
mannenwereld	2.678
programmeer	2.678
bekopen	2.678
wilber	2.678
periodieke	2.678
engagement	2.678
hekje	2.678
volm	2.678
pikachu	2.678
mccullough	2.678
brandbare	2.678
geldwolf	2.678
hetis	2.678
ocd	2.678
standaarden	2.678
auto-onderdelen	2.678
betoging	2.678
soldier	2.678
afkijken	2.678
cheech	2.678
harmonieus	2.678
anatomisch	2.678
buzzy	2.678
patricks	2.678
nige	2.678
eenderde	2.678
anzio	2.678
solange	2.678
bezeer	2.678
rondwandelen	2.678
stalking	2.678
galante	2.678
non-profit	2.678
oeuvre	2.678
gekruiste	2.678
zwijgrecht	2.678
gorski	2.678
kanin	2.678
a.a.	2.678
takashi	2.678
hilly	2.678
emrys	2.678
tops	2.678
uitkraamt	2.678
gelukkigst	2.678
brannigan	2.678
daltons	2.678
karper	2.678
spitfire	2.678
onterven	2.678
wasbeurt	2.678
kommandant	2.678
ontheffen	2.678
poepte	2.678
sonora	2.678
bezems	2.678
losgeraakt	2.678
meegevraagd	2.678
achilleshiel	2.678
zeemeeuw	2.678
toller	2.678
mccready	2.678
alexanders	2.678
stationwagen	2.678
ongehinderd	2.678
reb	2.678
microgram	2.678
bellick	2.678
voelsprieten	2.678
charismatische	2.678
each	2.678
eldon	2.678
elgin	2.678
grimaldi	2.678
afgescheurd	2.678
devils	2.678
jordy	2.678
ingelopen	2.678
bedreigende	2.678
hayworth	2.678
crickett	2.678
busongeluk	2.678
vakbondsman	2.678
onderzoeksjury	2.678
agrestic	2.678
lose	2.678
place2home	2.678
drankvergunning	2.678
gelijkt	2.678
hershel	2.678
tuit	2.678
zandzakken	2.678
trivia	2.678
zwemmend	2.678
vichy	2.678
karens	2.678
philippa	2.678
pasiphae	2.678
scheurden	2.678
hakten	2.678
rondleidingen	2.678
onwaardige	2.678
dikkerdje	2.678
nita	2.678
basketballer	2.678
mclintock	2.678
begeerd	2.678
corporate	2.678
privézaken	2.678
doorlopende	2.675
dudes	2.675
fancie	2.675
stralingsziekte	2.675
minieme	2.675
erwtjes	2.675
kriebel	2.675
vijay	2.675
slangetje	2.675
xantha	2.675
smokkelden	2.675
susans	2.675
turnbull	2.675
bardot	2.675
starla	2.675
ceasar	2.675
whiskers	2.675
sombrero	2.675
palmboom	2.675
illustrated	2.675
ex-echtgenoot	2.675
demi	2.675
rajeev	2.675
stafsergeant	2.675
wit-rusland	2.675
temps	2.675
tongzoenen	2.675
pre	2.675
elkander	2.675
geilen	2.675
ontzagwekkende	2.675
sloppenwijk	2.675
opgewekte	2.675
sparkle	2.675
aankijk	2.675
adopteerden	2.675
melkwegstelsels	2.675
curriculum	2.675
ervoer	2.675
oksana	2.675
toonder	2.675
vader-zoon	2.675
originals	2.675
certificaten	2.675
gegrild	2.675
extravagant	2.675
massagesalon	2.675
opgedroogde	2.675
hortense	2.675
jiddisch	2.675
hoofdtrauma	2.675
landloper	2.675
gekarteld	2.675
geluiddemper	2.675
oost-duitsland	2.675
openhaard	2.675
haig	2.675
poolshoogte	2.675
vliegeren	2.675
bellini	2.675
ambtstermijn	2.675
hartstochtelijke	2.675
lotta	2.675
interactieve	2.675
microgolven	2.675
chronos	2.675
slaapgebrek	2.675
heston	2.675
magoo	2.675
adverteerders	2.675
snars	2.675
hoor.	2.675
heldhaftigheid	2.675
vorderde	2.675
verassend	2.675
mclean	2.675
40-jarige	2.675
zwaluw	2.675
copyright	2.675
keene	2.675
schommels	2.675
naamkaartje	2.675
gelijkaardig	2.675
agnès	2.675
vouwt	2.675
cyndi	2.675
verzuip	2.675
velde	2.675
kovak	2.675
mcclintock	2.675
wheel	2.675
nissan	2.675
ongebruikt	2.675
roulatie	2.675
slider	2.675
toegekeken	2.675
aftrekbaar	2.675
cheer	2.675
dorpsgek	2.675
omvormen	2.675
vernuftig	2.675
relschoppers	2.675
affairs	2.675
gastenboek	2.675
kohl	2.675
alfabetisch	2.675
tiramisu	2.675
werkneemster	2.675
viviane	2.675
ongelimiteerde	2.675
bezwete	2.675
teringzooi	2.675
osborn	2.675
aanstaart	2.675
basale	2.675
septische	2.675
koosnaampje	2.675
morrie	2.675
ontheffing	2.675
moei	2.675
beroepsrisico	2.675
ravijnen	2.675
harrie	2.675
buckman	2.675
euphemia	2.675
jeugdvriend	2.675
verwijderden	2.675
opmaak	2.675
wurmen	2.675
discipel	2.675
sneeuwbol	2.675
terneergeslagen	2.675
latour	2.675
dna-bewijs	2.675
schachten	2.675
bevredigt	2.675
niersteen	2.675
backhand	2.675
tintelt	2.675
verpakkingen	2.675
staatsvijand	2.675
koraalrif	2.675
walling	2.675
reservewiel	2.675
kistjes	2.675
grotesk	2.675
viii	2.675
lions	2.675
longstreet	2.675
staarden	2.675
liao	2.675
farnum	2.675
verjaard	2.675
messteek	2.675
pindar	2.675
strootje	2.675
bolo	2.675
geconfisqueerd	2.675
talentenshow	2.675
genummerd	2.675
bingley	2.675
politiehond	2.675
baratheon	2.675
math	2.675
luchtafweer	2.675
cinderella	2.675
phd	2.675
afdoet	2.675
spotjes	2.675
knutselen	2.675
corned	2.675
filialen	2.675
domina	2.675
adi	2.675
revoluties	2.675
nieuw-guinea	2.675
atomische	2.675
recovery	2.675
aanhield	2.675
condensator	2.675
putter	2.675
pinguin	2.675
triad	2.675
opgekropte	2.675
deksels	2.675
flux	2.675
wikkelde	2.675
neerkwam	2.675
scheldwoorden	2.675
broekie	2.675
sorbet	2.675
orchard	2.675
estrada	2.675
thoraxdrain	2.675
onthield	2.675
klamme	2.675
deactiveer	2.671
suit	2.671
laatse	2.671
deugdzaamheid	2.671
gedenkplaat	2.671
cassino	2.671
stotter	2.671
verstoken	2.671
mojave	2.671
verlatingsangst	2.671
okž	2.671
dinosauriër	2.671
doucht	2.671
chewie	2.671
asuna	2.671
menthol	2.671
fenwick	2.671
afgemat	2.671
vertolking	2.671
noor	2.671
brava	2.671
verkiezingsjaar	2.671
tweek	2.671
vislijn	2.671
glamoureus	2.671
kortademigheid	2.671
rite	2.671
uitblinken	2.671
imogen	2.671
omverwerpen	2.671
decadent	2.671
hoofdrolspeelster	2.671
tessie	2.671
bepakking	2.671
davor	2.671
omvormer	2.671
mba	2.671
lineaire	2.671
gegoogeld	2.671
ventilatoren	2.671
rager	2.671
commercie	2.671
joplin	2.671
wetsdokter	2.671
widener	2.671
lula	2.671
bediendes	2.671
ongemoeid	2.671
ashland	2.671
enys	2.671
westers	2.671
shere	2.671
spijkerbroeken	2.671
orchestra	2.671
verkent	2.671
afkappen	2.671
tanners	2.671
walther	2.671
naastenliefde	2.671
vr	2.671
uitzoek	2.671
lymfoom	2.671
torsten	2.671
alamos	2.671
schavuit	2.671
marceau	2.671
wellard	2.671
afraden	2.671
americano	2.671
oversla	2.671
bĳ	2.671
zwartje	2.671
churchills	2.671
trapani	2.671
strings	2.671
trooper	2.671
pikhouweel	2.671
leeuwenhart	2.671
mayweather	2.671
fabel	2.671
poseert	2.671
vorenus	2.671
smetteloos	2.671
daargelaten	2.671
stacie	2.671
jaclyn	2.671
bergruimte	2.671
ikben	2.671
manni	2.671
capitulatie	2.671
majestueus	2.671
karaf	2.671
toevalstreffer	2.671
fallen	2.671
ontploften	2.671
slaughter	2.671
hofmakerij	2.671
debacle	2.671
wapensmokkel	2.671
bovenmenselijke	2.671
duikvlucht	2.671
pruisische	2.671
bebaarde	2.671
ontglipte	2.671
eigendomsakte	2.671
ventileren	2.671
geroezemoes	2.671
oppassers	2.671
lovecraft	2.671
tsjechen	2.671
genius	2.671
ionen	2.671
clemence	2.671
onafhankelijkheidsverklaring	2.671
teruglopen	2.671
lovett	2.671
minotaurus	2.671
dutten	2.671
boxers	2.671
bijschenken	2.671
trutje	2.671
speurhonden	2.671
plichtsverzuim	2.671
oona	2.671
rei	2.671
opbranden	2.671
stéphane	2.671
frankel	2.671
allerhande	2.671
ruines	2.671
betastte	2.671
isi	2.671
owl	2.671
strijdend	2.671
lahey	2.671
klaargezet	2.671
warenhuizen	2.671
popmuziek	2.671
ingrijpt	2.671
cline	2.671
nyberg	2.671
kroonraad	2.671
noa	2.671
tasjes	2.671
zek	2.671
positiever	2.671
beduveld	2.671
lievelingsfilm	2.671
reynard	2.671
luau	2.671
hooligans	2.671
winfield	2.671
biowapen	2.671
mcbain	2.671
verafschuwde	2.671
frisco	2.671
contreien	2.671
myriam	2.671
opraken	2.671
strijdkreet	2.671
vrijblijvend	2.671
sonnet	2.671
lineward	2.671
montez	2.671
trouwerijen	2.671
jawoord	2.671
goodfellow	2.671
gebrouwen	2.671
pbs	2.671
lamzak	2.671
verdikke	2.671
aanrennen	2.671
belgegevens	2.671
cajun	2.671
omgevormd	2.671
hoorbaar	2.671
traceerden	2.671
jodin	2.671
bekogeld	2.671
beginnersgeluk	2.671
corrigeert	2.671
puzzelstukje	2.671
mani	2.671
angina	2.671
sikkel	2.667
schokt	2.667
stijgend	2.667
babyfoon	2.667
pesterij	2.667
ayatollah	2.667
besparingen	2.667
puinhopen	2.667
diagonaal	2.667
instituten	2.667
doorgewinterde	2.667
muerte	2.667
ez	2.667
uitvoerden	2.667
hep	2.667
denby	2.667
bekertjes	2.667
singleton	2.667
snotteren	2.667
theelepel	2.667
habijt	2.667
hectaren	2.667
mee.	2.667
zalman	2.667
brutaaltje	2.667
opruim	2.667
pistache	2.667
superboy	2.667
suzanna	2.667
vlagen	2.667
verzoend	2.667
stripverhalen	2.667
badwater	2.667
poortwachter	2.667
dorpsbewoners	2.667
giuliano	2.667
pintje	2.667
pez	2.667
relaas	2.667
debiele	2.667
noche	2.667
bloemenmeisje	2.667
lothal	2.667
medellín	2.667
kerrie	2.667
terugvliegen	2.667
reactoren	2.667
toegevoegde	2.667
gevoelloosheid	2.667
neerhaalt	2.667
ping-pong	2.667
hours	2.667
zachtheid	2.667
nasmaak	2.667
kerstcadeaus	2.667
zhou	2.667
feliz	2.667
nilsson	2.667
veilingen	2.667
stijfjes	2.667
wegvegen	2.667
ha-ha-ha	2.667
oss	2.667
antecedentenonderzoek	2.667
verbouw	2.667
valdes	2.667
telecom	2.667
vredes	2.667
bunk	2.667
direction	2.667
making	2.667
lippenbalsem	2.667
assassins	2.667
fretten	2.667
veritas	2.667
stonebridge	2.667
waar.	2.667
vreemdelingenlegioen	2.667
tofoe	2.667
m.i.t.	2.667
versnel	2.667
fatal	2.667
verblindend	2.667
kribbe	2.667
supersterren	2.667
demente	2.667
oplette	2.667
siren	2.667
gebruind	2.667
bewakingssysteem	2.667
helderziendheid	2.667
vestje	2.667
realiteiten	2.667
30-jarige	2.667
oedeem	2.667
vluchtende	2.667
hangaar	2.667
makeover	2.667
winderigheid	2.667
widow	2.667
yeager	2.667
bandana	2.667
inefficiënt	2.667
inpakt	2.667
onruststokers	2.667
zendmasten	2.667
bouwmarkt	2.667
afgeprijsd	2.667
forstman	2.667
thalassa	2.667
pianospelen	2.667
technology	2.667
stiptheid	2.667
hodiak	2.667
dagdienst	2.667
lohan	2.667
madoff	2.667
versleuteling	2.667
voorschieten	2.667
stuttgart	2.667
geupload	2.667
buenas	2.667
beginne	2.667
hooli	2.667
commentaren	2.667
familiebanden	2.667
versleept	2.667
schraap	2.667
verbeeldde	2.667
gevoelt	2.667
hooke	2.667
kromming	2.667
klinker	2.667
mdma	2.667
gizeh	2.667
pershing	2.667
boycotten	2.667
parkeermeter	2.667
nid	2.667
dinertje	2.667
m-16	2.667
cycloon	2.667
klaarkwam	2.667
greely	2.667
snikheet	2.667
isoleert	2.667
robo	2.667
hoofdmeester	2.667
ochtendmens	2.667
peins	2.667
schouw	2.667
moulin	2.667
demonisch	2.667
ontbraken	2.667
schommelingen	2.667
ono	2.667
energiecentrale	2.667
geworteld	2.667
boxershorts	2.667
telefooncellen	2.667
omgeruild	2.667
mandeville	2.667
ingetreden	2.667
mignon	2.667
tracking	2.667
opwindender	2.667
liefdesrelatie	2.667
roden	2.667
meevechten	2.667
verzorgster	2.667
opbloeien	2.667
uitdragen	2.667
rijgen	2.667
ontluikende	2.667
veiligheidsdiensten	2.667
tullius	2.667
maait	2.667
saddams	2.667
bemerkt	2.667
gemasseerd	2.667
thompsons	2.667
sullige	2.667
sojamelk	2.664
ongecontroleerde	2.664
dimaggio	2.664
orléans	2.664
dao	2.664
lokvogel	2.664
geklapt	2.664
renautas	2.664
stafvergadering	2.664
hogarth	2.664
aansteekt	2.664
berichtgeving	2.664
knollen	2.664
caltech	2.664
opentrekken	2.664
duffe	2.664
zwoeren	2.664
ronson	2.664
agendapunt	2.664
handgreep	2.664
table	2.664
suizen	2.664
hillbilly	2.664
stofje	2.664
ok.	2.664
pinpas	2.664
unstoppable	2.664
anatole	2.664
trakteerde	2.664
mahler	2.664
grauw	2.664
lichterlaaie	2.664
vragend	2.664
matisse	2.664
klerenkast	2.664
stabieler	2.664
betekenisloze	2.664
analoog	2.664
lazar	2.664
crewe	2.664
amnesty	2.664
zippo	2.664
merritt	2.664
vuurzee	2.664
frituur	2.664
hutt	2.664
hopla	2.664
opgetekend	2.664
affleck	2.664
hamlin	2.664
snijwond	2.664
goedaardige	2.664
pixels	2.664
vampierbloed	2.664
nip	2.664
corman	2.664
slavenhandel	2.664
houdbaarheidsdatum	2.664
trommelvlies	2.664
scalpels	2.664
maeve	2.664
marsten	2.664
huissleutels	2.664
berijdt	2.664
leekie	2.664
nuggets	2.664
familiair	2.664
vertaalde	2.664
tutoyeren	2.664
startklaar	2.664
asociale	2.664
terugvindt	2.664
grier	2.664
bespringt	2.664
dorchester	2.664
graafwerk	2.664
thermosfles	2.664
lokten	2.664
bidsprinkhaan	2.664
koudvuur	2.664
perste	2.664
ingefluisterd	2.664
toebedeeld	2.664
drugsverslaving	2.664
bloesem	2.664
manilow	2.664
kwajongen	2.664
vervormer	2.664
tumbleweed	2.664
happig	2.664
blubber	2.664
schooljongens	2.664
horsemen	2.664
ebba	2.664
ordelijke	2.664
battery	2.664
volgeladen	2.664
hustler	2.664
pim	2.664
techno	2.664
haram	2.664
atrium	2.664
binnenkomend	2.664
verstek	2.664
respijt	2.664
versnipperaar	2.664
onbevreesde	2.664
vermenigvuldigd	2.664
ibn	2.664
vangrail	2.664
goederentrein	2.664
shasta	2.664
uitbarst	2.664
liberia	2.664
figgins	2.664
pulse	2.664
sharkey	2.664
ingereden	2.664
hyperventileren	2.664
keri	2.664
matata	2.664
uitvinders	2.664
onverdeelde	2.664
sleutelbos	2.664
geldbedrag	2.664
odd	2.664
langsbrengen	2.664
goodson	2.664
harmonische	2.664
capo	2.664
schuldenaren	2.664
cameraploeg	2.664
kopstuk	2.664
lando	2.664
begravenis	2.664
boorman	2.664
uitprinten	2.664
staatshoofden	2.664
perrier	2.664
ternauwernood	2.664
earhart	2.664
kenton	2.664
wateroppervlak	2.664
initiative	2.664
tijdsprong	2.664
tijgerin	2.664
induiken	2.664
uitstelt	2.664
verruimen	2.664
effectiviteit	2.664
pessarium	2.664
doordringende	2.664
schoolfoto	2.664
kwaadschiks	2.664
straaljager	2.664
nugget	2.664
meervoudig	2.664
22ste	2.664
acid	2.664
outdoor	2.664
filmstudio	2.664
opbiecht	2.664
appèl	2.664
w.c.	2.664
afgeraden	2.664
geschept	2.664
pokeravond	2.664
chr	2.664
bezige	2.664
geboortes	2.664
yip	2.664
wildebras	2.664
elektron	2.664
stagg	2.664
wiskundigen	2.664
sorbonne	2.664
blur5	2.664
vorstelijk	2.664
poolster	2.664
tuigen	2.664
pff	2.664
papiertjes	2.660
jeugdcentrum	2.660
nagerecht	2.660
vergiftig	2.660
carlitos	2.660
stalins	2.660
assertief	2.660
along	2.660
daphnée	2.660
lanterfanten	2.660
giancarlo	2.660
tron	2.660
rubens	2.660
lillie	2.660
friendly	2.660
grundy	2.660
hoofdschakelaar	2.660
werkruimte	2.660
gevechtseenheid	2.660
monde	2.660
afstandje	2.660
seaworld	2.660
presentje	2.660
ontsnappingen	2.660
buitenleven	2.660
desinfecteren	2.660
50e	2.660
vervaldatum	2.660
waakhonden	2.660
voorschreef	2.660
jez	2.660
econoom	2.660
celtics	2.660
grafkelder	2.660
ommezwaai	2.660
cray	2.660
veelzeggend	2.660
afnamen	2.660
collie	2.660
wellustig	2.660
cronus	2.660
paddestoel	2.660
inquisiteur	2.660
pay	2.660
zomerschool	2.660
eskaders	2.660
schaamluis	2.660
seans	2.660
proefdieren	2.660
julie-ann	2.660
nanieten	2.660
testjes	2.660
jenks	2.660
kramen	2.660
tehuizen	2.660
prijzenswaardig	2.660
insluiting	2.660
schattiger	2.660
montezuma	2.660
verkrijg	2.660
lompen	2.660
geschiktheid	2.660
nollus	2.660
ac-12	2.660
reeksen	2.660
rehabiliteren	2.660
inpikt	2.660
verrezen	2.660
schilderkunst	2.660
parkeerwacht	2.660
detecteer	2.660
jut	2.660
molloy	2.660
ikjou	2.660
shades	2.660
scipio	2.660
padma	2.660
afsterven	2.660
scheut	2.660
jesaja	2.660
amal	2.660
frenchy	2.660
ymca	2.660
millstone	2.660
verkleurd	2.660
shy	2.660
grigory	2.660
uitbeelden	2.660
bloedzuigende	2.660
fanatiekelingen	2.660
ankers	2.660
hypochonder	2.660
marineofficier	2.660
weggaf	2.660
bourgondië	2.660
bouwkunde	2.660
fruitig	2.660
geconserveerd	2.660
raglan	2.660
dunning	2.660
uitgekookt	2.660
koortsig	2.660
unbelievable	2.660
lovers	2.660
staljongen	2.660
sangria	2.660
proefperiode	2.660
macgregor	2.660
scorsese	2.660
kobalt	2.660
overloopt	2.660
initiatieven	2.660
bezweringen	2.660
verjaagt	2.660
numerieke	2.660
clusters	2.660
weggeduwd	2.660
costco	2.660
makkelijks	2.660
kerstinkopen	2.660
26e	2.660
versnipperen	2.660
daadwerkelijke	2.660
danko	2.660
yelp	2.660
universitair	2.660
takelen	2.660
betonschaar	2.660
prachtigste	2.660
stabilisator	2.660
transportbedrijf	2.660
wattenstaafje	2.660
sabina	2.660
obesitas	2.660
crater	2.660
partijleider	2.660
walrussen	2.660
welgesteld	2.660
thuishoorde	2.660
versteende	2.660
fanaticus	2.660
schijfjes	2.660
bladerdak	2.660
transmissies	2.660
familiediner	2.660
goededag	2.660
bloedbroeders	2.660
miko	2.660
bezetters	2.660
jachtclub	2.660
middagen	2.660
fatsoenlijks	2.660
longworth	2.660
trelawney	2.660
deining	2.660
buikgevoel	2.660
patriarch	2.660
frietje	2.660
lukes	2.660
droefenis	2.660
balpen	2.660
redneck	2.660
voortgaan	2.660
maai	2.660
pits	2.660
tegenstrijdigheid	2.660
dof	2.660
schoonmaakte	2.660
pompoentaart	2.660
verlossers	2.660
perschef	2.660
vrijheidsstrijders	2.660
sarren	2.660
klapband	2.660
tongzoen	2.660
vooringenomen	2.660
behandelend	2.660
libische	2.660
pingpong	2.656
fysische	2.656
leyton	2.656
angry	2.656
tjee	2.656
leeggebloed	2.656
dienstverband	2.656
uitgeruste	2.656
onvrijwillig	2.656
goddelozen	2.656
feitje	2.656
slijmerd	2.656
calliope	2.656
getting	2.656
adderall	2.656
afgeschilderd	2.656
vleugeltjes	2.656
gebarricadeerd	2.656
ofte	2.656
journey	2.656
vw	2.656
vereerde	2.656
bodaway	2.656
montmartre	2.656
prisma	2.656
rouwproces	2.656
silverman	2.656
herrera	2.656
lizard	2.656
voetnoot	2.656
meststof	2.656
regenbui	2.656
geldtransport	2.656
mcgowan	2.656
geometrische	2.656
slachtbank	2.656
gelaarsde	2.656
cadfael	2.656
spectre	2.656
aangeklopt	2.656
jaloezieën	2.656
hersenvliesontsteking	2.656
saget	2.656
pasfoto	2.656
oriënteren	2.656
serotonine	2.656
houtzagerij	2.656
sayaka	2.656
verwelkomde	2.656
manneke	2.656
bex	2.656
kwelgeest	2.656
gevechtsposities	2.656
raadgevers	2.656
regisseert	2.656
amazonegebied	2.656
groepsleider	2.656
mensachtige	2.656
psychotherapie	2.656
huckleberry	2.656
wiebelt	2.656
kapitalist	2.656
aanvals	2.656
khaleesi	2.656
boo-boo	2.656
boefjes	2.656
banzai	2.656
porte	2.656
belles	2.656
rijten	2.656
hoofdartikel	2.656
strompelde	2.656
hees	2.656
ex-vriendjes	2.656
o2	2.656
goeddunkt	2.656
voedselvoorraad	2.656
murch	2.656
zandsteen	2.656
kolos	2.656
riga	2.656
bestormd	2.656
slinks	2.656
croquet	2.656
kauwde	2.656
tomlin	2.656
luchtspiegeling	2.656
bloedverdunners	2.656
kembleford	2.656
mythologische	2.656
mon-el	2.656
datis	2.656
spiritus	2.656
naaktzwemmen	2.656
12th	2.656
schermutseling	2.656
muziekleraar	2.656
doss	2.656
ververst	2.656
nomar	2.656
dribbelen	2.656
universiteits	2.656
hakuna	2.656
yul	2.656
strekte	2.656
autonomie	2.656
minos	2.656
hazelnoot	2.656
guineas	2.656
wirwar	2.656
schubert	2.656
tulip	2.656
loontje	2.656
puh	2.656
granaatscherf	2.656
kwaadaardigheid	2.656
zweinstein	2.656
maison	2.656
negenjarige	2.656
wreder	2.656
discreter	2.656
bedrijfsspionage	2.656
humeurige	2.656
ringweg	2.656
akiko	2.656
overdrive	2.656
duimschroeven	2.656
bloedhonden	2.656
kraampje	2.656
toetert	2.656
aagje	2.656
continuïteit	2.656
steunpilaar	2.656
onnie	2.656
ontkom	2.656
used	2.656
doodgraver	2.656
chummy	2.656
onvermurwbaar	2.656
j.c.	2.656
yahtzee	2.656
afgehaakt	2.656
budderball	2.656
knipperende	2.656
ontdooit	2.656
aangeroepen	2.656
deans	2.656
noord-ierland	2.656
manitowoc	2.656
keramische	2.656
inwinnen	2.656
afbellen	2.656
troela	2.656
allyson	2.656
ambrosia	2.656
veroveraars	2.656
ceres	2.656
verlaagde	2.656
rights	2.656
narcissen	2.656
tik-tak	2.656
gluiperig	2.656
gevraagde	2.656
schietschijven	2.656
majors	2.656
sherri	2.656
klimrek	2.656
redetwisten	2.656
levensgevaarlijke	2.656
robotica	2.656
gegenereerd	2.656
laugesen	2.656
milford	2.656
therapieën	2.656
aangehoord	2.656
familieband	2.656
pringle	2.656
aanmoedigde	2.656
atm	2.656
schimmelinfectie	2.656
detonatie	2.656
migranten	2.656
republikeins	2.656
pyramide	2.656
ontwerpster	2.656
neerhaalde	2.656
vriendenkring	2.656
alcott	2.656
geduldige	2.656
dissociatieve	2.656
bindende	2.656
erroll	2.656
ademend	2.656
extremistische	2.656
afstoot	2.656
elam	2.656
zeeleeuw	2.656
veiligheidsgordels	2.656
kojak	2.656
racewagen	2.656
heropbouwen	2.656
gekampeerd	2.656
aangespannen	2.656
telefonist	2.656
uitgedost	2.653
gewijzigde	2.653
grappenmakers	2.653
wijnkaart	2.653
voortijdige	2.653
experimenteert	2.653
boliviaanse	2.653
desoriëntatie	2.653
crush	2.653
doorhadden	2.653
herkenbare	2.653
slaapwandelt	2.653
disc	2.653
angiogram	2.653
lor	2.653
renton	2.653
suge	2.653
vestigden	2.653
schindler	2.653
doorverwijzen	2.653
walid	2.653
pewterschmidt	2.653
jachthut	2.653
heldenmoed	2.653
schijnwerper	2.653
organisatoren	2.653
natter	2.653
omer	2.653
psychologe	2.653
voorrijden	2.653
mahalo	2.653
huston	2.653
mole	2.653
legends	2.653
beveiligingsvideo	2.653
imogene	2.653
amfetaminen	2.653
losgebroken	2.653
angstaanvallen	2.653
vergeefse	2.653
fortuinen	2.653
cpu	2.653
ordehandhaving	2.653
nsc	2.653
welig	2.653
taxateur	2.653
afsnijdt	2.653
aanduiden	2.653
schoonheidsspecialiste	2.653
terugdeinzen	2.653
deon	2.653
dierenkliniek	2.653
burnham	2.653
hooters	2.653
visualize	2.653
tribuun	2.653
matches	2.653
getrotseerd	2.653
dru	2.653
ephraim	2.653
random	2.653
bureel	2.653
zarek	2.653
grimoire	2.653
chocoladekoekjes	2.653
communiceer	2.653
vruchtwater	2.653
goth	2.653
narnia	2.653
woodhouse	2.653
vigàta	2.653
splash	2.653
samenkomt	2.653
medestudenten	2.653
injectienaald	2.653
tennisbal	2.653
tunney	2.653
verschoof	2.653
nominaties	2.653
feminisme	2.653
dominick	2.653
gesport	2.653
teweegbrengen	2.653
pukkel	2.653
zee-ijs	2.653
fantast	2.653
acacia	2.653
zwemvliezen	2.653
kapotgeschoten	2.653
eindes	2.653
moeren	2.653
lichaams	2.653
beticht	2.653
bub	2.653
eikeltje	2.653
s.s.	2.653
haiku	2.653
bargevecht	2.653
snoof	2.653
weggestemd	2.653
opsnuiven	2.653
gedeelten	2.653
buitgemaakt	2.653
puike	2.653
jeannine	2.653
pannekoeken	2.653
duluth	2.653
gebreke	2.653
whiting	2.653
contouren	2.653
22-jarige	2.653
peperspray	2.653
regionen	2.653
wegvalt	2.653
horden	2.653
neerkijkt	2.653
onbenullig	2.653
michima	2.653
handvest	2.653
merriman	2.653
irakees	2.653
parades	2.653
skyline	2.653
schulz	2.653
stormloop	2.653
uitleveringsverdrag	2.653
reign	2.653
kerkhoven	2.653
nevels	2.653
stationcar	2.653
brixton	2.653
pms	2.653
uptown	2.653
toegesproken	2.653
coassistenten	2.653
conklin	2.653
aanklaag	2.653
terug.	2.653
kleurloos	2.653
belagers	2.653
vermenigvuldigt	2.653
piemeltje	2.653
proportie	2.653
lijkzakken	2.653
competitieve	2.653
superleuk	2.653
donzige	2.653
pijnloze	2.653
masuka	2.653
struikeldraad	2.653
infeld	2.653
bumpersticker	2.653
gasthuis	2.653
onbeholpen	2.653
geneticus	2.653
opzichters	2.653
spreekbuis	2.653
supergoed	2.653
bekneld	2.653
safety	2.653
fives	2.653
zevenjarige	2.653
vergulde	2.653
els	2.653
vroomheid	2.653
oliemaatschappij	2.653
reistas	2.653
rolmodellen	2.653
rotsblokken	2.653
omwegen	2.653
sikje	2.653
wringt	2.653
s01e10	2.653
senora	2.653
ingelaten	2.653
robbo	2.653
meiske	2.653
kopij	2.653
ontroert	2.653
chaucer	2.653
mozaïek	2.653
fabrizio	2.653
farmington	2.653
marken	2.653
s01e09	2.653
maximilian	2.653
plain	2.653
presse-papier	2.653
agathe	2.653
zwepen	2.653
spierpijn	2.653
insurance	2.653
vluchtweg	2.653
koba	2.653
mineur	2.653
schuurt	2.653
boekverslag	2.653
jonjo	2.653
versprak	2.653
rickard	2.649
kettle	2.649
respecteerden	2.649
stilstaand	2.649
individualiteit	2.649
armory	2.649
lieftallig	2.649
limoenen	2.649
sneeuwvlok	2.649
voorbijgegaan	2.649
hoofdpoort	2.649
jaha	2.649
koffiebar	2.649
eeuws	2.649
welwillende	2.649
shreveport	2.649
wedje	2.649
jachtpartij	2.649
calamity	2.649
opgerot	2.649
nomineren	2.649
scheerapparaat	2.649
lustte	2.649
gorgon	2.649
noodstop	2.649
ryker	2.649
zuiveringszout	2.649
achterbleef	2.649
minpunt	2.649
karine	2.649
loslopende	2.649
biotech	2.649
oswin	2.649
amélie	2.649
reisplannen	2.649
jungles	2.649
oorverdovend	2.649
klinkers	2.649
uitsmijters	2.649
toedracht	2.649
aftrekt	2.649
onderdrukker	2.649
sashi	2.649
etnisch	2.649
thy24	2.649
brui	2.649
harstikke	2.649
palladium	2.649
builenpest	2.649
geleken	2.649
márquez	2.649
cyborgs	2.649
staatsburgerschap	2.649
sloddervos	2.649
toezegging	2.649
specht	2.649
luchtbellen	2.649
missing	2.649
foy	2.649
gekauwd	2.649
fikken	2.649
aankonden	2.649
drukpers	2.649
ouderling	2.649
vuurheer	2.649
gediscussieerd	2.649
antivirus	2.649
cassini	2.649
goelag	2.649
a.c.	2.649
galvin	2.649
lichtvaardig	2.649
ramadan	2.649
ijscoman	2.649
waterschade	2.649
hippocampus	2.649
afslaat	2.649
aardgas	2.649
dusdanig	2.649
deelgenoot	2.649
rajesh	2.649
waterbron	2.649
ontraceerbaar	2.649
grass	2.649
voordek	2.649
bitsy	2.649
harman	2.649
centje	2.649
buikspreker	2.649
verjaart	2.649
i.p.	2.649
torrente	2.649
smiezen	2.649
beschilderde	2.649
bevangen	2.649
investigation	2.649
schoolvoorbeeld	2.649
doorsnijdt	2.649
schrute	2.649
p2h	2.649
ashe	2.649
aangezeten	2.649
afschrikwekkend	2.649
oppak	2.649
widmore	2.649
specials	2.649
hoke	2.649
pour	2.649
afsluiter	2.649
vunzig	2.649
torenhoog	2.649
waterskiën	2.649
gerimpelde	2.649
verlengt	2.649
coburn	2.649
beruchtste	2.649
stretchen	2.649
gehumeurd	2.649
stokstaartjes	2.649
inboedel	2.649
kassen	2.649
verlangend	2.649
stroken	2.649
onderspit	2.649
doorzie	2.649
onderwees	2.649
applicatie	2.649
geplaveid	2.649
bulgaarse	2.649
ex-marinier	2.649
videospelletje	2.649
darwyn	2.649
drexel	2.649
hoofdrechercheur	2.649
verkeersleiding	2.649
bosbranden	2.649
afsneed	2.649
martiaanse	2.649
faisal	2.649
nodigden	2.649
studentenkamer	2.649
valsspelers	2.649
belvedere	2.649
afscheren	2.649
düsseldorf	2.649
wentelen	2.649
bounce	2.649
opvoedt	2.649
volgzaam	2.649
carnahan	2.649
nv	2.649
ontmaagden	2.649
bix	2.649
menigten	2.649
arbitrage	2.649
ongeregeld	2.649
doctoren	2.649
camel	2.649
raketwerper	2.649
vering	2.649
paartijd	2.649
vreugdevolle	2.649
solano	2.649
skies	2.649
dodenrijk	2.649
carnivoren	2.649
greatest	2.649
bloeduitstorting	2.649
snoetje	2.649
bremen	2.649
kippenvleugeltjes	2.649
platleggen	2.649
informatica	2.649
meepikken	2.649
drupje	2.649
spermadonor	2.649
zooey	2.649
og	2.649
burgemeesters	2.649
opslaat	2.649
javadi	2.649
schunnig	2.649
deflector	2.649
betrouwbaarder	2.649
hater	2.649
wilkerson	2.649
algoritmen	2.649
ontbranding	2.649
secretariat	2.649
braille	2.649
schoolreis	2.649
systeemheren	2.649
mensenjong	2.649
quintana	2.649
escorteer	2.649
rechtsbijstand	2.649
doorgelezen	2.649
lille	2.649
vastlopen	2.649
voetveeg	2.649
five-0	2.649
metadata	2.649
davison	2.649
quaid	2.649
onbeschaafd	2.649
gemodificeerde	2.649
verzuimd	2.649
startpunt	2.649
edities	2.649
bermbom	2.649
terroriseerde	2.649
relatieproblemen	2.649
o.k	2.649
gaafs	2.649
gemeenschapsdienst	2.649
westmore	2.649
monogram	2.649
dieptebommen	2.645
katers	2.645
broderick	2.645
authoriteiten	2.645
suvarov	2.645
miljoenste	2.645
robles	2.645
dunston	2.645
overhoudt	2.645
gerouwd	2.645
pril	2.645
tegenstellingen	2.645
adembenemende	2.645
octavio	2.645
optutten	2.645
doorslaat	2.645
vermaarde	2.645
fergie	2.645
schapenvlees	2.645
jalil	2.645
beschaamt	2.645
krultang	2.645
saturn	2.645
schietoefeningen	2.645
fausta	2.645
martell	2.645
afstraffing	2.645
mensje	2.645
kowloon	2.645
doctors	2.645
educatieve	2.645
adeline	2.645
betwijfelt	2.645
digital	2.645
kerstversiering	2.645
fate	2.645
mobilisatie	2.645
ceremonieel	2.645
kleenex	2.645
röntgenapparaat	2.645
europol	2.645
gieterij	2.645
palmers	2.645
davie	2.645
onheilige	2.645
cryer	2.645
constructies	2.645
randjes	2.645
tisdale	2.645
bakermat	2.645
uitsturen	2.645
luchtfoto	2.645
gesmaakt	2.645
mummy	2.645
vaginaal	2.645
ondergelopen	2.645
ala	2.645
lordsburg	2.645
sommer	2.645
matsuda	2.645
verhult	2.645
fysio	2.645
irriteer	2.645
markow87	2.645
vrachtje	2.645
weerstaat	2.645
commercials	2.645
smeltkroes	2.645
birth	2.645
borns	2.645
toverkunst	2.645
gesprekjes	2.645
buttercup	2.645
fijnere	2.645
militanten	2.645
tar	2.645
koster	2.645
victoriaans	2.645
dichtslaan	2.645
afgetreden	2.645
amidala	2.645
succesvolste	2.645
bevelschriften	2.645
shinjuku	2.645
benedenwereld	2.645
overlord	2.645
alarmbellen	2.645
cantor	2.645
volwaardig	2.645
ginseng	2.645
hanni	2.645
sabbath	2.645
suffie	2.645
koorknaap	2.645
raadsvergadering	2.645
transplanteren	2.645
pedo	2.645
roeit	2.645
tobe	2.645
insecticide	2.645
pius	2.645
feeney	2.645
hil	2.645
routines	2.645
jumping	2.645
sinaasappelen	2.645
levenspartner	2.645
pontius	2.645
aars	2.645
björn	2.645
kipsalade	2.645
kuttekop	2.645
ensemble	2.645
bespoten	2.645
famillie	2.645
ricine	2.645
bannelingen	2.645
kindermeisjes	2.645
tijdsverschil	2.645
schuurpapier	2.645
29e	2.645
benford	2.645
coombs	2.645
tijdrovend	2.645
wok	2.645
semi	2.645
vlijmscherpe	2.645
hutu	2.645
zwervende	2.645
domo	2.645
afklemmen	2.645
boekingen	2.645
horeca	2.645
boottocht	2.645
inspelen	2.645
cappy	2.645
hé.	2.645
tarr	2.645
riario	2.645
jett	2.645
negatiefs	2.645
mahonie	2.645
dwarszat	2.645
inbox	2.645
privéjet	2.645
pallet	2.645
trumbo	2.645
pvc	2.645
airmiles	2.645
kahless	2.645
opgedonderd	2.645
parkwachter	2.645
kaki	2.645
labresultaten	2.645
gezichtjes	2.645
greek	2.645
contactlens	2.645
jaspers	2.645
ontwrichte	2.645
bewaakten	2.645
mankement	2.645
meeliften	2.645
gallipoli	2.645
poëet	2.645
vertalingen	2.645
cooney	2.645
deion	2.645
colonial	2.645
takes	2.645
hersenfuncties	2.645
wednesday	2.645
uitkramen	2.645
paardenraces	2.645
kaf	2.645
tomahawk	2.645
slinkse	2.645
amman	2.645
bun	2.645
paws	2.645
penningen	2.645
bilderberg	2.645
rivièra	2.645
belichaamt	2.645
salvadoranen	2.645
weergeeft	2.645
afvalligen	2.645
herrieschoppers	2.645
preventie	2.645
bekritiseert	2.645
rihanna	2.645
computervirus	2.641
nieuwjaarsdag	2.641
briefen	2.641
prompt	2.641
roddelblad	2.641
ukelele	2.641
pawter	2.641
schildwacht	2.641
rezian	2.641
tauri	2.641
verdubbelde	2.641
driftbui	2.641
kilpatrick	2.641
oriënt	2.641
aanhalingstekens	2.641
illuminati	2.641
profiteurs	2.641
drugsbende	2.641
haters	2.641
p-51	2.641
sebastiaan	2.641
devonshire	2.641
binnensmokkelen	2.641
mitchel	2.641
coulter	2.641
normaler	2.641
indians	2.641
eetstoornis	2.641
xanadu	2.641
matcht	2.641
post-mortem	2.641
promicin	2.641
winstons	2.641
éne	2.641
boomstammen	2.641
passioneel	2.641
marmot	2.641
controlefreak	2.641
countdown	2.641
verneuk	2.641
herrijst	2.641
rekeningnummers	2.641
ojee	2.641
openzetten	2.641
shetland	2.641
soiree	2.641
hengsten	2.641
boordcomputer	2.641
kleermakers	2.641
ferrara	2.641
wildlife	2.641
wuif	2.641
naseri	2.641
lozano	2.641
ngo	2.641
motown	2.641
sora	2.641
chauncey	2.641
furlong	2.641
tafeltennis	2.641
informatiebron	2.641
underhill	2.641
helo	2.641
sokka	2.641
margaritas	2.641
rasmus	2.641
beestachtige	2.641
uitgekocht	2.641
livingstone	2.641
dolphins	2.641
melly	2.641
vernieuwde	2.641
wereldbeeld	2.641
kerkklokken	2.641
pollo	2.641
psalmen	2.641
appétit	2.641
dialogen	2.641
wonderschoon	2.641
ecosystemen	2.641
stief	2.641
symboliseren	2.641
priesterschap	2.641
gomorra	2.641
uitglijden	2.641
tsjonge	2.641
rummy	2.641
dommerd	2.641
vanbuiten	2.641
rahim	2.641
bosworth	2.641
poedels	2.641
noordkust	2.641
christelle	2.641
spratt	2.641
boobie	2.641
omeletten	2.641
wezels	2.641
irrigatie	2.641
verkikkerd	2.641
onontdekte	2.641
verdeler	2.641
reddingsboei	2.641
pasquale	2.641
overtrof	2.641
o.r.	2.641
spaarpot	2.641
stofwolk	2.641
trix	2.641
mchugh	2.641
cartagena	2.641
scéne	2.641
takahashi	2.641
sneeuwkoningin	2.641
gezwoegd	2.641
korstjes	2.641
kfc	2.641
afgestoten	2.641
hoentje	2.641
graff	2.641
powerpoint	2.641
kasim	2.641
karikatuur	2.641
orr	2.641
watervliegtuig	2.641
rondloop	2.641
hulpverlening	2.641
unalaq	2.641
chuny	2.641
krabbelde	2.641
ingraven	2.641
macleod	2.641
vervormt	2.641
slattery	2.641
hansworst	2.641
röhm	2.641
thumper	2.641
rainier	2.641
afschiet	2.641
meegeteld	2.641
vondt	2.641
multimiljonair	2.641
byrnes	2.641
iwan	2.641
gaai	2.641
houweel	2.641
jie	2.641
veum	2.641
kwai	2.641
terreinen	2.641
bloeddruppels	2.641
dreadlocks	2.641
aanheb	2.641
colonna	2.641
bemint	2.641
hoevaak	2.641
schaakclub	2.641
husky	2.641
proza	2.641
ontginnen	2.641
gekonkel	2.641
hooghouden	2.641
nelsons	2.641
nanobots	2.641
lotje	2.641
sudan	2.641
truckjes	2.641
terugkeerden	2.641
birk	2.641
farah	2.641
lakota	2.641
opdoken	2.641
hail	2.641
opschrift	2.641
wabash	2.641
medelevend	2.641
valhalla	2.641
slippen	2.641
skinhead	2.641
naomiiixd	2.641
hemlock	2.641
tegenwoordige	2.641
hartslagen	2.641
romige	2.641
rilling	2.641
paterson	2.641
meridian	2.641
donateur	2.641
poespas	2.641
vastgepakt	2.641
onderzeeboot	2.641
versnaperingen	2.641
kristalhelder	2.641
aid	2.641
pippin	2.641
zelenka	2.641
knar	2.641
zieltjes	2.641
achtentwintig	2.637
hooch	2.637
riskeerden	2.637
meevragen	2.637
parfums	2.637
belezen	2.637
flatscreen	2.637
ongunstig	2.637
eaton	2.637
verenig	2.637
comms	2.637
legaat	2.637
sulletje	2.637
schijthuis	2.637
presto	2.637
dreigbrief	2.637
charlestown	2.637
harnassen	2.637
gekenmerkt	2.637
reggae	2.637
dag-dag	2.637
sedgwick	2.637
oxycodon	2.637
onverbiddelijk	2.637
chiang	2.637
timmer	2.637
bruidje	2.637
bère	2.637
vredesproces	2.637
slavenarbeid	2.637
vader-dochter	2.637
muttley	2.637
synode	2.637
spookte	2.637
sudderen	2.637
waterford	2.637
cab	2.637
raton	2.637
kristian	2.637
fedex	2.637
vaderlandslievend	2.637
theehuis	2.637
fido	2.637
acceleratie	2.637
gesneuvelden	2.637
moorddadig	2.637
tafelschikking	2.637
rather	2.637
cherbourg	2.637
microfoontjes	2.637
pvdc	2.637
floreren	2.637
terpentine	2.637
gezichtsreconstructie	2.637
reds	2.637
modieuze	2.637
blitzkrieg	2.637
superlijm	2.637
vriends	2.637
dieptes	2.637
dienstauto	2.637
berouwvol	2.637
varaan	2.637
beoordeelde	2.637
flakes	2.637
totempaal	2.637
bloedworst	2.637
playboys	2.637
stralingsniveau	2.637
herpak	2.637
opschudden	2.637
mma	2.637
longinus	2.637
verzuipt	2.637
stadscentrum	2.637
superior	2.637
goku	2.637
politiemoordenaar	2.637
al-zuhari	2.637
kilowog	2.637
tactloos	2.637
jenson	2.637
hierkomen	2.637
stronk	2.637
manipulator	2.637
appartementje	2.637
standhoudt	2.637
ingedekt	2.637
afleren	2.637
blaireau	2.637
zaterdagnacht	2.637
unbeatable-union	2.637
samenloop	2.637
ondernemend	2.637
martelaarschap	2.637
nva	2.637
spark	2.637
catherina	2.637
zaniken	2.637
verzwelgen	2.637
intolerantie	2.637
bovenuit	2.637
lennier	2.637
mallerd	2.637
beleggingen	2.637
galweather	2.637
savastano	2.637
epsilon	2.637
achtervolger	2.637
jemima	2.637
lafbekken	2.637
rb	2.637
voorverkiezing	2.637
hartritmestoornis	2.637
kolya	2.637
rondgebeld	2.637
mussen	2.637
gerehabiliteerd	2.637
andersons	2.637
lian	2.637
mordechai	2.637
mensenwereld	2.637
selectieve	2.637
apex	2.637
kama	2.637
tanja	2.637
chinook	2.637
cameras	2.637
voorzitterschap	2.637
kaidu	2.637
middenstuk	2.637
iconen	2.637
afijn	2.637
sagan	2.637
arlette	2.637
matias	2.637
afglijden	2.637
getelefoneerd	2.637
aanrakingen	2.637
aansmeren	2.637
opstapt	2.637
appelboom	2.637
veelvraat	2.637
moedervlekken	2.637
wapenstok	2.637
ongemakken	2.637
slokt	2.637
spioneert	2.637
tabby	2.637
schuifelen	2.637
spaken	2.637
nephilim	2.637
doppler	2.637
speldje	2.637
geschiedenisleraar	2.637
overging	2.637
spijbel	2.637
eerbiedigen	2.637
aanvallende	2.637
jake81	2.637
offerden	2.637
gewelddadiger	2.637
pisa	2.637
reorganisatie	2.637
murdoc	2.637
tonele	2.637
vervuilt	2.637
controlepaneel	2.637
feministen	2.637
tum	2.637
mexico-stad	2.637
deli	2.637
collinson	2.637
eierstok	2.637
seuss	2.637
golfballen	2.637
kean	2.637
paardendief	2.637
joséphine	2.637
nadering	2.637
monday	2.637
tick	2.637
milligan	2.637
dooi	2.637
commandostructuur	2.637
stakers	2.637
morrigan	2.637
ishida	2.637
homes	2.637
seska	2.637
yuzu	2.637
astublieft	2.637
jeremia	2.637
kimmel	2.637
riverton	2.637
lichaamsfuncties	2.637
kents	2.637
era	2.637
aftakeling	2.637
haverklap	2.637
ohlsson	2.637
beslechten	2.637
gaye	2.637
scheerschuim	2.637
astronomisch	2.637
rommels	2.637
onderbouwen	2.637
acrobaten	2.637
frode	2.637
bison	2.637
infanteristen	2.637
stengel	2.637
adequaat	2.637
bekokstoven	2.637
samentrekken	2.637
geluks	2.637
baggins	2.637
irvine	2.637
oeroud	2.637
celgenoten	2.637
versplinterd	2.634
doorbloeding	2.634
actiever	2.634
trekking	2.634
annuleert	2.634
sollicitatiegesprekken	2.634
poll	2.634
autodeur	2.634
zeges	2.634
bin-khalid	2.634
luttele	2.634
cramer	2.634
flensjes	2.634
verkroppen	2.634
binnengelopen	2.634
onthaald	2.634
oplosmiddel	2.634
shakes	2.634
wakkeren	2.634
assassin	2.634
schoolvriendin	2.634
copperfield	2.634
wereldbol	2.634
vagebond	2.634
overschrijvingen	2.634
tabor	2.634
stompte	2.634
kolenmijn	2.634
kamali	2.634
batiste	2.634
fortescue	2.634
ballroom	2.634
baum	2.634
miskleun	2.634
bewandeld	2.634
inzetbaar	2.634
goro	2.634
vijandelijkheden	2.634
fazanten	2.634
rompslomp	2.634
islands	2.634
gerrit	2.634
brackett	2.634
loskrijgen	2.634
persvrijheid	2.634
higuchi	2.634
legaliseren	2.634
dorine	2.634
twinkie	2.634
bedaard	2.634
gestrande	2.634
cps	2.634
denkbeelden	2.634
ziijn	2.634
tuppence	2.634
zwier	2.634
shaq	2.634
eenarmige	2.634
kacey	2.634
vloerkleed	2.634
pale	2.634
afgekort	2.634
hippo	2.634
nobby	2.634
stripwinkel	2.634
vervloekten	2.634
toevertrouwde	2.634
danzig	2.634
opwaaien	2.634
goethe	2.634
slaags	2.634
tamir	2.634
vredesbesprekingen	2.634
circuleert	2.634
beraamt	2.634
optiek	2.634
agrabah	2.634
polijsten	2.634
aankomend	2.634
vrijdagnacht	2.634
roark	2.634
chitty	2.634
naamplaatjes	2.634
vrijers	2.634
drukmiddel	2.634
hongerdood	2.634
dichtstbij	2.634
stoombad	2.634
herscheppen	2.634
tiff	2.634
accoord	2.634
billingsley	2.634
lora	2.634
tv1	2.634
khans	2.634
aangetekend	2.634
industrieën	2.634
kaboem	2.634
omdoet	2.634
verbroedering	2.634
verzekeringsmaatschappijen	2.634
partijdig	2.634
lunar	2.634
thousand	2.634
triomfantelijk	2.634
newfoundland	2.634
hypofyse	2.634
verkondigt	2.634
ongemanierd	2.634
nerts	2.634
jerky	2.634
hongaren	2.634
nucleus	2.634
nuances	2.634
imploderen	2.634
ibis	2.634
uav	2.634
kenyon	2.634
bietsen	2.634
blikseminslag	2.634
waterstofperoxide	2.634
erskine	2.634
loksat	2.634
joekels	2.634
ijle	2.634
christensen	2.634
kentekennummer	2.634
overboeking	2.634
rooftocht	2.634
speelgoedje	2.634
principieel	2.634
geschrobd	2.634
elitaire	2.634
tangiers	2.634
amfibie	2.634
bubbels100	2.634
belthazor	2.634
misleide	2.634
voorwaartse	2.634
gedenkdag	2.634
shumway	2.634
eindstation	2.634
manners	2.634
startkapitaal	2.634
aanwaaien	2.634
bouchard	2.634
broederliefde	2.634
vierjarige	2.634
beklim	2.634
c2	2.634
diëten	2.634
radiosignalen	2.634
vestigingen	2.634
oververmoeid	2.634
rhydian	2.634
ravn	2.634
bois	2.634
mailtjes	2.634
kaiba	2.634
lawrie	2.634
opkrikken	2.634
verontreinigd	2.634
tolken	2.634
mondiale	2.634
schraapt	2.634
u.n.	2.634
verkorten	2.634
bruisend	2.634
stumpy	2.634
opvolgers	2.634
competentie	2.634
meesterlijke	2.634
streepjescode	2.634
rowdy	2.634
ied	2.634
gesneuvelde	2.634
decoreren	2.634
energieke	2.634
bedankjes	2.634
ongeëvenaarde	2.634
migreren	2.634
eucalyptus	2.634
terugzie	2.634
snaartheorie	2.634
overgestraald	2.634
stenigen	2.634
manueel	2.634
saudi-arabië	2.634
wensten	2.634
fanatisme	2.634
e.b.	2.634
seksueels	2.634
stoppenkast	2.634
fried	2.634
verdraai	2.634
opengesteld	2.634
versmelting	2.634
babish	2.634
flanellen	2.634
bbq	2.634
eensgezind	2.634
dickson	2.630
binair	2.630
roede	2.630
ontsmetting	2.630
kinine	2.630
superopa	2.630
uitbrengt	2.630
wildvreemde	2.630
scandinavische	2.630
hakan	2.630
arnhem	2.630
might	2.630
sinaloa	2.630
tarantino	2.630
semak	2.630
platenlabel	2.630
mccloud	2.630
paart	2.630
pompeuze	2.630
jupiters	2.630
kalle	2.630
bibber	2.630
sofi	2.630
vervelender	2.630
wapenwedloop	2.630
haku	2.630
carjacking	2.630
bakshi	2.630
heid	2.630
lastpakken	2.630
doordrongen	2.630
lexa	2.630
divers	2.630
matinee	2.630
begrippen	2.630
linton	2.630
leaf	2.630
tompkins	2.630
heylia	2.630
voltooide	2.630
reddingsploeg	2.630
nietmeer	2.630
merkbaar	2.630
inktvissen	2.630
illustraties	2.630
loslopen	2.630
civiel	2.630
vrachtbrief	2.630
onbenullige	2.630
opwarmt	2.630
mccarty	2.630
kindermisbruik	2.630
ondragelijk	2.630
dagdroom	2.630
danville	2.630
grapjassen	2.630
taipei	2.630
geronseld	2.630
veganistische	2.630
nervositeit	2.630
sp	2.630
meebreng	2.630
avondnieuws	2.630
gallon	2.630
tijdloze	2.630
quimby	2.630
hulpkelner	2.630
vermoeien	2.630
strix	2.630
inschrijvingen	2.630
stadsmuren	2.630
machtsvertoon	2.630
szabo	2.630
rosebud	2.630
shirl	2.630
rosetti	2.630
herschel	2.630
resynch	2.630
het-	2.630
poststempel	2.630
ontbering	2.630
cypher	2.630
verknocht	2.630
pound	2.630
bekokstoofd	2.630
linea	2.630
breekbare	2.630
oplichtte	2.630
pijngrens	2.630
gaap	2.630
patrijs	2.630
conciërges	2.630
ape	2.630
liston	2.630
mechs	2.630
zambia	2.630
wervelende	2.630
administrateur	2.630
rissalah	2.630
pfft	2.630
pistachio	2.630
neerbuigende	2.630
morgennacht	2.630
bergaf	2.630
wezenloos	2.630
mulberry	2.630
real-time	2.630
overlopers	2.630
fo	2.630
tuan	2.630
regendruppels	2.630
oorlogsmisdadigers	2.630
warpmotoren	2.630
dispatch	2.630
beleefder	2.630
peroxide	2.630
toevalligheid	2.630
overhoren	2.630
contracteren	2.630
monding	2.630
zachtere	2.630
meisner	2.630
nerveuzer	2.630
pochen	2.630
prehistorie	2.630
èn	2.630
dikkerds	2.630
mctavish	2.630
glaasjes	2.630
guardia	2.630
familiekwestie	2.630
sukkeltje	2.630
hungry	2.630
volproppen	2.630
vulpen	2.630
duplicaat	2.630
urinoir	2.630
klinkende	2.630
conversaties	2.630
projecties	2.630
baedal	2.630
distilleerderij	2.630
standen	2.630
studententijd	2.630
katachtige	2.630
geraakten	2.630
cocoa	2.630
bannion	2.630
crispin	2.630
dennison	2.630
voorgevoelens	2.630
geposeerd	2.630
hopi	2.630
hoestdrank	2.630
energiebronnen	2.630
jackass	2.630
vastgrijpen	2.630
tarot	2.630
insluiper	2.630
voltooi	2.630
reverse	2.630
voorvechter	2.630
dienstbaarheid	2.630
politierapporten	2.630
worldwide	2.630
doodgeboren	2.630
bankovervaller	2.630
haddad	2.630
høgberg	2.630
dougherty	2.630
landje	2.630
barkruk	2.630
voorzetten	2.630
kuiltje	2.630
dcs	2.630
michail	2.630
handomdraai	2.630
autodieven	2.630
nietszeggend	2.630
steppen	2.630
tegengesteld	2.630
iverson	2.630
goeder	2.630
bigelow	2.630
uitlevert	2.630
legs	2.630
pakweg	2.630
takjes	2.630
afstamt	2.630
apocalyptische	2.630
bloeddorst	2.630
verspeelt	2.630
rouwde	2.630
rechtschapenheid	2.630
soe	2.630
opgeloste	2.630
verkozen-president	2.630
ongeleid	2.630
afkrijgen	2.630
ger	2.630
kledingzaak	2.630
haarlijn	2.630
wat-	2.630
gevloeid	2.630
quantrill	2.630
wogen	2.630
verloofden	2.630
kerstfeestje	2.630
zondaren	2.630
vierjaar	2.630
knusse	2.630
headset	2.630
macklin	2.630
beminnelijk	2.630
indrukwekkender	2.630
yourself	2.630
prei	2.630
bezoedelt	2.630
mierenhoop	2.630
nui	2.630
thijs	2.630
maid	2.630
suikeroom	2.630
roemenen	2.630
gevraagt	2.630
scheurtjes	2.630
browne	2.630
steigers	2.630
vermeldingen	2.630
gezichtsbehandeling	2.630
dompelen	2.630
presidente	2.630
spierweefsel	2.630
treuzel	2.630
countrymuziek	2.630
arrondissement	2.630
overstelpt	2.630
ashleigh	2.630
duurzaamheid	2.630
getoeter	2.630
vertoeven	2.630
bridgeport	2.630
dogma	2.630
tomás	2.630
satire	2.630
salam	2.630
doren	2.626
tegenwind	2.626
winstmarge	2.626
bekends	2.626
inbeeld	2.626
mannix	2.626
tekortkoming	2.626
dineer	2.626
afstudeer	2.626
lers	2.626
seksist	2.626
openrijten	2.626
zandbank	2.626
basistraining	2.626
vrijgeeft	2.626
karig	2.626
hemdje	2.626
afgezanten	2.626
versiertruc	2.626
ouderraad	2.626
micro-organismen	2.626
nieuwere	2.626
wijnglas	2.626
sier	2.626
solliciteert	2.626
onbeschrijflijk	2.626
bedoening	2.626
organiseerden	2.626
ree	2.626
versterkers	2.626
elastisch	2.626
kallie	2.626
swingende	2.626
hoofdarts	2.626
kaatst	2.626
steve-o	2.626
nose	2.626
scarborough	2.626
suzan	2.626
hoerig	2.626
bakpoeder	2.626
chocomelk	2.626
chewbacca	2.626
soberheid	2.626
nepper	2.626
krantenwijk	2.626
wapenuitrusting	2.626
matts	2.626
mp3	2.626
vienna	2.626
riksja	2.626
lijkwade	2.626
aanjaagt	2.626
kaste	2.626
verkeerslicht	2.626
prutsers	2.626
bovenhand	2.626
bijkeuken	2.626
herleid	2.626
ontgoocheling	2.626
farrells	2.626
olinsky	2.626
saladin	2.626
starship	2.626
herbergier	2.626
frituren	2.626
vergane	2.626
gastlichaam	2.626
kruitvat	2.626
mechanica	2.626
puffy	2.626
attorney	2.626
add	2.626
piney	2.626
bevallingen	2.626
gemeenschappelijks	2.626
sandford	2.626
concern	2.626
icc	2.626
financien	2.626
jaimie	2.626
nachtzicht	2.626
uitgedraaid	2.626
jaarsalaris	2.626
kernoorlog	2.626
arby	2.626
gedragingen	2.626
oorlogsbuit	2.626
gebotteld	2.626
chocoladerepen	2.626
sandler	2.626
andover	2.626
geleiden	2.626
coolidge	2.626
aanboden	2.626
hards	2.626
colum	2.626
riesen	2.626
bovenkomen	2.626
bovenlijf	2.626
sade	2.626
gezamelijke	2.626
herne	2.626
warleggan	2.626
matobo	2.626
thrace	2.626
rusk	2.626
manchetknoop	2.626
riders	2.626
wéér	2.626
rona	2.626
kweekte	2.626
opruimde	2.626
bonsai	2.626
vice-voorzitter	2.626
scandal	2.626
neergedaald	2.626
makelij	2.626
symphony	2.626
oversten	2.626
omzichtig	2.626
br	2.626
freelancers	2.626
beamer	2.626
moederschepen	2.626
dill	2.626
botulisme	2.626
geprovoceerd	2.626
nauwer	2.626
opdrijven	2.626
webcast	2.626
rooksignalen	2.626
duras	2.626
bruisende	2.626
scheidsrechters	2.626
margherita	2.626
kinderverkrachter	2.626
koningschap	2.626
trilogie	2.626
gluurde	2.626
vervaagde	2.626
spiernaakt	2.626
vreugdevol	2.626
grootheidswaanzin	2.626
valda	2.626
doortrapt	2.626
israëlisch	2.626
honkbalspeler	2.626
euforisch	2.626
zeemannen	2.626
rabiës	2.626
nukkig	2.626
zoekgeraakt	2.626
km.	2.626
gijzelnemer	2.626
stuitligging	2.626
clough	2.626
buitensluit	2.626
schijterig	2.626
sloppenwijken	2.626
lazy	2.626
bankschroef	2.626
optelt	2.626
0m	2.626
cougars	2.626
westbrook	2.626
allernieuwste	2.626
gonnie	2.626
automobiel	2.626
athelstan	2.626
innings	2.626
hargrove	2.626
daph	2.626
conventies	2.626
ridges	2.626
maniertjes	2.626
kimi	2.626
turbine	2.626
doorverteld	2.626
pawnee	2.626
communiqué	2.626
seringen	2.626
bekoren	2.626
rena	2.626
beschut	2.626
gasbedrijf	2.626
landingszone	2.626
herdacht	2.626
aanklopt	2.626
zwaargewichten	2.626
latijns-amerikaanse	2.626
háár	2.626
modderpoel	2.626
hondsdolle	2.626
pennenlikker	2.626
beweegredenen	2.626
huiseigenaren	2.626
gaver	2.626
tijdnood	2.626
dinesh	2.626
collective	2.626
ontzegt	2.626
linked4you.net	2.626
profiteur	2.626
roslyn	2.626
punctie	2.626
bonney	2.626
meegezogen	2.626
coronado	2.626
brutaler	2.626
broederlijke	2.626
pavlov	2.626
boulogne	2.626
guster	2.626
sjofel	2.626
allied	2.626
dauphin	2.626
binnengeslopen	2.626
benning	2.626
oplezen	2.626
favorite	2.626
spaakbeen	2.626
spinner	2.626
robocop	2.626
giraffen	2.626
stabiliseer	2.626
ludo	2.626
pappas	2.626
levensvatbare	2.626
holck	2.626
hendels	2.626
micheal	2.626
gemenerik	2.626
hatake	2.626
drayton	2.626
kaukasus	2.626
zonnegod	2.626
reddings	2.626
childress	2.626
overmaat	2.622
pompbediende	2.622
naga	2.622
stortvloed	2.622
snotapen	2.622
aanhoudend	2.622
velt	2.622
moscow	2.622
ondood	2.622
vermeend	2.622
omgehakt	2.622
onbereikbare	2.622
rinaldi	2.622
sceptici	2.622
strangler	2.622
abortussen	2.622
verzoekje	2.622
neergekomen	2.622
lemond	2.622
sway	2.622
netheid	2.622
babineaux	2.622
bangor	2.622
shepherds	2.622
beknopt	2.622
stationschef	2.622
dilithium	2.622
nein	2.622
driedimensionaal	2.622
videogame	2.622
grienen	2.622
onttrekt	2.622
tijdslot	2.622
etalages	2.622
filistijnen	2.622
ziekenhuiskamer	2.622
transformeerde	2.622
lafleur	2.622
racepaard	2.622
aske	2.622
yar	2.622
renaldo	2.622
powder	2.622
autopapieren	2.622
doofstomme	2.622
moser	2.622
stouts	2.622
opschept	2.622
parnell	2.622
doodseskader	2.622
kleffe	2.622
tracks	2.622
marktplaats	2.622
wrekers	2.622
edit	2.622
geinstalleerd	2.622
gevangeniswezen	2.622
driehoeksmeting	2.622
kettingbotsing	2.622
belladonna	2.622
opvallends	2.622
lantern	2.622
lijkende	2.622
creaturen	2.622
platonische	2.622
sanskriet	2.622
gecomponeerd	2.622
terugkijkend	2.622
eerstegraads	2.622
bewustwording	2.622
woekeraars	2.622
cresswell	2.622
handhaaft	2.622
fanaten	2.622
lieverdjes	2.622
appie	2.622
kettinkje	2.622
chalky	2.622
parma	2.622
elftal	2.622
stonewall	2.622
krakau	2.622
labelen	2.622
zaadcellen	2.622
leegstaand	2.622
railing	2.622
céline	2.622
vastgepind	2.622
thallium	2.622
éérst	2.622
ivanova	2.622
42nd	2.622
prosper	2.622
dinsdagochtend	2.622
oorring	2.622
d.c	2.622
cilla	2.622
voorhouden	2.622
dichtgaat	2.622
invitatie	2.622
doelgebied	2.622
vetter	2.622
suits	2.622
collecties	2.622
wegdragen	2.622
toiletbril	2.622
weerhoud	2.622
netelroos	2.622
toegangskaart	2.622
kleerscheuren	2.622
myself	2.622
schmink	2.622
aangekund	2.622
hide	2.622
selecteert	2.622
georgiana	2.622
karkassen	2.622
27ste	2.622
audra	2.622
verkenningsmissie	2.622
betoverden	2.622
heksenjagers	2.622
blazers	2.622
alen	2.622
bic	2.622
ontstoppen	2.622
preutse	2.622
pakkie-an	2.622
onbestraft	2.622
vyvyan	2.622
geducht	2.622
cousteau	2.622
woedebeheersing	2.622
onbetaalbare	2.622
smeltende	2.622
avondkleding	2.622
constitutionele	2.622
huidschilfers	2.622
doeje	2.622
kaylie	2.622
0h	2.622
directeurs	2.622
scheepsarts	2.622
creel	2.622
destabiliseren	2.622
gevoelloze	2.622
nemesis-l4y	2.622
geoliede	2.622
todat	2.622
zedendelicten	2.622
co-assistenten	2.622
gedaagden	2.622
voedden	2.622
inhaalt	2.622
wants	2.622
jun-shik	2.622
voorwaar	2.622
toepasselijke	2.622
bourgogne	2.622
schraapte	2.622
ina	2.622
kyla	2.622
kuala	2.622
columns	2.622
hobbits	2.622
uitlijning	2.622
doortrapte	2.622
ideologische	2.622
uitgeef	2.622
ruimteprogramma	2.622
walmart	2.622
punjab	2.622
zieliger	2.622
alameda	2.622
uitgehold	2.622
armpje	2.622
jigen	2.622
haatmisdaad	2.622
lijkenzak	2.622
pipo	2.622
veganistisch	2.622
triester	2.622
wieden	2.622
cutiej88	2.622
sympathisanten	2.622
betrekkelijk	2.622
serenity	2.622
zom	2.622
pottenbakken	2.622
bedreef	2.622
promoveerde	2.622
modderbad	2.622
gelift	2.622
peruaanse	2.622
swahili	2.622
nopjes	2.622
varens	2.622
stingers	2.622
asbakken	2.622
kyoko	2.622
omes	2.622
yukon	2.622
bloomingdale	2.622
shel	2.622
zeeziekte	2.622
tata	2.622
staatje	2.622
straatsburg	2.618
ovenschotel	2.618
babyshower	2.618
strategic	2.618
cardassiaans	2.618
jonker	2.618
jamey	2.618
pilcher	2.618
gedode	2.618
spoortje	2.618
perspectieven	2.618
moonlight	2.618
goedgezind	2.618
scopolamine	2.618
interpreteert	2.618
archiefkast	2.618
ludendorff	2.618
blinkend	2.618
zinvolle	2.618
jerri	2.618
kortingen	2.618
hervormd	2.618
george-michael	2.618
zemelen	2.618
esdoorn	2.618
cfd	2.618
typiste	2.618
linzen	2.618
schertsvertoning	2.618
gevalletje	2.618
ambulancepersoneel	2.618
radioverkeer	2.618
overschreed	2.618
ellsworth	2.618
studentenclub	2.618
pinken	2.618
teennagel	2.618
handenvol	2.618
peyote	2.618
broodtrommel	2.618
annabella	2.618
geformuleerd	2.618
gezinsleden	2.618
macallan	2.618
lesgeld	2.618
ones	2.618
waarnaartoe	2.618
jaffe	2.618
hoofdsteden	2.618
aangepraat	2.618
beslagen	2.618
zeggende	2.618
washburn	2.618
twitteren	2.618
gedenk	2.618
trainingsprogramma	2.618
zwerf	2.618
kreupelhout	2.618
derry	2.618
suctie	2.618
eckhardt	2.618
lowrey	2.618
kazon	2.618
clea	2.618
tweedracht	2.618
bewegingssensor	2.618
orient	2.618
hedendaags	2.618
alleman	2.618
sheperd	2.618
driehoeksverhouding	2.618
alise	2.618
artois	2.618
nitraat	2.618
basic	2.618
vereenvoudigen	2.618
mannitol	2.618
courier	2.618
puppie	2.618
nadoet	2.618
campo	2.618
flitste	2.618
saperstein	2.618
degraderen	2.618
erie	2.618
gerechtigd	2.618
grootspraak	2.618
choy	2.618
verslapt	2.618
tale	2.618
pattie	2.618
uruguay	2.618
natuurlijker	2.618
tentakel	2.618
schoolmeester	2.618
carcetti	2.618
junioren	2.618
botswana	2.618
abonnee	2.618
menten	2.618
hoofdchirurg	2.618
okido	2.618
avignon	2.618
zuiderling	2.618
grauwe	2.618
rolstoelen	2.618
basisschip	2.618
laserstraal	2.618
budgetten	2.618
minerale	2.618
codeïne	2.618
simple	2.618
papaja	2.618
driehoeken	2.618
bijtend	2.618
goocheltrucs	2.618
odi	2.618
knel	2.618
gemotiveerde	2.618
inham	2.618
beklimming	2.618
whitehead	2.618
esu	2.618
jutsu	2.618
onderricht	2.618
brompot	2.618
loopjongens	2.618
bergrug	2.618
neerlegde	2.618
schoor	2.618
beard	2.618
ongecontroleerd	2.618
handtasje	2.618
eyre	2.618
uitrust	2.618
verzwaard	2.618
sirena	2.618
doofpotaffaire	2.618
dumpty	2.618
kerkelijk	2.618
databanken	2.618
toetakelen	2.618
affair	2.618
ribs	2.618
lelijks	2.618
opbliezen	2.618
zoetekauw	2.618
fen	2.618
sweet-puppy	2.618
lakeien	2.618
noodrem	2.618
verwijfde	2.618
rekrutering	2.618
alarmsystemen	2.618
landingsplek	2.618
weesje	2.618
maids	2.618
neurose	2.618
telden	2.618
dragonfly	2.618
benghazi	2.618
anselmo	2.618
nachtlampje	2.618
opbouwde	2.618
equinox	2.618
nicu	2.618
distantiëren	2.618
lamsbout	2.618
vernielingen	2.618
peterman	2.618
squashen	2.618
pu	2.618
hindu	2.618
onbetwistbaar	2.618
doorademen	2.618
torrox-costa	2.618
blackbird	2.618
aanvaarde	2.618
astma-aanval	2.618
cascade	2.618
rijkspolitie	2.618
overwinteren	2.618
beziggehouden	2.618
gruweldaad	2.618
meier	2.618
trotseerde	2.618
paaseieren	2.618
sadisme	2.618
doodverklaard	2.618
baljurk	2.618
acrobaat	2.618
marianna	2.618
pickett	2.618
dienstrooster	2.618
significante	2.618
chastity	2.618
afvalverwerking	2.618
omvangrijk	2.618
onderwerpt	2.618
importeert	2.618
stumpers	2.618
schoensmeer	2.618
polsband	2.618
neha	2.618
onbewoonde	2.618
kasjmir	2.618
verzwikt	2.618
verwoestten	2.618
gig	2.618
verontreiniging	2.618
x-men	2.618
noordpoolgebied	2.618
tv-ster	2.618
dads	2.618
beterende	2.618
evita	2.618
weghaal	2.618
volkerenmoord	2.618
its	2.618
witchblade	2.618
chapin	2.618
dorpshoofd	2.618
newberry	2.618
oreo	2.618
openstelt	2.618
behind	2.618
bedwantsen	2.618
honoria	2.618
wilk	2.618
bezorgers	2.618
infiltranten	2.618
knipperlicht	2.618
lovelace	2.618
gluur	2.618
consequentie	2.618
listige	2.618
vernamen	2.618
bewegingssensoren	2.618
komkommers	2.618
mateloos	2.618
genitale	2.618
qiu	2.618
overdekt	2.618
snorkelen	2.618
flagrante	2.618
omrollen	2.618
gallerij	2.618
zaheer	2.618
aanmeren	2.618
geloofsbrieven	2.618
intolerant	2.618
geppetto	2.618
ning	2.618
veen	2.618
na-na	2.618
adamsappel	2.618
staatsman	2.618
clavo	2.618
uithaal	2.614
catco	2.614
middengewicht	2.614
investigations	2.614
rotjes	2.614
soledad	2.614
terstond	2.614
zatte	2.614
t.s.	2.614
cosmopolitan	2.614
jorgen	2.614
corina	2.614
knorrige	2.614
alarmcode	2.614
heuvelrug	2.614
rondliepen	2.614
fane	2.614
schnitzel	2.614
compromitterende	2.614
moren	2.614
afgeknald	2.614
serene	2.614
onvervalste	2.614
geo	2.614
lichtshow	2.614
karloff	2.614
feliciteert	2.614
observer	2.614
bronte	2.614
kling	2.614
amok	2.614
ferro	2.614
clam	2.614
verkrachtingszaak	2.614
sorrie	2.614
blu	2.614
diver	2.614
autistische	2.614
virtual	2.614
donaghy	2.614
ottomaanse	2.614
arrested	2.614
ooievaars	2.614
poedersuiker	2.614
grenzeloze	2.614
ontsteekt	2.614
uiteenlopende	2.614
visies	2.614
synchroniseren	2.614
trees	2.614
rotjong	2.614
kortsluiten	2.614
derevko	2.614
gann	2.614
ojai	2.614
grabbel	2.614
phelan	2.614
zaliger	2.614
terugbetaalt	2.614
karweitje	2.614
quinns	2.614
routinecontrole	2.614
thackeray	2.614
zinnetje	2.614
plunderden	2.614
liddell	2.614
bolhoed	2.614
ditje	2.614
rechtsgeldig	2.614
clock	2.614
koontz	2.614
onderwijst	2.614
trekkers	2.614
roofmoord	2.614
mclntyre	2.614
werkverleden	2.614
caramba	2.614
geleedpotigen	2.614
binnenzijde	2.614
bedroeg	2.614
toehappen	2.614
opgedaagd	2.614
luchtige	2.614
sole	2.614
vrijdagochtend	2.614
facetten	2.614
ledger	2.614
goeieavond	2.614
zeevogels	2.614
sinas	2.614
barca	2.614
afgeschoren	2.614
amfibische	2.614
flagstaff	2.614
ingelijst	2.614
afspiegeling	2.614
m2	2.614
g2	2.614
schoeisel	2.614
krokante	2.614
camry	2.614
verslavingen	2.614
margarine	2.614
trini	2.614
sierlijke	2.614
strekking	2.614
karlsson	2.614
duisters	2.614
doggy	2.614
geblunderd	2.614
aanzaten	2.614
quatermain	2.614
bonds	2.614
zeggend	2.614
hokage	2.614
pinkman	2.614
insteek	2.614
verslijten	2.614
codetaal	2.614
toeging	2.614
snakte	2.614
aanranden	2.614
vineyard	2.614
broeit	2.614
chain	2.614
ontvallen	2.614
aragon	2.614
glutenvrij	2.614
valkuil	2.614
tula	2.614
presentatrice	2.614
sproet	2.614
vermeerderen	2.614
verschrompeld	2.614
hortensia	2.614
gewelddadigheid	2.614
glinstert	2.614
gewichtsverlies	2.614
triomfen	2.614
vinvis	2.614
voorgerechten	2.614
longoedeem	2.614
darl	2.614
greppels	2.614
kloffie	2.614
nachtkijkers	2.614
zijns	2.614
deac	2.614
fathers	2.614
spatte	2.614
kwalijke	2.614
aanzag	2.614
alia	2.614
emotieloos	2.614
deunan	2.614
harkonnen	2.614
melig	2.614
revolution	2.614
beschimmeld	2.614
geknoopt	2.614
yogales	2.614
cardassiaan	2.614
kershaw	2.614
glycerine	2.614
hofstadter	2.614
haldeman	2.614
onbeschrijfelijk	2.614
ingestudeerd	2.614
hindi	2.614
kattig	2.614
reba	2.614
sokar	2.614
vrijmetselarij	2.614
opgeschept	2.614
wappert	2.614
nicolae	2.614
dylans	2.614
microts	2.614
sidewinder	2.614
abrahams	2.614
poseer	2.614
herleeft	2.614
fet	2.614
cyrano	2.614
reprimande	2.614
einden	2.614
hoekjes	2.614
telegraph	2.614
bliksemafleider	2.614
bramen	2.614
helios	2.614
banale	2.614
ingedut	2.614
bellagio	2.614
prat	2.614
inschat	2.614
grafton	2.614
heben	2.614
annulering	2.614
neutrino	2.614
armeens	2.614
arcadian	2.614
specialiseren	2.614
edmonton	2.614
volkoren	2.614
aileen	2.609
talkshows	2.609
kururugi	2.609
teruggepakt	2.609
muiten	2.609
zinnige	2.609
ultron	2.609
marquette	2.609
dna-profiel	2.609
sprite	2.609
nietsdoen	2.609
lonken	2.609
cognacje	2.609
toxische	2.609
marsepein	2.609
precedenten	2.609
tab	2.609
onderhevig	2.609
anjer	2.609
verwoestingen	2.609
microgolf	2.609
kleineert	2.609
taffy	2.609
bec	2.609
gemodificeerd	2.609
forget	2.609
uitwendige	2.609
vx	2.609
richtingsgevoel	2.609
iridium	2.609
zadels	2.609
remise	2.609
kitchener	2.609
gepatenteerde	2.609
poly	2.609
zeide	2.609
tribeca	2.609
broekjes	2.609
braziliaans	2.609
vertouwen	2.609
kerstgedachte	2.609
orgasmen	2.609
border	2.609
shadows	2.609
werkterrein	2.609
drinkend	2.609
onderhuids	2.609
teflon	2.609
gecontracteerd	2.609
spijkerpistool	2.609
tinder	2.609
donatella	2.609
jesper	2.609
achterhaal	2.609
deveraux	2.609
waterfles	2.609
doorgespit	2.609
behaalt	2.609
geopende	2.609
topjes	2.609
beslecht	2.609
dairy	2.609
bidet	2.609
eenoog	2.609
plaquette	2.609
fokt	2.609
geschaamd	2.609
onuitstaanbare	2.609
lorca	2.609
oninteressant	2.609
ruïneer	2.609
afzettingen	2.609
spalding	2.609
erfstukken	2.609
geldkist	2.609
maisy	2.609
zonnewind	2.609
keukendeur	2.609
intuitie	2.609
eddington	2.609
indiscretie	2.609
homerus	2.609
securities	2.609
optimistische	2.609
rijmpje	2.609
gelimiteerd	2.609
sho	2.609
kraus	2.609
farmaceutica	2.609
goodall	2.609
anarchistische	2.609
incheckte	2.609
gedecoreerde	2.609
lauda	2.609
champion	2.609
bovenhalen	2.609
bankwezen	2.609
vastgelijmd	2.609
medicinaal	2.609
good-bye	2.609
koothrappali	2.609
zia	2.609
manfredi	2.609
personeelsdossiers	2.609
zenith	2.609
erotiek	2.609
aartsbisdom	2.609
metamens	2.609
methanol	2.609
lines	2.609
natuurkrachten	2.609
interviewt	2.609
elon	2.609
danspasjes	2.609
verblindende	2.609
gecoacht	2.609
jurisprudentie	2.609
slagkracht	2.609
tangen	2.609
verfrissen	2.609
dumas	2.609
vlokken	2.609
tunis	2.609
opstralen	2.609
mcclain	2.609
gourmet	2.609
urinetest	2.609
onpraktisch	2.609
beginnersfout	2.609
clipper	2.609
exploitatie	2.609
gecreeerd	2.609
afleverde	2.609
celal	2.609
fikkie	2.609
luchtstuurders	2.609
malloten	2.609
beltoon	2.609
stoppels	2.609
communiceerden	2.609
privé-zaken	2.609
pasteitje	2.609
piron	2.609
investments	2.609
verzoeking	2.609
tuintje	2.609
onbeheersbaar	2.609
landeigenaar	2.609
astrofysicus	2.609
manipuleer	2.609
vangbal	2.609
teela	2.609
exchange	2.609
highlands	2.609
inlevert	2.609
weems	2.609
tuchtschool	2.609
beyond	2.609
kimberley	2.609
krachtmeting	2.609
supercool	2.609
kronos	2.609
campion	2.609
onderzoekende	2.609
binnenzak	2.609
truste	2.609
publiekelijke	2.609
receptoren	2.609
consulteren	2.609
50ste	2.609
fortitude	2.609
hoofdingenieur	2.609
korreltje	2.609
eastside	2.609
liniaal	2.609
huizenmarkt	2.609
racete	2.609
strudel	2.609
autosleutel	2.609
uitvoerbaar	2.609
naturel	2.609
cassetterecorder	2.609
imposante	2.609
stampte	2.609
fysisch	2.609
adresboekje	2.609
pongo	2.609
teefje	2.609
opgewerkt	2.609
soes	2.609
volwaardige	2.609
woonachtig	2.609
ontknoping	2.609
lowery	2.609
struisvogels	2.609
laagjes	2.609
zadeltas	2.609
assistent-directeur	2.609
travel	2.609
anatomische	2.609
verhinderde	2.609
bezoekerslijst	2.609
convergentie	2.609
brievenbussen	2.609
overtuigden	2.609
wenskaarten	2.609
afgekocht	2.609
bepleit	2.609
zwijgend	2.609
vrijwaren	2.609
concludeert	2.609
carrousel	2.609
cleaves	2.609
verslind	2.609
sudoku	2.609
linkeroor	2.609
ex-vriendinnen	2.609
verlaging	2.609
geestestoestand	2.609
baudelaires	2.609
habeas	2.609
originaliteit	2.609
acteerlessen	2.609
bijtje	2.609
gedaagd	2.609
woodbury	2.605
ussing	2.605
geheugensteuntje	2.605
cleaner	2.605
wolga	2.605
samenlevingen	2.605
regentes	2.605
opvreet	2.605
prancer	2.605
alt	2.605
villads	2.605
liefdesliedjes	2.605
iss	2.605
radioloog	2.605
ooo	2.605
paskamer	2.605
ding-dong	2.605
thorsen	2.605
sycamore	2.605
bezorgder	2.605
sadik	2.605
biscuits	2.605
ziin	2.605
geschoolde	2.605
fraiser	2.605
draaideur	2.605
greggs	2.605
stase	2.605
luminol	2.605
plop	2.605
argos	2.605
mcdermott	2.605
cancer	2.605
brandstichters	2.605
waring	2.605
klotedag	2.605
rank	2.605
vleesgeworden	2.605
etend	2.605
salma	2.605
gt	2.605
slipte	2.605
buchenwald	2.605
hedge	2.605
took	2.605
muiltjes	2.605
montelusa	2.605
dusverre	2.605
savings	2.605
hoofdleiding	2.605
bonner	2.605
werkwoorden	2.605
brandversneller	2.605
gevlochten	2.605
vergaderd	2.605
exporteren	2.605
chon	2.605
verdrievoudigen	2.605
peppen	2.605
onderstel	2.605
hamburgertent	2.605
goya	2.605
aansporing	2.605
kelten	2.605
franciscus	2.605
aframmeling	2.605
elba	2.605
macarena	2.605
schrob	2.605
speerpunt	2.605
verpakte	2.605
colcord	2.605
kranig	2.605
dolverliefd	2.605
rotvent	2.605
betovergrootvader	2.605
baant	2.605
kew	2.605
meemaakten	2.605
juicy	2.605
variëteit	2.605
smeerlapperij	2.605
rays	2.605
bastien	2.605
twaalfjarige	2.605
onlogische	2.605
vijfenzeventig	2.605
waargemaakt	2.605
tankers	2.605
ontstekingsmechanisme	2.605
stamford	2.605
gesimuleerde	2.605
leeuwerik	2.605
patholoog-anatoom	2.605
fonzie	2.605
tegenwerking	2.605
astraeus	2.605
autonoom	2.605
politiebureaus	2.605
roeispaan	2.605
ontregeld	2.605
schokgolven	2.605
spioneerde	2.605
seneca	2.605
afranseling	2.605
uitgleed	2.605
doelman	2.605
vliegvissen	2.605
hotelmanager	2.605
adoptieouders	2.605
mchale	2.605
ondervragers	2.605
verfde	2.605
gehavende	2.605
corral	2.605
kadetten	2.605
aangehaald	2.605
controleruimte	2.605
abyss	2.605
wapenrusting	2.605
ruggenwervel	2.605
bankovervallers	2.605
tucci	2.605
hoogstaande	2.605
lapte	2.605
inbinden	2.605
voorafje	2.605
iona	2.605
tolweg	2.605
z.s.m.	2.605
aftreedt	2.605
prowse	2.605
leng	2.605
gendarme	2.605
overnachting	2.605
mcginnis	2.605
roar	2.605
rub	2.605
reservist	2.605
officiersmess	2.605
autodealer	2.605
afhandeling	2.605
prieel	2.605
ijsvissen	2.605
loting	2.605
opvrolijkt	2.605
familiegraf	2.605
linds	2.605
privé-gesprek	2.605
lesgeeft	2.605
wisselwerking	2.605
realisme	2.605
zenuwcentrum	2.605
bezweren	2.605
verplegen	2.605
oudjaar	2.605
opsodemieteren	2.605
azalea	2.605
overton	2.605
zaagt	2.605
stolsel	2.605
blits	2.605
veiligheidspolitie	2.605
hampstead	2.605
maritieme	2.605
drijvers	2.605
schuilnamen	2.605
marika	2.605
functioneer	2.605
gefluit	2.605
kilimanjaro	2.605
cuisine	2.605
ongewassen	2.605
katapulten	2.605
toshi	2.605
frequent	2.605
collar	2.605
oezbekistan	2.605
cort	2.605
schonken	2.605
afgelasten	2.605
gelukstreffer	2.605
mathew	2.605
oostzijde	2.605
lootjes	2.605
strompelen	2.605
zathras	2.605
trawler	2.605
snapchat	2.605
atrian	2.605
breath	2.605
neerliggen	2.605
laplante	2.605
blacklist	2.605
napoleons	2.605
theedrinken	2.605
statussen	2.605
inleg	2.605
hijgend	2.605
gecast	2.605
vlammenwerpers	2.605
though	2.605
franje	2.605
thompkins	2.605
weesjes	2.605
aristocratie	2.605
verachting	2.605
woordspelingen	2.605
zeulen	2.605
manuelo	2.605
groove	2.605
gezel	2.605
hoeders	2.605
metcalfe	2.605
jeroen	2.605
viespeuken	2.605
corvis	2.605
gloeide	2.605
geworven	2.605
brazos	2.605
getikte	2.605
uitspreek	2.605
zippy	2.605
hindley	2.605
maryanne	2.605
gekkere	2.605
scruffy	2.605
quirke	2.605
vrijelijk	2.605
tommo	2.605
rheda	2.605
padvindster	2.605
ontplooien	2.605
naked	2.605
goedenmiddag	2.605
burnside	2.605
gezwam	2.605
luchtvochtigheid	2.605
vallarta	2.605
takeshi	2.605
innovatief	2.605
lister	2.605
0f	2.605
tuniek	2.605
lvpd	2.605
odyssee	2.605
imperialisme	2.605
rentmeester	2.605
parka	2.605
toewijzing	2.605
columbine	2.605
grandioze	2.605
brandweercommandant	2.601
kankerpatiënten	2.601
kesselring	2.601
wrigley	2.601
toys	2.601
geboerd	2.601
strengen	2.601
stenograaf	2.601
opjaagt	2.601
plantje	2.601
stampt	2.601
grensgebied	2.601
bate	2.601
belicht	2.601
eiji	2.601
schuster	2.601
justified	2.601
janek	2.601
inblazen	2.601
bestraald	2.601
saffraan	2.601
mundy	2.601
betuttelen	2.601
ulla	2.601
talmoed	2.601
all-star	2.601
aannemelijke	2.601
herinrichten	2.601
freed	2.601
manus	2.601
macaber	2.601
guise	2.601
overnames	2.601
hartziekte	2.601
opschorten	2.601
afdelingshoofden	2.601
josefine	2.601
fincher	2.601
vernis	2.601
symptonen	2.601
moneypenny	2.601
swastika	2.601
fixen	2.601
daarenboven	2.601
bloedtype	2.601
ishmael	2.601
kadaster	2.601
afhandel	2.601
a.b.	2.601
legrand	2.601
kady	2.601
salueer	2.601
lijdende	2.601
pauwen	2.601
tolson	2.601
tussenpozen	2.601
hoofdwonde	2.601
pantsers	2.601
leegdrinken	2.601
hex	2.601
omgeeft	2.601
darwins	2.601
ombrengt	2.601
aanstellerij	2.601
schetsboek	2.601
unanieme	2.601
ingewerkt	2.601
pockets	2.601
turbulente	2.601
begrafenisonderneming	2.601
wetenschaps	2.601
featherstone	2.601
slipper	2.601
onbegrensde	2.601
basissen	2.601
kruiswoordraadsel	2.601
haalbare	2.601
fender	2.601
perk	2.601
afluister	2.601
brunt	2.601
goedzak	2.601
beveiligingsagent	2.601
vergevorderde	2.601
bubber	2.601
calculon	2.601
opwaarts	2.601
snijtanden	2.601
gerardi	2.601
voorbehoedsmiddelen	2.601
villette	2.601
albion	2.601
aanhangsel	2.601
kitsch	2.601
malkovich	2.601
seminars	2.601
werkschema	2.601
evolueerde	2.601
personeelsdossier	2.601
samengestelde	2.601
recordtijd	2.601
kaapte	2.601
dolphin	2.601
jinn	2.601
morello	2.601
cheetos	2.601
papaver	2.601
claypool	2.601
wuornos	2.601
riddle	2.601
radek	2.601
meesterplan	2.601
teistert	2.601
altmann	2.601
cervantes	2.601
formeren	2.601
hulpvaardig	2.601
brandblussers	2.601
drilboor	2.601
ontrafeld	2.601
jessop	2.601
pestten	2.601
alchemy	2.601
ivory	2.601
shuffle	2.601
oubollig	2.601
middenvelder	2.601
ontslagvergoeding	2.601
une	2.601
blitzen	2.601
vandal	2.601
cookies	2.601
nippen	2.601
gsm-nummer	2.601
belasterd	2.601
kleineer	2.601
luxaan	2.601
duurdere	2.601
lease	2.601
tender	2.601
naylor	2.601
hoerenloper	2.601
puurste	2.601
voorblijven	2.601
gesnuffeld	2.601
pucks	2.601
yokohama	2.601
tinteling	2.601
teugen	2.601
figuurtje	2.601
onderdompelen	2.601
muilkorf	2.601
bontjassen	2.601
batmobile	2.601
natsu	2.601
onstuitbaar	2.601
raimy	2.601
trommelen	2.601
elan	2.601
fork	2.601
gastspreker	2.601
landmassa	2.601
unique	2.601
geprojecteerd	2.601
japetie	2.601
p-47	2.601
achterbuurten	2.601
t-bag	2.601
tijm	2.601
timon	2.601
pantheon	2.601
snavels	2.601
salpeter	2.601
bezuinigd	2.601
waagschaal	2.601
prostaatkanker	2.601
industrial	2.601
purperen	2.601
discutabel	2.601
cowan	2.601
onverstaanbaar	2.601
audit	2.601
classificatie	2.601
crying	2.601
secretariaat	2.601
shank	2.601
buitendeur	2.601
economy	2.601
bezighield	2.601
carrosserie	2.601
zeiler	2.601
towne	2.601
soundcheck	2.601
tims	2.601
pijnmedicatie	2.601
rada	2.601
spoedafdeling	2.601
bureaula	2.601
rift	2.601
ziekteverzekering	2.601
woelige	2.601
mikes	2.601
chimp	2.601
chimps	2.601
mĳ	2.601
havre	2.601
wildlingen	2.601
fameuze	2.601
mod	2.601
pluspunten	2.601
tankstations	2.601
vedek	2.601
quotum	2.601
person	2.601
friemelen	2.601
minutieus	2.601
called	2.601
flambeau	2.601
keukenmeid	2.601
bainbridge	2.601
godsdiensten	2.601
toverwoord	2.601
crises	2.601
maltese	2.601
weense	2.601
chica	2.601
corporaties	2.601
leenden	2.601
gezanten	2.601
kaalheid	2.601
rectaal	2.601
onmiskenbare	2.601
gekluisterd	2.601
opknapbeurt	2.601
toeslag	2.601
benaderden	2.601
tandwielen	2.601
bouwproject	2.601
schakelbord	2.601
citrus	2.601
ingeblikt	2.601
avin	2.601
sorenson	2.601
zoontjes	2.601
granieten	2.601
geinspireerd	2.601
doorgestreept	2.601
kopzorgen	2.601
alby	2.601
protheses	2.601
kunstgalerie	2.601
titelgevecht	2.601
chianti	2.601
bagageruimte	2.597
laatbloeier	2.597
bezichtiging	2.597
voortstuwing	2.597
duikpak	2.597
wankele	2.597
verduistert	2.597
bibbers	2.597
terugstuurt	2.597
zwetend	2.597
spalken	2.597
aantekenen	2.597
uitzuigen	2.597
iederen	2.597
aanspreekbaar	2.597
dagschotel	2.597
ep	2.597
barrès	2.597
shoe	2.597
newtons	2.597
kallus	2.597
esta	2.597
maagzweren	2.597
geruststellende	2.597
wapenbroeders	2.597
gevallenen	2.597
overdadig	2.597
nandi	2.597
murw	2.597
latente	2.597
urinemonster	2.597
vergelijkende	2.597
signeer	2.597
gamby	2.597
onderarmen	2.597
nebula	2.597
geneesheer	2.597
stekkie	2.597
asami	2.597
diepvriezer	2.597
opry	2.597
bestorming	2.597
ponyo	2.597
vrieskou	2.597
grondiger	2.597
ondervond	2.597
beschuit	2.597
afdingen	2.597
electronica	2.597
ín	2.597
rechteroor	2.597
truukjes	2.597
opgespaard	2.597
omgetoverd	2.597
invaliden	2.597
vastklampt	2.597
uitgehuwelijkt	2.597
b-24	2.597
idioots	2.597
gewreven	2.597
stepan	2.597
arbeidsverleden	2.597
platvoeten	2.597
chapter	2.597
gammele	2.597
vergoedt	2.597
rove	2.597
ml5	2.597
browser	2.597
35e	2.597
perskaart	2.597
popper	2.597
terughaalt	2.597
acroniem	2.597
kleingeestig	2.597
pittiger	2.597
rivale	2.597
augusto	2.597
flashpoint	2.597
luitenant-generaal	2.597
hesse	2.597
gravity	2.597
chiu	2.597
pioneer	2.597
zieligste	2.597
gewichtloos	2.597
greenville	2.597
losgekomen	2.597
hennessy	2.597
slurpen	2.597
topgeheime	2.597
vrieskist	2.597
bertus	2.597
macedonië	2.597
mandalay	2.597
lofrede	2.597
borreltje	2.597
overblijvende	2.597
initiatie	2.597
kletsten	2.597
graat	2.597
uitkeringen	2.597
heeftje	2.597
overlevering	2.597
touche	2.597
torpedojagers	2.597
elinor	2.597
rockmuziek	2.597
haihai	2.597
vii	2.597
zenuwcellen	2.597
kiezels	2.597
insinuatie	2.597
zaman	2.597
mercado	2.597
synapsen	2.597
tastbaars	2.597
directoraat	2.597
grunts	2.597
concludeer	2.597
welvarende	2.597
aquino	2.597
patrouilleert	2.597
kalverliefde	2.597
graantje	2.597
omcirkelen	2.597
wicker	2.597
extravagante	2.597
connally	2.597
onscherp	2.597
slate	2.597
satellietverbinding	2.597
foetussen	2.597
bijrijder	2.597
hippix	2.597
kappertjes	2.597
gereset	2.597
nagaat	2.597
graads	2.597
voorhamer	2.597
conservator	2.597
banier	2.597
mystique67	2.597
auteursrecht	2.597
bowles	2.597
rollers	2.597
beginnelingen	2.597
weghoudt	2.597
getik	2.597
mancuso	2.597
mohinder	2.597
wilgul	2.597
doorgeef	2.597
pummels	2.597
aanblijven	2.597
kaj	2.597
virginie	2.597
oogkassen	2.597
watervoorraad	2.597
botstructuur	2.597
onderwijzers	2.597
gemolken	2.597
luthors	2.597
hofdame	2.597
minpunten	2.597
pizzatent	2.597
rasta	2.597
targaryen	2.597
onbalans	2.597
onwillig	2.597
dansschool	2.597
plo	2.597
slaperige	2.597
taakomschrijving	2.597
karaats	2.597
sorrento	2.597
aangehad	2.597
kaffer	2.597
manley	2.597
letitia	2.597
colleano	2.597
beschietingen	2.597
afschrikmiddel	2.597
injagen	2.597
xing	2.597
conte	2.597
bilaterale	2.597
bolivar	2.597
villiers	2.597
bricks	2.597
verouderen	2.597
vrijdags	2.597
ezequiel	2.597
knife	2.597
ingejaagd	2.597
veroordelend	2.597
triumph	2.597
hocus-pocus	2.597
ck	2.597
broekpak	2.597
linoleum	2.597
verjaardagsfeestjes	2.597
avondjurk	2.597
dwingend	2.597
leung	2.597
genesteld	2.597
nunez	2.597
algernon	2.597
noga	2.597
naaldhakken	2.597
ongeopend	2.597
photoshop	2.597
thermoskan	2.597
waakte	2.597
bokken	2.597
losbarst	2.597
haastige	2.597
puss	2.597
toelichting	2.597
roodhuiden	2.597
auerbach	2.597
emt	2.597
aandurft	2.597
instapkaart	2.597
lichaamssappen	2.597
mendel	2.597
warlock	2.597
hakenkruis	2.597
serverruimte	2.597
poetin	2.597
huisknecht	2.597
identiteitspapieren	2.597
drax	2.597
afgedankte	2.597
zeldzamer	2.597
luchtschacht	2.597
geperforeerd	2.593
bemerkte	2.593
smokings	2.593
geaarzeld	2.593
adopteer	2.593
bonsoir	2.593
autobanden	2.593
eskadron	2.593
vuurballen	2.593
aurelio	2.593
ontvangstcomité	2.593
bunyan	2.593
schedelfractuur	2.593
oorlel	2.593
herd	2.593
tochtig	2.593
reserveonderdelen	2.593
ontkracht	2.593
veiligheidsmaatregel	2.593
boerenpummels	2.593
afspreekt	2.593
omni	2.593
uitliet	2.593
zogezegde	2.593
rustgevende	2.593
uitgespuugd	2.593
planteneters	2.593
houghton	2.593
madeira	2.593
ontvouwen	2.593
betadine	2.593
herziene	2.593
stardust	2.593
treinstations	2.593
uitgeblust	2.593
plaaggeest	2.593
printers	2.593
halveren	2.593
leesvoer	2.593
krauss	2.593
phone	2.593
buitenverblijf	2.593
bevlogen	2.593
bookie	2.593
gilfoyle	2.593
paleontoloog	2.593
russian	2.593
verdedigingswonden	2.593
doornat	2.593
mej.	2.593
eenzaat	2.593
plunderde	2.593
brûlée	2.593
bouillabaisse	2.593
koningin-moeder	2.593
goedschiks	2.593
muse	2.593
dokteren	2.593
reputaties	2.593
significant	2.593
monetaire	2.593
versnellingspook	2.593
saïd	2.593
wereldbank	2.593
onbewezen	2.593
peyrac	2.593
lagertha	2.593
weird	2.593
verwennerij	2.593
existentiële	2.593
ramiro	2.593
snollen	2.593
handigheid	2.593
inscripties	2.593
vrijliet	2.593
luchtbasis	2.593
meachum	2.593
trommelvliezen	2.593
velasco	2.593
novice	2.593
elyan	2.593
hardstikke	2.593
geneuzel	2.593
natuurkracht	2.593
handelspost	2.593
streets	2.593
fraulein	2.593
gekartelde	2.593
heathers	2.593
rumba	2.593
aktes	2.593
adiós	2.593
miraculeus	2.593
brix	2.593
regens	2.593
jeweetwel	2.593
knockout	2.593
garvin	2.593
kreunde	2.593
telekinetische	2.593
wagenwijd	2.593
situation	2.593
fab	2.593
fleuren	2.593
zorgen.	2.593
delancey	2.593
stussy	2.593
egoistische	2.593
estates	2.593
meededen	2.593
jadalla	2.593
zwerfkat	2.593
meeslepend	2.593
toots	2.593
wanhopiger	2.593
dress	2.593
sektes	2.593
swayze	2.593
besluiteloos	2.593
guild	2.593
onderlegd	2.593
pianolessen	2.593
sculpturen	2.593
oost-berlijn	2.593
droomvrouw	2.593
tegoedbon	2.593
beheerders	2.593
levenssystemen	2.593
acme	2.593
brookes	2.593
zevenhonderd	2.593
verhoorde	2.593
sacco	2.593
privé-school	2.593
utopium	2.593
ray-ray	2.593
gade	2.593
plaspauze	2.593
uitzocht	2.593
samenbrengt	2.593
weggevlucht	2.593
bevrijder	2.593
marthe	2.593
interpretaties	2.593
ontmaskert	2.593
elderman	2.593
myanmar	2.593
fiftyfifty	2.593
eph	2.593
gael	2.593
studiebeurzen	2.593
afgestompt	2.593
hannover	2.593
rental	2.593
anamnese	2.593
pulsars	2.593
hem.	2.593
panini	2.593
aclu	2.593
verdwaasd	2.593
auckland	2.593
bloemblaadjes	2.593
flashdrive	2.593
briony	2.593
maniac	2.593
cryogene	2.593
mica	2.593
hipster	2.593
fuhrer	2.593
imperialistische	2.593
grumpy	2.593
krenterig	2.593
kaya	2.593
gedachtelezen	2.593
costner	2.593
rincon	2.593
ooi	2.593
uitstoten	2.593
verdoezelt	2.593
blozende	2.593
aardlingen	2.593
gilchrist	2.593
windvlaag	2.593
draaft	2.593
patroonheilige	2.593
wapenwinkel	2.593
caza	2.593
sergeanten	2.593
egyptenaar	2.593
dealtje	2.593
marcheerde	2.593
peperkoek	2.593
conferentiekamer	2.593
chulak	2.593
reclameborden	2.593
tafelvoetbal	2.593
fagan	2.593
geprotesteerd	2.593
recon	2.593
basketbalveld	2.593
andres	2.593
tsjaad	2.593
wreekt	2.593
omroeper	2.593
frivool	2.593
plausibele	2.593
kerkkoor	2.593
burris	2.593
gangs	2.593
islamitisch	2.593
cirkelzaag	2.593
herriner	2.593
marsmannetje	2.593
rafaël	2.593
damar	2.593
dromend	2.593
alban	2.593
nietzschean	2.593
toebrengt	2.593
wegblazen	2.593
ziekenafdeling	2.593
toevoegingen	2.593
impulsmotoren	2.593
diddy	2.593
uitwisselingsstudent	2.593
radiateur	2.593
gedemonstreerd	2.593
ambulancebroeder	2.593
zwerfhonden	2.593
gekalibreerd	2.593
luisterd	2.593
gargamel	2.593
illustratie	2.593
flut	2.593
goudzoekers	2.593
goines	2.593
cafeïnevrije	2.593
jockeys	2.593
kernen	2.593
wanhopen	2.593
ezechiël	2.593
merde	2.593
zijn-	2.593
onbegrijpelijke	2.593
metamensen	2.593
nazien	2.593
hally	2.593
verbroederen	2.593
mondo	2.593
sidderen	2.593
kortstondige	2.593
barnabas	2.593
usain	2.593
doodsaai	2.593
rotzooide	2.593
persoontje	2.593
verbreed	2.593
sd	2.593
zo-even	2.593
ek	2.593
waande	2.593
politie-agent	2.593
olivers	2.593
rangoon	2.593
hartafwijking	2.593
p3	2.593
dm	2.593
doelpunten	2.588
serven	2.588
tsjetsjenen	2.588
loo	2.588
portiers	2.588
werkeloosheid	2.588
scherpste	2.588
haarband	2.588
suggestieve	2.588
dorfman	2.588
longembolie	2.588
janette	2.588
smaakvolle	2.588
bundels	2.588
plaga	2.588
overstaken	2.588
seba28	2.588
neuriet	2.588
persephone	2.588
verstandelijk	2.588
quarks	2.588
wieldoppen	2.588
meespeelde	2.588
arash	2.588
nestelt	2.588
shopping	2.588
haarverf	2.588
verblijden	2.588
obscuur	2.588
hoogwaardig	2.588
juist.	2.588
hartprobleem	2.588
knows	2.588
postbodes	2.588
monorail	2.588
quin	2.588
befaamd	2.588
videospellen	2.588
waarneembaar	2.588
chamond	2.588
oogopslag	2.588
etmaal	2.588
dromerig	2.588
stands	2.588
kruimeltje	2.588
crocodile	2.588
grondvesten	2.588
nazorg	2.588
simuleert	2.588
schimmige	2.588
tornooi	2.588
wantrouw	2.588
krabbels	2.588
rotor	2.588
topklasse	2.588
nieuwszender	2.588
filippijnse	2.588
suleiman	2.588
liefdesdrank	2.588
gettin	2.588
kinderarbeid	2.588
drazi	2.588
arliss	2.588
mensenmassa	2.588
aanvraagformulier	2.588
stroomversnelling	2.588
regal	2.588
scoville	2.588
meteor	2.588
subduraal	2.588
watching	2.588
binnenhaalt	2.588
nickie	2.588
gerechtsdienaar	2.588
appleton	2.588
verwekte	2.588
klinkerhoffen	2.588
stolling	2.588
lichtblauwe	2.588
abonnees	2.588
overijverige	2.588
kundige	2.588
wenselijk	2.588
duivelin	2.588
duiten	2.588
romances	2.588
buitenlijn	2.588
ongedekt	2.588
autoritair	2.588
schoven	2.588
uitbuit	2.588
conceptie	2.588
poseerde	2.588
geheelonthouder	2.588
michela	2.588
scherpzinnigheid	2.588
loopbrug	2.588
active	2.588
hondsdol	2.588
galopperen	2.588
sac	2.588
pausen	2.588
megs	2.588
zwetende	2.588
aslan	2.588
censureren	2.588
moxon	2.588
swami	2.588
bindingsangst	2.588
scepticus	2.588
highlights	2.588
wrang	2.588
leather	2.588
fervent	2.588
vino	2.588
dunken	2.588
afweerwonden	2.588
gevaarlijkst	2.588
duizendste	2.588
escaleerde	2.588
sorteer	2.588
donkerblauw	2.588
knoflookbrood	2.588
meegedeeld	2.588
maximumsnelheid	2.588
lenox	2.588
moordpartij	2.588
visualiseer	2.588
weggooi	2.588
corto	2.588
pacha	2.588
dichtgetimmerd	2.588
jay-z	2.588
capituleren	2.588
budapest	2.588
welgestelde	2.588
futon	2.588
jigsaw	2.588
pads	2.588
airways	2.588
hooks	2.588
gecko	2.588
weirdo	2.588
rouen	2.588
ijverige	2.588
tennyson	2.588
gelijktijdige	2.588
jonkhere	2.588
bop	2.588
ontnuchteren	2.588
opdringerige	2.588
gevechtspiloot	2.588
heuptasje	2.588
gereguleerd	2.588
verlengstuk	2.588
aanmeldingen	2.588
monnikskap	2.588
nachtvlucht	2.588
levensfuncties	2.588
cayenne	2.588
vanna	2.588
eminente	2.588
schol	2.588
logde	2.588
rig	2.588
niemendal	2.588
calypso	2.588
zegende	2.588
entertainen	2.588
sticky	2.588
bruiser	2.588
toegangspoort	2.588
vestig	2.588
bereidden	2.588
respectvolle	2.588
stadse	2.588
overdraagbaar	2.588
hinder	2.588
inpraten	2.588
mept	2.588
onvruchtbare	2.588
coli	2.588
huer	2.588
makes	2.588
gregs	2.588
rules	2.588
teamgeest	2.588
leegpompen	2.588
waverider	2.588
geluiddicht	2.588
flame	2.588
passionnel	2.588
gejoel	2.588
lokmiddel	2.588
achtige	2.588
clandestien	2.588
uitmesten	2.588
reclamespotje	2.588
vierenhalf	2.588
evolutionair	2.588
norwich	2.588
kiekjes	2.588
autokerkhof	2.588
hartklachten	2.588
commandeer	2.588
vermengt	2.588
rasechte	2.588
provolone	2.588
getuigschrift	2.588
bambino	2.588
pixie	2.588
ongewilde	2.588
mcc	2.588
verschrompelen	2.588
spivak	2.588
wanordelijk	2.588
tapt	2.588
nanites	2.588
bijeengekomen	2.588
blijfje	2.588
gescheeld	2.588
smederij	2.588
players	2.588
a.i.	2.588
merknaam	2.588
deukje	2.588
keystone	2.588
prepareren	2.588
afschaffing	2.588
merv	2.588
ontploffende	2.588
toegeëigend	2.588
tuco	2.588
toereikend	2.588
nowhere	2.588
gepocheerde	2.588
badzout	2.588
noodkreet	2.588
vertik	2.588
onthef	2.588
survivor	2.588
pijnbestrijding	2.588
triffids	2.588
waargebeurde	2.588
gekruide	2.588
showcase	2.588
domoren	2.588
venezolaanse	2.588
hostess	2.588
motorclub	2.588
lying	2.588
chibs	2.588
afgewimpeld	2.588
gevaccineerd	2.588
weert	2.588
weke	2.588
sto	2.588
weeshuizen	2.588
corners	2.588
trillend	2.588
trader	2.588
fanta	2.584
stengels	2.584
deugdzame	2.584
haverstock	2.584
creighton	2.584
interplanetaire	2.584
rq	2.584
gebochelde	2.584
doorgeschakeld	2.584
jennifers	2.584
verschrompelde	2.584
bewandelt	2.584
deurklink	2.584
betogers	2.584
messing	2.584
omgangsverbod	2.584
briana	2.584
heimlich	2.584
liquidatie	2.584
flitst	2.584
siësta	2.584
aborteren	2.584
kiley	2.584
navolging	2.584
bradbury	2.584
waf	2.584
herschikt	2.584
kobold	2.584
kapitalisten	2.584
fogarty	2.584
huwelijksakte	2.584
songwriter	2.584
wegener	2.584
surehand	2.584
stipjes	2.584
gevorderden	2.584
speelkaarten	2.584
skydiven	2.584
motorpech	2.584
lifestyle	2.584
krakelingen	2.584
doodschrikken	2.584
zodadelijk	2.584
sadako	2.584
dinky	2.584
hibbert	2.584
lokalen	2.584
pompte	2.584
kwitanties	2.584
ontvangenis	2.584
afgekeken	2.584
beroepshalve	2.584
uitzit	2.584
koperdraad	2.584
rasheed	2.584
bevaren	2.584
amberle	2.584
nachtzoen	2.584
dd	2.584
kariboe	2.584
betrokkene	2.584
bloggen	2.584
antiekzaak	2.584
provinciaal	2.584
ongemarkeerde	2.584
lisette	2.584
uitrollen	2.584
opruimingsdienst	2.584
marcelle	2.584
ozon	2.584
dicteert	2.584
kwikzilver	2.584
dreggen	2.584
lordship	2.584
teleurstellende	2.584
verslaggeving	2.584
depositie	2.584
wonend	2.584
sperry	2.584
opendoe	2.584
moshe	2.584
verhandelt	2.584
anka	2.584
adamson	2.584
transformeer	2.584
stierenvechter	2.584
hilliard	2.584
venten	2.584
smoak	2.584
afbouwen	2.584
paracelsus	2.584
brulde	2.584
stapeltje	2.584
vercingetorix	2.584
vrouwenlichaam	2.584
kasboek	2.584
ex-militairen	2.584
ruimtepakken	2.584
dunlap	2.584
farad	2.584
bevrijdingsfront	2.584
olav	2.584
senorita	2.584
microchips	2.584
essie	2.584
penseel	2.584
decors	2.584
infecteerde	2.584
uitstervend	2.584
toegehapt	2.584
reddingspoging	2.584
kansberekening	2.584
ontkiemen	2.584
werft	2.584
post-traumatische	2.584
vlijmscherp	2.584
torre	2.584
golfers	2.584
stina	2.584
overtuigingskracht	2.584
droogste	2.584
geluksnummer	2.584
werving	2.584
toedekken	2.584
rumoerig	2.584
levensgrote	2.584
juul	2.584
smsje	2.584
slaapproblemen	2.584
lowen	2.584
geisoleerd	2.584
tibor	2.584
geert	2.584
wistje	2.584
griffins	2.584
tsui	2.584
twinkel	2.584
lichtkogel	2.584
hurricanes	2.584
harriman	2.584
verfrissende	2.584
biltmore	2.584
verlichtte	2.584
onderbetaald	2.584
guten	2.584
hartverscheurende	2.584
volumia	2.584
wilberforce	2.584
gurjit	2.584
verschool	2.584
hey.	2.584
robben	2.584
succesverhaal	2.584
pucci	2.584
tarotkaarten	2.584
gatorade	2.584
ingesneeuwd	2.584
frampton	2.584
jingles	2.584
lichtenstein	2.584
munoz	2.584
stent	2.584
treurende	2.584
plimpton	2.584
belachelijks	2.584
televisies	2.584
mungo	2.584
prostituée	2.584
handels	2.584
teruggelegd	2.584
risicovolle	2.584
grondleggers	2.584
enemy	2.584
borstzak	2.584
patriottisch	2.584
rationaliseren	2.584
gecertificeerde	2.584
redacteuren	2.584
bowery	2.584
onbesproken	2.584
cyaankali	2.584
spectrometer	2.584
pincus	2.584
herschrijf	2.584
maximaliseren	2.584
regisseer	2.584
hae	2.584
overredingskracht	2.584
arbeidskrachten	2.584
mixt	2.584
creeren	2.584
caz	2.584
identiteitsbewijzen	2.584
doorzagen	2.584
orthodontist	2.584
pimp	2.584
oberon	2.584
ronddraait	2.584
telefoneer	2.584
blitse	2.584
gewauwel	2.584
gulzige	2.584
treitert	2.584
stoick	2.584
bosnische	2.584
strasser	2.584
talmadge	2.584
dioxine	2.584
pacman	2.584
alla	2.584
mistige	2.584
reva	2.584
ontspoort	2.584
jute	2.584
oekraïners	2.584
anouk	2.584
bms	2.584
enderby	2.584
rockland	2.584
raya	2.584
geniep	2.584
boezemt	2.584
mishandelingen	2.579
pikkedonker	2.579
sorcerer	2.579
raccoon	2.579
milieuvriendelijk	2.579
weetjes	2.579
ijl	2.579
stilstond	2.579
behoeftigen	2.579
geselecteerde	2.579
wasabi	2.579
beeldhouwwerk	2.579
lhasa	2.579
bakjes	2.579
patagonië	2.579
cherise	2.579
pijpleidingen	2.579
hagrid	2.579
gerechtvaardigde	2.579
droogde	2.579
daenerys	2.579
hengels	2.579
glinstering	2.579
doorgevoerd	2.579
koerdische	2.579
ochmonek	2.579
rosso	2.579
shame	2.579
pakistanen	2.579
bonne	2.579
geborgenheid	2.579
kalahari	2.579
sloeries	2.579
vóórdat	2.579
aspiraties	2.579
childers	2.579
jirachi	2.579
pretorianen	2.579
verslond	2.579
kroatische	2.579
opleving	2.579
catania	2.579
reviews	2.579
eileiders	2.579
toegangspas	2.579
krieg	2.579
koi	2.579
precrime	2.579
kiemen	2.579
biechtmoeder	2.579
lompoc	2.579
zoltan	2.579
voortdoen	2.579
zonken	2.579
password	2.579
donzig	2.579
natalya	2.579
sentimentaliteit	2.579
competities	2.579
onverzadigbare	2.579
tegenovergesteld	2.579
withers	2.579
bestraffing	2.579
hoffelijke	2.579
oorlellen	2.579
oli	2.579
warlow	2.579
waarheidsgetrouw	2.579
blaar	2.579
bagley	2.579
gevangennemen	2.579
achtbanen	2.579
boekenplank	2.579
dosissen	2.579
très	2.579
hecate	2.579
geïmporteerde	2.579
zatlappen	2.579
jackman	2.579
lengtes	2.579
dipje	2.579
agressor	2.579
kakelen	2.579
regressie	2.579
oorontsteking	2.579
gilden	2.579
klux	2.579
blokkeerden	2.579
symmetrische	2.579
yossi	2.579
haaruitval	2.579
flirterig	2.579
gelakt	2.579
stembiljet	2.579
schoonmaakmiddelen	2.579
ranchers	2.579
tussentijdse	2.579
argon	2.579
kleertjes	2.579
shillings	2.579
fellowship	2.579
leerschool	2.579
rivieroever	2.579
tandheelkunde	2.579
navarra	2.579
fusilleren	2.579
ariane	2.579
braadpan	2.579
bevestigend	2.579
gepijnigd	2.579
uitbater	2.579
premium	2.579
potato	2.579
authority	2.579
marilla	2.579
daklozenopvang	2.579
caprice	2.579
rapid	2.579
dagmar	2.579
koffiekamer	2.579
meechum	2.579
geforceerde	2.579
overhaal	2.579
schuldiger	2.579
aantijging	2.579
magertjes	2.579
wegreden	2.579
vaccineren	2.579
moulterd	2.579
charlottes	2.579
consultatie	2.579
u.s.s.	2.579
droombeeld	2.579
verstrooien	2.579
violetta	2.579
onderhandelaars	2.579
warne	2.579
kernsmelting	2.579
zalfje	2.579
koppelingen	2.579
wharf	2.579
bastiaan	2.579
snikkend	2.579
houders	2.579
daarnaartoe	2.579
gewichtig	2.579
waggel	2.579
geneert	2.579
kopstukken	2.579
getorpedeerd	2.579
dorpshuis	2.579
inschakelt	2.579
beklaag	2.579
fobieën	2.579
opgepoetst	2.579
peppone	2.579
guards	2.579
ritselaar	2.579
culinair	2.579
titaan	2.579
verdrijf	2.579
buitenechtelijk	2.579
loyalisten	2.579
gedaanteverwisselaar	2.579
urca	2.579
samensmelting	2.579
idolen	2.579
29ste	2.579
dolen	2.579
vrijdagen	2.579
brandbom	2.579
verwikkelingen	2.579
praktischer	2.579
behelst	2.579
hospice	2.579
vocale	2.579
carburator	2.579
doorbrak	2.579
thunk	2.579
ophaalbrug	2.579
hypoxie	2.579
screenen	2.579
rentenieren	2.579
uitgestrooid	2.579
greeley	2.579
genadeslag	2.579
grondbeginselen	2.579
moderner	2.579
waarneemt	2.579
jeri	2.579
dansschoenen	2.579
catalogiseren	2.579
valsheid	2.579
hypertensie	2.579
badminton	2.579
bewaarheid	2.579
khartoum	2.579
shiraz	2.579
rahm	2.579
teleurstelde	2.579
caravans	2.579
roseanne	2.579
serieverkrachter	2.579
telefoonpaal	2.579
rolfe	2.579
busby	2.579
dicte	2.579
pappen	2.579
ovale	2.579
bruten	2.579
bekoorlijk	2.579
ivo	2.579
vooruitlopen	2.579
benedenverdieping	2.579
mwah	2.579
bedraad	2.579
misère	2.579
ondertoon	2.579
cordell	2.579
vereisten	2.579
ruzieën	2.579
geinformeerd	2.579
göteborg	2.579
cantina	2.579
eminem	2.579
suikerriet	2.579
centaur	2.579
viervoudige	2.579
fusion	2.579
onweersbui	2.579
bloedmooie	2.579
maester	2.579
obergruppenführer	2.579
antibioticum	2.579
thorazine	2.579
vincents	2.579
molde	2.579
vooropgezet	2.579
ashur	2.579
negro	2.579
abercrombie	2.579
lillith	2.579
delicatessen	2.579
gabbers	2.579
snijder	2.579
walls	2.579
slagersmes	2.579
knietje	2.579
ontleding	2.579
gestompt	2.579
succesvoller	2.579
taxatie	2.579
gto	2.579
legerleiding	2.579
armenië	2.579
marges	2.579
importeur	2.579
laesies	2.575
boodschappenlijst	2.575
brandstoftank	2.575
eilandjes	2.575
credo	2.575
khasinau	2.575
deinst	2.575
conserveren	2.575
staaltjes	2.575
lauryn	2.575
voldragen	2.575
kalmerends	2.575
opknopen	2.575
nteresseerd	2.575
heineken	2.575
bazelen	2.575
westin	2.575
kwartels	2.575
straatgevecht	2.575
hoofdlijn	2.575
pym	2.575
salome	2.575
geluidsman	2.575
getreurd	2.575
paulsen	2.575
geurige	2.575
biscayne	2.575
kanonnier	2.575
vliegbrevet	2.575
boerenlul	2.575
beep	2.575
concha	2.575
soppen	2.575
modelburger	2.575
uitgerangeerd	2.575
wollige	2.575
rampgebied	2.575
nyssa	2.575
yarborough	2.575
getackeld	2.575
stockwell	2.575
salut	2.575
hermione	2.575
babel	2.575
gestrooid	2.575
butterscotch	2.575
koppelaar	2.575
tractie	2.575
krycek	2.575
vluchtwagen	2.575
claridge	2.575
vrijkopen	2.575
aangekocht	2.575
roemrijke	2.575
karnemelk	2.575
archipel	2.575
schooluniform	2.575
zaterdags	2.575
sjoemelen	2.575
merckx	2.575
mopper	2.575
juwelendief	2.575
coq	2.575
propt	2.575
trimmen	2.575
nakijkt	2.575
stoomschip	2.575
hilde	2.575
bewakings	2.575
ahornsiroop	2.575
jamaicanen	2.575
afro-amerikaans	2.575
zwaartepunt	2.575
gearchiveerd	2.575
kelners	2.575
bemoeizuchtige	2.575
slean	2.575
u.s.a.	2.575
boezemvriend	2.575
croix	2.575
stemmetjes	2.575
vechtclub	2.575
janos	2.575
varianten	2.575
seksisme	2.575
o.a.	2.575
ssr	2.575
knew	2.575
pornografische	2.575
opengegaan	2.575
inluiden	2.575
vrouwenstem	2.575
beschimmelde	2.575
houdbaar	2.575
vlotten	2.575
geã	2.575
godverlaten	2.575
imelda	2.575
ingeklapte	2.575
hangers	2.575
duldt	2.575
racing	2.575
ft	2.575
tweepersoons	2.575
geluidsdemper	2.575
wegliepen	2.575
wegdoet	2.575
verlegd	2.575
11de	2.575
loonstrookje	2.575
waarachter	2.575
haze	2.575
pantserwagen	2.575
bierko	2.575
korby	2.575
vòòr	2.575
barbosa	2.575
kreupelen	2.575
geclassificeerde	2.575
gevatte	2.575
avila	2.575
koudbloedig	2.575
decadentie	2.575
latnok	2.575
kashmir	2.575
mccoys	2.575
deurtje	2.575
buitenwereldse	2.575
programmeerde	2.575
dieu	2.575
gelaatstrekken	2.575
deserteerde	2.575
toss	2.575
norwood	2.575
volgroeide	2.575
decoratief	2.575
faris	2.575
verkeerden	2.575
maquette	2.575
sona	2.575
dhabi	2.575
vooruitziende	2.575
terugkerend	2.575
werkervaring	2.575
levends	2.575
drukten	2.575
hinderlagen	2.575
gefraudeerd	2.575
wereldgeschiedenis	2.575
opmerkelijks	2.575
wankelde	2.575
vervreemding	2.575
assistant	2.575
paardenvlees	2.575
terugbent	2.575
sharky	2.575
kryptonite	2.575
nettie	2.575
papagaai	2.575
geldspoor	2.575
voortbrengt	2.575
doorverkocht	2.575
millenium	2.575
afweging	2.575
bezoekuren	2.575
fut	2.575
primatech	2.575
chinchilla	2.575
flaco	2.575
rapha	2.575
heldendom	2.575
optisch	2.575
schilderwerk	2.575
voorbijgaande	2.575
ikjullie	2.575
lumbaalpunctie	2.575
bloednerveus	2.575
huistelefoon	2.575
trading	2.575
younggu	2.575
normal	2.575
gashendel	2.575
levensmoe	2.575
biden	2.575
geplette	2.575
nuance	2.575
bonafide	2.575
lebowski	2.575
meegereden	2.575
adair	2.575
slop	2.575
bubby	2.575
argent	2.575
szura	2.575
snoepautomaat	2.575
keycard	2.575
seoel	2.575
afviel	2.575
missers	2.575
barge	2.575
karakurt	2.575
verkondig	2.575
luciaanse	2.575
fluitjes	2.575
rechtzaken	2.575
uitgekotst	2.575
kresteva	2.575
geflipte	2.575
domenico	2.575
shermans	2.575
ruskin	2.575
zachtste	2.575
sluitspier	2.575
lovejoy	2.575
vakmensen	2.575
huisbewaarder	2.575
verbena	2.575
hitch	2.575
opstootje	2.575
kalibreren	2.575
slotter	2.575
gelukskoekjes	2.575
douchekop	2.575
corrado	2.575
beschaafder	2.575
neddy	2.575
silvana	2.575
snooker	2.575
womack	2.575
privénummer	2.575
jerusalem	2.575
flamenco	2.575
paraaf	2.575
aansterken	2.575
substanties	2.575
koloniaal	2.575
bankzaken	2.575
such	2.575
pondjes	2.575
raiko	2.575
freudiaanse	2.575
zankou	2.575
hipste	2.575
tegendraads	2.575
overleveren	2.575
saux	2.575
weinberg	2.575
innovatieve	2.575
mado	2.575
alzo	2.575
nachtdieren	2.575
redskins	2.575
steenworp	2.575
kearney	2.575
toth	2.575
plebs	2.575
terugblik	2.575
schoolterrein	2.575
cateringbedrijf	2.575
cheshire	2.575
ongeregistreerde	2.575
beavis	2.575
longfellow	2.575
feestvarken	2.575
clarisse	2.575
epic	2.575
conga	2.575
gijzelnemers	2.575
schoolraad	2.575
boezemvrienden	2.570
clippers	2.570
doopte	2.570
scheldwoord	2.570
danku	2.570
zwarter	2.570
baretten	2.570
marchal	2.570
glaber	2.570
squadrons	2.570
guess	2.570
averij	2.570
winch	2.570
inde	2.570
eicel	2.570
sylvain	2.570
bletchley	2.570
knievel	2.570
toomey	2.570
rah	2.570
applebee	2.570
ontheiligd	2.570
tijdreis	2.570
verkeersagent	2.570
meesleept	2.570
bulk	2.570
gedragsregels	2.570
hoofdonderzoeker	2.570
ijsklontjes	2.570
shamrock	2.570
interferon	2.570
capes	2.570
shout	2.570
eenzaamste	2.570
aaaah	2.570
minigolf	2.570
doodsteken	2.570
ombuigen	2.570
fitzroy	2.570
moefs	2.570
meegespeeld	2.570
professionelen	2.570
gedatet	2.570
mimespeler	2.570
pea	2.570
ullrich	2.570
frg	2.570
willigen	2.570
geblokkeerde	2.570
azazel	2.570
boeiender	2.570
deadwood	2.570
gematst	2.570
gato	2.570
eigenste	2.570
catriona	2.570
woii	2.570
ranken	2.570
prooidieren	2.570
platforms	2.570
rotary	2.570
dateline	2.570
voortduurt	2.570
huntsville	2.570
woodford	2.570
mikaelsons	2.570
cerberus	2.570
mule	2.570
modellenbureau	2.570
gedompeld	2.570
zakkenrollers	2.570
bekroonde	2.570
justins	2.570
rdx	2.570
common	2.570
taferelen	2.570
avonddienst	2.570
purgatory	2.570
bees	2.570
frist	2.570
benden	2.570
kijk.	2.570
vergeve	2.570
hooligan	2.570
numero	2.570
kiestoon	2.570
troopers	2.570
aftasten	2.570
cindi	2.570
erecties	2.570
verstekelingen	2.570
aartsvijanden	2.570
kwijtspelen	2.570
hetere	2.570
motorblok	2.570
reuzel	2.570
slijmt	2.570
guzmán	2.570
marit	2.570
vrachtvliegtuig	2.570
bower	2.570
stradivarius	2.570
gevluchte	2.570
een-	2.570
huishoudens	2.570
dennen	2.570
torenado	2.570
amo	2.570
sprinten	2.570
temperamentvol	2.570
gevingerd	2.570
was-	2.570
schaalmodel	2.570
bianco	2.570
snit	2.570
florentine	2.570
bremner	2.570
darfur	2.570
parkeerwachter	2.570
reddingsbrigade	2.570
sheraton	2.570
nieuwer	2.570
smolensk	2.570
gomu	2.570
eenmaligs	2.570
barcode	2.570
hellegat	2.570
rains	2.570
registratienummer	2.570
inzette	2.570
eierstokkanker	2.570
verminkingen	2.570
dré	2.570
loodvergiftiging	2.570
hopewell	2.570
gegeneerd	2.570
germaanse	2.570
surround	2.570
nixie	2.570
bovendek	2.570
balustrade	2.570
beschilderen	2.570
soc	2.570
overijverig	2.570
eds	2.570
lelijkerds	2.570
starende	2.570
apb	2.570
noodarts	2.570
aalmoezen	2.570
radertje	2.570
pipi	2.570
godsdienstige	2.570
noakes	2.570
kevorkian	2.570
uv-licht	2.570
onnauwkeurig	2.570
uitgevaren	2.570
inkomens	2.570
zielepoot	2.570
josephs	2.570
toffees	2.570
remmer	2.570
shilo	2.570
halbach	2.570
buitenzetten	2.570
gymnasium	2.570
rolla	2.570
walnut	2.570
tycho	2.570
uitstak	2.570
mun	2.570
sterftecijfer	2.570
ongefundeerde	2.570
teelt	2.570
hertenvlees	2.570
aanstuurt	2.570
digitalis	2.570
verstopplaats	2.570
drugszaken	2.570
richelieu	2.570
lubbock	2.570
airborne	2.570
verheerlijken	2.570
neuscorrectie	2.570
denna	2.570
esp	2.570
oldman	2.570
koelvloeistof	2.570
joann	2.570
gesjoemeld	2.570
kersverse	2.570
zeddicus	2.570
gordons	2.570
ruimteman	2.570
guppy	2.570
teisteren	2.570
aanzicht	2.570
waikiki	2.570
28ste	2.570
ongevaarlijke	2.570
tsk	2.570
feestbeesten	2.570
crucifix	2.570
overbevolkt	2.570
poetsvrouw	2.570
mariene	2.570
coupures	2.570
lark	2.570
opgefokte	2.570
gestold	2.570
bieders	2.570
bemiddeld	2.570
afzwakken	2.570
horzels	2.570
klavertje	2.570
syed	2.570
elkeen	2.570
birdy	2.570
lussen	2.570
anaïs	2.570
ingingen	2.570
shelbyville	2.570
swallow	2.570
vloeiende	2.570
ladekast	2.570
onsmakelijke	2.570
schoenenverkoper	2.570
afraid	2.570
kaja	2.570
kopietjes	2.570
belangrijkheid	2.570
terroristisch	2.570
verzekeringspapieren	2.570
genegen	2.570
verdi	2.570
martok	2.570
kampf	2.570
stahma	2.570
nasedo	2.570
admiral	2.570
lain	2.570
zuchtje	2.570
joegoslavische	2.570
spoetnik	2.570
gowan	2.570
turing	2.570
zedenzaken	2.570
pussycat	2.570
pappy	2.570
chocoladecake	2.570
jinora	2.570
ncaa	2.570
illustreren	2.570
coacht	2.570
nazaten	2.570
ot	2.570
gebeente	2.570
suikervrije	2.570
neuroot	2.570
klantenbestand	2.570
kolibries	2.570
joules	2.570
filmwereld	2.570
gord	2.570
achternagezeten	2.570
autobots	2.570
jo-jo	2.570
raadpleeg	2.570
uitdrukt	2.566
zachts	2.566
schendingen	2.566
thule	2.566
mikado	2.566
aanziet	2.566
slenteren	2.566
lindley	2.566
bootongeluk	2.566
darkness	2.566
uitkleedt	2.566
sof	2.566
professors	2.566
tojo	2.566
roepend	2.566
gynaecologie	2.566
rijgedrag	2.566
fool	2.566
decadente	2.566
maga	2.566
getijde	2.566
noemer	2.566
luizige	2.566
ashok	2.566
droevigste	2.566
wereldeconomie	2.566
abates	2.566
upgrades	2.566
lemarchal	2.566
reichsführer	2.566
heej	2.566
vrouwenhater	2.566
staatsgeheim	2.566
ingeschonken	2.566
farris	2.566
provoost	2.566
avram	2.566
yet	2.566
krachtigs	2.566
poltergeist	2.566
logans	2.566
humboldt	2.566
puriteinen	2.566
infanterist	2.566
slenk	2.566
hoff	2.566
kwijtraakten	2.566
sneue	2.566
grafschrift	2.566
wolfie	2.566
klittenband	2.566
mompel	2.566
revalideren	2.566
puckerman	2.566
wetens	2.566
bierblikjes	2.566
doofheid	2.566
ofzoiets	2.566
metcalf	2.566
huiveren	2.566
hessington	2.566
lovely	2.566
verschikkelijk	2.566
negan	2.566
relieken	2.566
vriespunt	2.566
elementair	2.566
uitstorten	2.566
bedoeïenen	2.566
zoutwater	2.566
endora	2.566
mariachi	2.566
antiquair	2.566
dienbladen	2.566
kokkie	2.566
warmpjes	2.566
roja	2.566
pujol	2.566
samara	2.566
bis	2.566
phils	2.566
perversie	2.566
degeen	2.566
kledingstukken	2.566
eeen	2.566
vaakst	2.566
braadstuk	2.566
gascoigne	2.566
quorum	2.566
fundraiser	2.566
ewa	2.566
decima	2.566
anjin-san	2.566
mastercard	2.566
stuiter	2.566
luchtbed	2.566
creatiever	2.566
antisemitisme	2.566
krause	2.566
memsahib	2.566
nayland	2.566
klopt.	2.566
hedgefonds	2.566
sixpence	2.566
hershey	2.566
grootje	2.566
mija	2.566
uriel	2.566
oorlogsverhalen	2.566
twinkies	2.566
wouten	2.566
punker	2.566
lĳkt	2.566
jutten	2.566
geestige	2.566
comer	2.566
piepend	2.566
kick-ass	2.566
foo	2.566
borstkast	2.566
muziekwereld	2.566
sartre	2.566
mya	2.566
fig	2.566
hindernisbaan	2.566
gediplomeerde	2.566
secreet	2.566
schroefje	2.566
smolten	2.566
omlopen	2.566
bergpas	2.566
kagame	2.566
bradfield	2.566
toverstokje	2.566
grateful	2.566
cp	2.566
onmiddelijke	2.566
slede	2.566
windy	2.566
rasgotra	2.566
kruin	2.566
vonnissen	2.566
weilanden	2.566
hondenvanger	2.566
ridderschap	2.566
leni	2.566
princes	2.566
vink	2.566
hoepels	2.566
regeringsgebouw	2.566
slitheen	2.566
hoognodige	2.566
inschreef	2.566
verliepen	2.566
afgestraft	2.566
parlementaire	2.566
geklooi	2.566
beveiligingssystemen	2.566
chérie	2.566
gezondste	2.566
p-38	2.566
trang	2.566
kabeltelevisie	2.566
terdege	2.566
clinch	2.566
ganiant	2.566
shawshank	2.566
staartjes	2.566
jeukende	2.566
alwyn	2.566
verschuif	2.566
cardoza	2.566
theon	2.566
ademloos	2.566
hooggeplaatst	2.566
rosey	2.566
scalperen	2.566
volgepropt	2.566
salons	2.566
hur	2.566
aankondigde	2.566
gedistingeerd	2.566
compound	2.566
geblokt	2.566
wendbaar	2.566
uitgevoerde	2.566
implantatie	2.566
opbouwende	2.566
devore	2.566
volksheld	2.566
geirriteerd	2.566
sanctie	2.566
lucretia	2.566
afro-amerikaan	2.566
evander	2.566
solonius	2.566
ruimteveer	2.566
lido	2.566
woonwagenkamp	2.566
newlin	2.566
leerlingenraad	2.566
forceerde	2.566
crook	2.566
verslikt	2.566
uitzaaiingen	2.566
werkbank	2.566
suikerklontjes	2.566
mich	2.566
teigetjes	2.566
sweaters	2.566
vor	2.566
helmand	2.566
calamari	2.566
mccourt	2.566
paki	2.566
aangewend	2.566
roc	2.566
pullo	2.566
guadalajara	2.566
vuilstort	2.566
verderzetten	2.566
vossenjacht	2.566
gepusht	2.566
onderaardse	2.566
gefietst	2.566
treadstone	2.566
putje	2.566
gaetano	2.566
uithuwelijken	2.566
costas	2.566
voortanden	2.566
tijdcode	2.566
juichten	2.566
zoeklicht	2.566
compenseer	2.566
omzeilt	2.566
beals	2.566
klaargelegd	2.566
cowley	2.566
nadelige	2.566
koudbloedige	2.566
vergokken	2.566
balto	2.566
mui	2.566
monogame	2.566
cellulitis	2.566
tooni	2.566
fernanda	2.566
vluchtrisico	2.566
edvard	2.566
pygmeeën	2.566
aftekenen	2.566
sicilianen	2.566
kopietje	2.566
haaktand	2.566
vasily	2.566
trakeena	2.566
rhib	2.566
bloemenzaak	2.566
autopsieverslag	2.566
tivo	2.566
hasil	2.566
trolley	2.566
protestants	2.566
1080p	2.566
opdraait	2.566
wondermooi	2.566
spreeuw	2.566
warbucks	2.561
fabelachtige	2.561
ricanen	2.561
ingezworen	2.561
onbuigzaam	2.561
motorrijden	2.561
thuisplaat	2.561
schijndood	2.561
pijnbank	2.561
amis	2.561
persverklaring	2.561
manie	2.561
begeer	2.561
trammelant	2.561
schemer	2.561
gchq	2.561
lynchpartij	2.561
verzetsstrijders	2.561
karakteristieke	2.561
kristine	2.561
kringetje	2.561
buxton	2.561
spinning	2.561
amadeo	2.561
saber	2.561
gall	2.561
geschraapt	2.561
morgend	2.561
wiedes	2.561
conchita	2.561
aangetaste	2.561
loker	2.561
gillette	2.561
telefoonlijst	2.561
verkende	2.561
t.i.m.	2.561
onveranderlijk	2.561
amelie	2.561
gelicht	2.561
houtwerk	2.561
verviel	2.561
molesteren	2.561
pumphrey	2.561
gainey	2.561
meekom	2.561
lynde	2.561
leeggepompt	2.561
handler	2.561
cyberspace	2.561
arns	2.561
opiniepeilingen	2.561
stamhoofden	2.561
objective	2.561
munk	2.561
zakkenrollen	2.561
onkunde	2.561
dienstmaagd	2.561
wegstrepen	2.561
knuffelaar	2.561
terugziet	2.561
karakteristiek	2.561
siletti	2.561
olijfje	2.561
tafelmanieren	2.561
achterje	2.561
astroloog	2.561
geïnteresseerde	2.561
verkeers	2.561
estes	2.561
s.w.a.t.	2.561
besnijden	2.561
ingebed	2.561
lodi	2.561
magerder	2.561
geneeskundige	2.561
uitschakel	2.561
odda	2.561
daalden	2.561
tintelingen	2.561
verschilden	2.561
harkin	2.561
wendingen	2.561
venkel	2.561
civilisatie	2.561
lala	2.561
biljarttafel	2.561
etalagepop	2.561
wine	2.561
decoder	2.561
abberline	2.561
opgekeken	2.561
gevlei	2.561
sociopaten	2.561
lyta	2.561
hyperion	2.561
afgooien	2.561
bledsoe	2.561
coal	2.561
darmody	2.561
omicron	2.561
dufresne	2.561
dominik	2.561
handwapens	2.561
griepprik	2.561
devious	2.561
pork	2.561
roterende	2.561
artisjokken	2.561
waterspuwer	2.561
enright	2.561
jackal	2.561
omgekeken	2.561
southside	2.561
macabere	2.561
stigma	2.561
rookmelder	2.561
knightley	2.561
opstandigheid	2.561
grog	2.561
menseneter	2.561
canaveral	2.561
galactic	2.561
monumentale	2.561
camcorder	2.561
lichaamsvocht	2.561
handelsreiziger	2.561
natasja	2.561
bandopname	2.561
packers	2.561
brigham	2.561
orthopedie	2.561
canon	2.561
lyceum	2.561
farscape	2.561
mardon	2.561
bef	2.561
gebazel	2.561
tempe	2.561
insult	2.561
beneveld	2.561
cosette	2.561
sleutelfiguur	2.561
cornedbeef	2.561
bijlessen	2.561
geluld	2.561
vrijde	2.561
override	2.561
rinaldo	2.561
piña	2.561
salina	2.561
opheft	2.561
brugge	2.561
stine	2.561
liefdeloos	2.561
tiffy	2.561
functionerend	2.561
petite	2.561
ouverture	2.561
walcott	2.561
spreiding	2.561
gnoe	2.561
guadalupe	2.561
rangschikken	2.561
halloweenfeest	2.561
haverford	2.561
suikerspinnen	2.561
carnivoor	2.561
degra	2.561
bergketens	2.561
runway	2.561
ghana	2.561
signeersessie	2.561
bepakt	2.561
stadsplein	2.561
ontspringt	2.561
markers	2.561
allerminst	2.561
onderofficieren	2.561
beangstigd	2.561
duurs	2.561
krantje	2.561
kaartverkoop	2.561
lupita	2.561
commando-eenheid	2.561
oppermachtig	2.561
bokaal	2.561
jodelen	2.561
snowball	2.561
conny	2.561
vuitton	2.561
hickory	2.561
spare	2.561
o.p.a.	2.561
bergbeklimmer	2.561
inbraakalarm	2.561
alcoholvrij	2.561
lita	2.561
imiteerde	2.561
foutief	2.561
gerotzooi	2.561
finito	2.561
fruitsalade	2.561
eindigend	2.561
roofzuchtige	2.561
frauderen	2.561
zeldzaamheid	2.561
craps	2.561
rozentuin	2.561
coughlin	2.561
bazelt	2.561
picknickmand	2.561
k2	2.561
pétain	2.561
vlekkeloze	2.561
onderzoekslab	2.561
wildeman	2.561
kolonels	2.561
antares	2.561
omwentelingen	2.561
stunner	2.561
sportclub	2.561
executeerde	2.561
tremaine	2.561
dezelfden	2.561
vertoonden	2.561
siggy	2.561
voedertijd	2.561
douanier	2.561
boksschool	2.561
prefereren	2.561
broke	2.561
rotkinderen	2.561
aarde-2	2.561
intimideerde	2.561
leeghoofden	2.561
tacos	2.561
surrealistisch	2.561
nazis	2.561
furious	2.561
zwakzinnige	2.561
mie	2.561
bekommerde	2.561
bastard	2.561
lijp	2.561
washingtons	2.561
krakeling	2.561
rampart	2.561
ferrante	2.561
verdringt	2.561
scherpen	2.561
aanvegen	2.561
afgietsel	2.561
betoveringen	2.561
scheidingsadvocaat	2.561
heetgebakerd	2.561
voordele	2.561
normalo	2.561
saad	2.561
iik	2.561
boekentas	2.561
hellen	2.561
krijtjes	2.561
elizabeths	2.561
romig	2.561
smeerboel	2.561
maximiliaan	2.561
lippman	2.561
gruwelijks	2.561
soortgelijks	2.561
flannery	2.561
rechtsomkeer	2.561
vlotjes	2.561
garbo	2.561
gewiste	2.561
verdwijnende	2.561
russells	2.561
oordoppen	2.561
verderfelijke	2.561
gebouwde	2.561
dàt	2.561
marcheer	2.561
honneurs	2.561
fabrice	2.561
somewhere	2.557
ponzi	2.557
ijlde	2.557
gekort	2.557
schrikbewind	2.557
neergestorte	2.557
click	2.557
tjokvol	2.557
ongewijzigd	2.557
wapendeal	2.557
borstspieren	2.557
qing	2.557
familiebezoek	2.557
stripfiguur	2.557
nunnally	2.557
rostova	2.557
doorkrijgen	2.557
ontzeg	2.557
mookie	2.557
bloesems	2.557
sovjetunie	2.557
aantref	2.557
solliciteer	2.557
verhandelde	2.557
tulp	2.557
vesta	2.557
straatbende	2.557
mormoonse	2.557
hernieuwen	2.557
plastieken	2.557
computerspel	2.557
orthopeed	2.557
vermagerd	2.557
geesteszieken	2.557
juju	2.557
sepsis	2.557
peppers	2.557
machtspositie	2.557
filmore	2.557
ongeremd	2.557
klinkklare	2.557
duiveltje	2.557
diosa	2.557
ingeblikte	2.557
meetlint	2.557
nichol	2.557
eugenie	2.557
argyle	2.557
ontruiming	2.557
davos	2.557
rotsachtige	2.557
kerremelk	2.557
hoefsmid	2.557
cateraars	2.557
checkten	2.557
bekritiseer	2.557
ingewijden	2.557
i.t.	2.557
romanschrijver	2.557
detectors	2.557
spud	2.557
opvliegers	2.557
tarn	2.557
teut	2.557
vaal	2.557
zelfbewustzijn	2.557
multiversum	2.557
ijszee	2.557
thuiszorg	2.557
dalend	2.557
schibetta	2.557
dragan	2.557
kunstgalerij	2.557
oldtimer	2.557
vooropgesteld	2.557
corolla	2.557
bekeuren	2.557
galina	2.557
wives	2.557
ridderlijk	2.557
glade	2.557
dungeons	2.557
kamersleutel	2.557
messenger	2.557
ruslan	2.557
stopcontacten	2.557
vastgestelde	2.557
wezentjes	2.557
genante	2.557
bogdan	2.557
forester	2.557
pluche	2.557
classificeren	2.557
denkvermogen	2.557
werkweek	2.557
weerspiegeld	2.557
stoffer	2.557
cocons	2.557
baylin	2.557
priest	2.557
anjou	2.557
bastia	2.557
darmkanker	2.557
hartspier	2.557
hoogtij	2.557
holger	2.557
hofnar	2.557
geldautomaten	2.557
essen	2.557
scheerde	2.557
christoffer	2.557
omslachtig	2.557
endoscopie	2.557
hitchens	2.557
leto	2.557
omhelsd	2.557
afscheidsrede	2.557
verbouwt	2.557
ingekeken	2.557
snauwen	2.557
mediums	2.557
privé-jet	2.557
wetgevende	2.557
fascistisch	2.557
voors	2.557
oploskoffie	2.557
keefer	2.557
verjaag	2.557
jammert	2.557
twijfelaars	2.557
nationalistische	2.557
bakkes	2.557
bankafschrift	2.557
profilering	2.557
bliksemsnel	2.557
detailhandel	2.557
levers	2.557
meatlug	2.557
bestelbusje	2.557
valies	2.557
kussengevecht	2.557
spangler	2.557
onbepaald	2.557
veeteelt	2.557
summit	2.557
dramatischer	2.557
begrijpend	2.557
descartes	2.557
beveiligingscode	2.557
dijken	2.557
morland	2.557
leugenaarster	2.557
craddock	2.557
afgereisd	2.557
mariposa	2.557
bijgevoegd	2.557
chanteer	2.557
hrothgar	2.557
ddr	2.557
ralf	2.557
worthing	2.557
champions	2.557
kruisproef	2.557
ongetrainde	2.557
drugszaak	2.557
verruilen	2.557
schaarse	2.557
troepenmacht	2.557
font	2.557
rectrix	2.557
bijrol	2.557
doe-het-zelf	2.557
weefgetouw	2.557
selim	2.557
mellon	2.557
snorkel	2.557
feeststemming	2.557
sibel	2.557
commentator	2.557
tonino	2.557
quizzen	2.557
southland	2.557
souvenirwinkel	2.557
himura	2.557
blackfoot	2.557
mas	2.557
gangsta	2.557
taalkundige	2.557
afbrak	2.557
verzekeraars	2.557
handafdrukken	2.557
rigel	2.557
reddingsvesten	2.557
verspreking	2.557
rotdingen	2.557
boerenknecht	2.557
decafé	2.557
zakelijks	2.557
levensgroot	2.557
waterpoel	2.557
mogens	2.557
permian	2.557
tat	2.557
quite	2.557
basketbalspeler	2.557
braadworst	2.557
veiligheidsriem	2.557
bedrijfskunde	2.557
mesopotamië	2.557
baht	2.557
moffet	2.557
prachtvrouw	2.557
dollekervel	2.557
dupliceren	2.557
abrikoos	2.557
groucho	2.557
kicker	2.557
bruinen	2.557
ducati	2.557
dele	2.557
produceerden	2.557
domineerde	2.557
dippen	2.557
varga	2.557
escapades	2.557
vondeling	2.557
beni	2.557
meubelstuk	2.557
privé-nummer	2.557
analoge	2.557
uittekenen	2.557
ingeklapt	2.557
onneembaar	2.557
clemmie	2.557
preview	2.557
poor	2.557
atoomwapens	2.557
vijandschap	2.557
uitkijkpunt	2.557
klodder	2.557
arabia	2.557
opperde	2.557
chuckles	2.557
zendertjes	2.557
kidnapte	2.557
bijhoren	2.557
wetgever	2.557
onbreekbare	2.557
improviseerde	2.557
shiro	2.557
reflecterende	2.557
handelsroutes	2.557
reünies	2.557
haargel	2.557
within	2.557
woe	2.557
aces	2.557
naaiwerk	2.557
luxaflex	2.552
kanaries	2.552
munchen	2.552
gerenommeerd	2.552
wat-ie	2.552
kronk	2.552
truscott	2.552
beluste	2.552
zan	2.552
triootjes	2.552
zelfmoordenaar	2.552
tais	2.552
tartaar	2.552
veilingmeester	2.552
kernraketten	2.552
nierstenen	2.552
finger	2.552
voorbereidende	2.552
chunk	2.552
armbandje	2.552
kaarsvet	2.552
sleuteltje	2.552
hoogtemeter	2.552
kronkelende	2.552
gepind	2.552
tair	2.552
ongecompliceerd	2.552
bloedstaal	2.552
strontzak	2.552
höss	2.552
urquiza	2.552
misdaadlab	2.552
vorder	2.552
ontdekker	2.552
jeffery	2.552
opkroppen	2.552
tweejarige	2.552
weight	2.552
valen	2.552
taps	2.552
decibel	2.552
bewonderden	2.552
aanvullend	2.552
davide	2.552
melton	2.552
natura	2.552
fawkes	2.552
vlaams	2.552
ontmaskering	2.552
translated	2.552
tet	2.552
vluchtnummer	2.552
dage	2.552
vrijheidsstrijder	2.552
rifkin	2.552
zuurstoftekort	2.552
neerleg	2.552
macs	2.552
salander	2.552
curran	2.552
beproefd	2.552
atheners	2.552
deano	2.552
gb	2.552
m.s.	2.552
n-nee	2.552
intrapt	2.552
edgerton	2.552
nascimento	2.552
bestralen	2.552
slimsten	2.552
kroonjuweel	2.552
dadels	2.552
geïmponeerd	2.552
bespiedde	2.552
rondgereisd	2.552
sauron	2.552
heere	2.552
joystick	2.552
gulzigheid	2.552
sargon	2.552
gedaan.	2.552
afgeketst	2.552
svensson	2.552
lafhartige	2.552
sameen	2.552
durand	2.552
androide	2.552
aanlegt	2.552
jezusnaam	2.552
familiebijeenkomst	2.552
opdelen	2.552
uitvliegen	2.552
leegzuigen	2.552
ivanovich	2.552
hardheid	2.552
facebook-pagina	2.552
chickasaw	2.552
everzwijnen	2.552
lindo	2.552
greenpoint	2.552
brazilianen	2.552
stinkerds	2.552
onmisbare	2.552
malediven	2.552
gordeldier	2.552
wetherton	2.552
apo	2.552
pendry	2.552
ongeorganiseerd	2.552
marny	2.552
luilakken	2.552
kwijlende	2.552
cosmos	2.552
switched	2.552
vehash	2.552
delorean	2.552
saamhorigheid	2.552
halsader	2.552
raju	2.552
curieus	2.552
nepbloed	2.552
hunkerde	2.552
godsdienstig	2.552
vrijpleit	2.552
roodborstje	2.552
voordringen	2.552
onafgewerkte	2.552
laserstralen	2.552
zakendeal	2.552
uitmelken	2.552
botvieren	2.552
hinkle	2.552
deelneemster	2.552
voorbereide	2.552
hogue	2.552
uitwendig	2.552
kaliumchloride	2.552
gerijpt	2.552
bags	2.552
inkomstenbelasting	2.552
realityshow	2.552
pterodactylus	2.552
beierse	2.552
reapers	2.552
enchilada	2.552
feminist	2.552
boerenmeisje	2.552
spoten	2.552
drugsbaronnen	2.552
onhandigheid	2.552
mgm	2.552
reclamecampagne	2.552
mcquade	2.552
handleidingen	2.552
aanmeldde	2.552
overdonderen	2.552
slangenkuil	2.552
zigzag	2.552
olieveld	2.552
sorrow	2.552
diagnostiek	2.552
spietsen	2.552
vole	2.552
zeeschildpadden	2.552
echt.	2.552
buurtwinkel	2.552
ingeblazen	2.552
rekenwerk	2.552
consultants	2.552
zwaarbewaakte	2.552
efficiency	2.552
waterdamp	2.552
resistent	2.552
kerstcadeautjes	2.552
barbarossa	2.552
means	2.552
evangeline	2.552
standplaats	2.552
overlevingsinstinct	2.552
exclusiviteit	2.552
buitenkomen	2.552
werkgebied	2.552
kleindochters	2.552
nuck	2.552
quince	2.552
schermutselingen	2.552
discussieren	2.552
saki	2.552
wereldheerschappij	2.552
jankte	2.552
meant	2.552
bandleden	2.552
gracieuze	2.552
arty	2.552
waskamer	2.552
operandi	2.552
uitgedund	2.552
trying	2.552
bul	2.552
zwijgende	2.552
vibreert	2.552
blaise	2.552
uplink	2.552
pernille	2.552
meera	2.552
vergelden	2.552
afgerost	2.552
lyell	2.552
vloten	2.552
vree	2.552
rix	2.552
snorretje	2.552
zonnestelsels	2.552
aanschouwd	2.552
bestormden	2.552
happened	2.552
tuinfeest	2.552
canberra	2.552
teds	2.552
minion	2.552
venijn	2.552
morningstar	2.552
zelfmoordpogingen	2.552
pleegbroer	2.552
drankgebruik	2.552
kooplieden	2.552
parkeerkaart	2.552
familiewapen	2.552
verguld	2.552
hitteschild	2.552
bliksemflits	2.552
doordrong	2.552
sauvage	2.552
verdovingspistool	2.552
walst	2.552
leonid	2.552
zwarts	2.552
alvis	2.552
zachtmoedig	2.552
emme	2.552
isolde	2.552
knevel	2.552
persbureau	2.552
huurhuis	2.552
bloesje	2.552
ethans	2.552
semantiek	2.552
opper	2.552
zenigata	2.552
blob	2.552
vager	2.552
coruscant	2.552
zeeleven	2.552
modules	2.552
kumbaya	2.552
bedekten	2.552
aquaduct	2.552
testpiloot	2.552
bareil	2.552
fest	2.552
havermoutpap	2.552
ratelt	2.552
moritz	2.552
staples	2.552
verbouwde	2.552
oppikten	2.552
espenson	2.552
terugtrokken	2.552
monberg	2.552
ondercommandant	2.552
fundum	2.552
cruijff	2.552
vertouw	2.552
verdoem	2.552
weggezet	2.552
schadeclaim	2.552
lambs	2.552
optreed	2.552
gagarin	2.552
hustle	2.552
verdergegaan	2.552
tilman	2.552
trilden	2.552
graydon	2.552
beschonken	2.552
docente	2.552
werkhuis	2.552
marten	2.552
burk	2.552
geluidjes	2.552
krug	2.552
raketwerpers	2.552
souza	2.552
krav	2.552
bolognese	2.552
sten	2.552
besmeurde	2.552
zonnewijzer	2.552
nieuwsuitzending	2.552
uitvalsbasis	2.552
koploper	2.552
bickman	2.552
levensverzekeringen	2.547
geklonken	2.547
aquarius	2.547
cos	2.547
zonnecrème	2.547
bogotá	2.547
taniguchi	2.547
pijnbomen	2.547
temeer	2.547
zotte	2.547
udinov	2.547
bankpas	2.547
anse	2.547
valet	2.547
misrekening	2.547
tybalt	2.547
blockbuster	2.547
regisseerde	2.547
edelstein	2.547
norville	2.547
verfraaien	2.547
hondenstront	2.547
blizzard	2.547
roebels	2.547
deurpost	2.547
ondankbaarheid	2.547
afgrijzen	2.547
comescu	2.547
beirut	2.547
bastaardzoon	2.547
narco	2.547
lugo	2.547
raadseltje	2.547
kleurige	2.547
vervaardigen	2.547
wickie	2.547
farouk	2.547
typefout	2.547
dromerige	2.547
zu	2.547
maatschappijleer	2.547
solist	2.547
impliceer	2.547
vulkaanuitbarstingen	2.547
wingate	2.547
okra	2.547
modewereld	2.547
tray	2.547
roerganger	2.547
retourtje	2.547
affiniteit	2.547
underlay	2.547
lainie	2.547
ontvlammen	2.547
gegild	2.547
garfunkel	2.547
zetmeel	2.547
grondwettelijk	2.547
danspassen	2.547
pronkt	2.547
peetzoon	2.547
dijon	2.547
speelbal	2.547
amygdala	2.547
taeko	2.547
bekladden	2.547
vive	2.547
wordsworth	2.547
uurs	2.547
toneelspeler	2.547
shiatsu	2.547
stookt	2.547
warpveld	2.547
neeee	2.547
wapenarsenaal	2.547
vreeën	2.547
fins	2.547
schappelijk	2.547
kleinzielige	2.547
multi	2.547
presteerde	2.547
bestrijkt	2.547
vastlegt	2.547
finalist	2.547
ecbert	2.547
alans	2.547
gemeubileerd	2.547
vrijheidspartij	2.547
maandagen	2.547
melaatsen	2.547
optilt	2.547
lke	2.547
mangel	2.547
grazige	2.547
northumberland	2.547
daryll	2.547
stoolbend	2.547
jaarboeken	2.547
huisbazin	2.547
wellness	2.547
debutante	2.547
balletles	2.547
aldrich	2.547
millenniumgroep	2.547
firestorm	2.547
raarder	2.547
bloedband	2.547
weggehouden	2.547
aangingen	2.547
geboortecertificaat	2.547
presteer	2.547
dieetpillen	2.547
aanmaning	2.547
edda	2.547
woonst	2.547
produkten	2.547
surratt	2.547
kassie	2.547
hellemond	2.547
ijsman	2.547
disah	2.547
gehakte	2.547
rookpauze	2.547
elfenstof	2.547
braakt	2.547
achterstallig	2.547
huizenjacht	2.547
lichaamsvet	2.547
muffy	2.547
onschatbaar	2.547
buds	2.547
behoedt	2.547
ontzetten	2.547
vertalers	2.547
naqahdah	2.547
dna-monsters	2.547
chargers	2.547
cvi	2.547
pensacola	2.547
tippin	2.547
finding	2.547
ontwarren	2.547
reeve	2.547
kenz	2.547
skokie	2.547
overspoelt	2.547
arrivederci	2.547
platgooien	2.547
remedies	2.547
lefgozer	2.547
drives	2.547
incisies	2.547
levensteken	2.547
pleinvrees	2.547
speurhond	2.547
verwierf	2.547
aife	2.547
padvinderij	2.547
ongeladen	2.547
deportaties	2.547
kino	2.547
bewegingsvrijheid	2.547
lymfeklieren	2.547
aurélie	2.547
rattenhol	2.547
sclerose	2.547
hierbeneden	2.547
bukowski	2.547
makende	2.547
potige	2.547
driepunter	2.547
overwerkte	2.547
gewoon-	2.547
leverkanker	2.547
prednison	2.547
beambten	2.547
shanley	2.547
analytische	2.547
ongeautoriseerde	2.547
fotografische	2.547
manisch-depressief	2.547
lullo	2.547
pangea	2.547
sinead	2.547
metropool	2.547
riccardo	2.547
fallout	2.547
grommend	2.547
mijten	2.547
ostia	2.547
rendabel	2.547
wijsje	2.547
olof	2.547
sabels	2.547
meteorenregen	2.547
afreizen	2.547
flos	2.547
bijgeleerd	2.547
raketaanval	2.547
duels	2.547
apathie	2.547
rivkin	2.547
presentaties	2.547
gewervelde	2.547
elsbeth	2.547
bespotte	2.547
roast	2.547
astrolabium	2.547
festivals	2.547
koto	2.547
tweety	2.547
latrines	2.547
schooneid	2.547
tegenspeler	2.547
theezakjes	2.547
ijskoffie	2.547
geheven	2.547
stiften	2.547
toes	2.547
hernan	2.547
emmanuelle	2.547
geridderd	2.547
reiko	2.547
secundair	2.547
bravoure	2.547
schoteltje	2.547
joão	2.547
aarons	2.547
v-tach	2.547
filipijnse	2.547
dori	2.547
buckle	2.547
fundamentalisten	2.547
negerin	2.547
sateliet	2.547
sullen	2.547
uganda	2.547
spasme	2.547
salzburg	2.547
slasher	2.547
tamboerijn	2.547
manuren	2.547
plasma-tv	2.547
strompelt	2.547
heroverd	2.547
knikje	2.547
vervreemde	2.547
crows	2.547
graver	2.547
stemherkenning	2.547
piercen	2.547
verwijde	2.547
cars	2.547
gestampt	2.547
bezieling	2.547
nazim	2.547
dotty	2.547
eigendomsrecht	2.547
rondwaart	2.547
sluimeren	2.547
ornamenten	2.547
strijdwagen	2.547
bijleren	2.547
griffiths	2.547
dewar	2.547
kleurpotloden	2.547
aanstichter	2.547
definities	2.547
supply	2.547
ooien	2.547
ronddolen	2.547
winkeleigenaar	2.547
relaxte	2.547
schoenveter	2.547
levenslessen	2.547
feestgangers	2.547
dostojevski	2.547
authoriteit	2.547
borduurwerk	2.547
solar	2.547
wheal	2.547
buurtbewoners	2.547
gewaarborgd	2.547
roo	2.547
chassisnummer	2.547
verstrekte	2.547
booby	2.547
lethal	2.547
gudrun	2.547
golvend	2.547
camorra	2.547
dwangneurose	2.547
tijdsdruk	2.547
koliek	2.547
lievelingsgerecht	2.547
geboortedorp	2.547
rotzooitje	2.547
gespen	2.547
ledoux	2.547
gemotoriseerde	2.547
sterrenkaart	2.547
luchtondersteuning	2.547
drucker	2.547
mohammad	2.547
drab	2.547
windsnelheden	2.547
uppie	2.547
gewoontedier	2.547
meteoroloog	2.547
pimpernel	2.547
gebruikmakend	2.547
26ste	2.547
phillies	2.547
naamwoorden	2.542
cheri	2.542
cyberaanval	2.542
opbeurend	2.542
kaalgeschoren	2.542
brea	2.542
multinationals	2.542
diadeem	2.542
wapenhandelaars	2.542
winkeldief	2.542
sasja	2.542
portugezen	2.542
snelheidslimiet	2.542
onmens	2.542
piekt	2.542
ontvlambare	2.542
wedergeboren	2.542
leerboek	2.542
dereks	2.542
openstond	2.542
fluctueert	2.542
komodo	2.542
hildegard	2.542
kouds	2.542
pachters	2.542
zelfcontrole	2.542
duid	2.542
moordlustig	2.542
plundert	2.542
hellfire	2.542
boland	2.542
theekopje	2.542
honkbalpet	2.542
stilstaande	2.542
gecommuniceerd	2.542
dothraki	2.542
sterrenlicht	2.542
kampeerder	2.542
leviticus	2.542
moeilijkere	2.542
blaastest	2.542
eentonig	2.542
peeta	2.542
verdovingsgeweer	2.542
zorn	2.542
pinter	2.542
beukt	2.542
misdaadcijfers	2.542
bonbon	2.542
punku	2.542
opfokken	2.542
sé	2.542
duquette	2.542
omaatje	2.542
patches	2.542
aangrijpt	2.542
heads	2.542
middagpauze	2.542
ryuk	2.542
lynly	2.542
harrisons	2.542
baardje	2.542
enkelvoud	2.542
biljartkamer	2.542
gizmo	2.542
gepubliceerde	2.542
kravitz	2.542
oprijzen	2.542
marylin	2.542
blart	2.542
tylenol	2.542
gaves	2.542
schaven	2.542
gewiekste	2.542
zionistische	2.542
manila	2.542
toxicologische	2.542
thraciër	2.542
salpeterzuur	2.542
tegenwicht	2.542
off-line	2.542
breuklijnen	2.542
hieraf	2.542
beloega	2.542
meerekent	2.542
rna	2.542
bick	2.542
videobewaking	2.542
vandaal	2.542
alleraardigst	2.542
stadsgrens	2.542
pneumothorax	2.542
nets	2.542
beeindigd	2.542
opportuniteit	2.542
peul	2.542
tywin	2.542
pel	2.542
jorgensen	2.542
words	2.542
gebundeld	2.542
neolutie	2.542
pita	2.542
lombardi	2.542
mantels	2.542
hoofdwegen	2.542
montag	2.542
afgepikt	2.542
wondere	2.542
kooplui	2.542
keyser	2.542
singing	2.542
roetmop	2.542
briefings	2.542
reiner	2.542
begroette	2.542
karakteristieken	2.542
hooivorken	2.542
braakte	2.542
onbeschaamde	2.542
bivakmutsen	2.542
retrovirus	2.542
tedward	2.542
nooduitgangen	2.542
coyle	2.542
geschiedenisboek	2.542
normandische	2.542
veertiger	2.542
pearly	2.542
bruist	2.542
overstemmen	2.542
idyllisch	2.542
klantenkring	2.542
verschoppeling	2.542
varkensbloed	2.542
terechtstellen	2.542
opperhuid	2.542
tipi	2.542
verfilmen	2.542
arlena	2.542
potpourri	2.542
gegleden	2.542
orthodox	2.542
lemansky	2.542
kutner	2.542
meidenpraat	2.542
kerstverlichting	2.542
blindganger	2.542
dyslectisch	2.542
ditzelfde	2.542
vergankelijk	2.542
varkentjes	2.542
i.d	2.542
uithing	2.542
generen	2.542
ambassador	2.542
ingeslapen	2.542
krijgsgevangen	2.542
opengehaald	2.542
watanabe	2.542
shakira	2.542
proof	2.542
probert	2.542
hildur	2.542
aftroeven	2.542
cohens	2.542
brandbommen	2.542
omkocht	2.542
hays	2.542
opruimer	2.542
treinongeluk	2.542
repeteer	2.542
kickboksen	2.542
thuisgebleven	2.542
representatief	2.542
ville	2.542
cavalier	2.542
geheimhoudingsverklaring	2.542
hondenshow	2.542
psychosomatisch	2.542
verscherpt	2.542
blader	2.542
warfield	2.542
tweetal	2.542
betaalmiddel	2.542
lolo	2.542
geëmigreerd	2.542
schroom	2.542
binnenstromen	2.542
linksboven	2.542
slopende	2.542
gully	2.542
wegzakken	2.542
drukbezet	2.542
ingekocht	2.542
snellen	2.542
stuiterde	2.542
sousa	2.542
massahysterie	2.542
liefie	2.542
rac	2.542
manos	2.542
bernardino	2.542
haggard	2.542
burgerkleding	2.542
aanbrengt	2.542
insectenspray	2.542
onbezorgd	2.542
opgemeten	2.542
weerstation	2.542
hartritmestoornissen	2.542
zuid-dakota	2.542
monter	2.542
ghraib	2.542
beklaagden	2.542
cowboylaarzen	2.542
reepjes	2.542
officiersclub	2.542
cabana	2.542
fijngevoelig	2.542
interacties	2.542
kogelwerend	2.542
steppe	2.542
daagden	2.542
tandheelkundige	2.542
chien	2.542
ayers	2.542
baran	2.542
kaar	2.542
gek.	2.542
spelshow	2.542
broekspijp	2.542
suvek	2.542
kandinsky	2.542
program	2.542
girolamo	2.542
wysocki	2.542
sapo	2.542
ex-gedetineerde	2.542
kijkplezier	2.542
strom	2.542
banksy	2.542
uitgeblazen	2.542
geschampt	2.542
bladzijdes	2.542
gladstrijken	2.542
geaard	2.542
aic	2.542
ademruimte	2.542
beheersbaar	2.542
morell	2.542
fortress	2.542
hwang	2.542
sunderland	2.542
sardo	2.542
rieten	2.542
zoetwater	2.542
gezweet	2.542
julián	2.542
onthutsend	2.542
verbintenissen	2.542
aarzelend	2.542
rijg	2.542
krakatau	2.542
lichtkogels	2.542
squirrel	2.542
groentes	2.542
keltisch	2.542
auto-ongelukken	2.542
x5	2.542
wasvrouw	2.542
beschiet	2.542
snell	2.542
indicaties	2.542
cruchot	2.542
lindstrom	2.542
achtenveertig	2.542
snowman	2.542
voogden	2.542
omstander	2.542
symbiotische	2.542
schakels	2.542
slaafjes	2.542
pointe	2.542
harrods	2.542
ondermijnde	2.542
sinusritme	2.542
risk	2.542
comment	2.542
xoxo	2.542
selleck	2.542
ijslandse	2.542
west-afrika	2.542
gewichtloosheid	2.542
listfield	2.542
kronkels	2.542
rantsoeneren	2.542
kelderdeur	2.542
windkracht	2.542
uilskuikens	2.542
marktaandeel	2.542
sadisten	2.542
transcriptie	2.542
orthopedische	2.542
japie	2.542
pelotons	2.542
frivole	2.542
ratchett	2.542
vissoep	2.542
taim	2.542
zesendertig	2.542
shelburne	2.542
opschonen	2.542
uitpakte	2.542
mazrim	2.542
moeizame	2.542
makken	2.542
pitts	2.542
naboo	2.542
afhelpen	2.542
terrorismebestrijding	2.542
helleveeg	2.542
jaeger	2.542
ik-ik-ik	2.542
kwetsuren	2.542
whitby	2.542
ochtendmisselijkheid	2.542
woesteling	2.542
ontdekkingsreis	2.542
afronding	2.542
bemoeizucht	2.542
kwik-e-mart	2.542
lovenswaardig	2.542
slachtofferhulp	2.542
drakenoog	2.542
hymne	2.542
toxine	2.542
vechtkunsten	2.542
wijste	2.542
lien	2.542
rondborstige	2.542
neruda	2.542
barbies	2.538
timur	2.538
joelle	2.538
haringen	2.538
struikrover	2.538
servisch	2.538
kippetjes	2.538
fabienne	2.538
sachi	2.538
beraamde	2.538
duchamp	2.538
kensei	2.538
ontkoppel	2.538
kwiek	2.538
besodemieterd	2.538
heckyl	2.538
snapper	2.538
rouwperiode	2.538
dissectie	2.538
doodsimpel	2.538
postkaart	2.538
azie	2.538
hoi.	2.538
luxor	2.538
comstock	2.538
tietjens	2.538
koko	2.538
detweiler	2.538
bespiedt	2.538
lijkschouwers	2.538
startten	2.538
c3	2.538
heilzaam	2.538
visboer	2.538
meeloopt	2.538
tubes	2.538
dorne	2.538
toohey	2.538
pariëtale	2.538
troonzaal	2.538
zwaarmoedig	2.538
vastbond	2.538
telecommunicatie	2.538
horsley	2.538
verwelkt	2.538
vroor	2.538
thorin	2.538
otomo	2.538
veiligheidsadviseur	2.538
stroganoff	2.538
nomi	2.538
tellers	2.538
zestal	2.538
patchi	2.538
niettegenstaande	2.538
yams	2.538
gebleekt	2.538
topconditie	2.538
greyhound	2.538
kronieken	2.538
erewacht	2.538
meesterstuk	2.538
genezers	2.538
ecologisch	2.538
terugverdienen	2.538
vertrouwenspersoon	2.538
gesmst	2.538
stekelige	2.538
ghosts	2.538
lovertjes	2.538
kronkelt	2.538
bleekscheten	2.538
paaldansen	2.538
sinussen	2.538
minibus	2.538
d.e.a.	2.538
libanees	2.538
ilona	2.538
bestreed	2.538
godric	2.538
opgingen	2.538
lieber	2.538
verdoemen	2.538
zenuwbanen	2.538
mislukten	2.538
mattheus	2.538
verdachtenlijst	2.538
trill	2.538
kusanagi	2.538
floss	2.538
terugleiden	2.538
ucos	2.538
hanenkam	2.538
elektriciteitsrekening	2.538
laarsjes	2.538
experimentje	2.538
toegeeflijk	2.538
broflovski	2.538
vogelvrije	2.538
liliana	2.538
rockford	2.538
fjorden	2.538
vk	2.538
felder	2.538
aflever	2.538
pomona	2.538
vaarwater	2.538
echtscheidingen	2.538
masturbeerde	2.538
muziekkamer	2.538
uitzichtloos	2.538
assisteerde	2.538
onbewapend	2.538
cpr	2.538
vagn	2.538
visitors	2.538
mankepoot	2.538
pau	2.538
naoorlogse	2.538
afkortingen	2.538
sacani	2.538
justitia	2.538
wegwerkzaamheden	2.538
doodsteek	2.538
bootst	2.538
paragnost	2.538
kart	2.538
denigrerend	2.538
nachtwerk	2.538
paradis	2.538
dronkenlappen	2.538
tegemoetkomen	2.538
above	2.538
bovenbeen	2.538
uitpuilende	2.538
woensdagmiddag	2.538
tsjechië	2.538
zoloft	2.538
roodhuid	2.538
masons	2.538
havenstad	2.538
touren	2.538
kiril	2.538
garson	2.538
finny	2.538
bijbedoeling	2.538
aftroggelen	2.538
googlen	2.538
uitmuntendheid	2.538
pfff	2.538
blu-ray	2.538
butt	2.538
aanvroeg	2.538
hatton	2.538
jolinar	2.538
zandkorrel	2.538
degeneratie	2.538
geteleporteerd	2.538
voortbewegen	2.538
twéé	2.538
knick	2.538
geddes	2.538
familiefortuin	2.538
martino	2.538
mormels	2.538
gewaakt	2.538
hammy	2.538
posh	2.538
puistje	2.538
onopzettelijk	2.538
haarnetje	2.538
schampte	2.538
suicide	2.538
robuuste	2.538
windstoten	2.538
cannerts	2.538
jongelingen	2.538
kunstzinnig	2.538
zandkorrels	2.538
jacket	2.538
southwest	2.538
kodiak	2.538
prenten	2.538
familiedrama	2.538
bloedlink	2.538
secondant	2.538
doofde	2.538
onsportief	2.538
vivaldi	2.538
waterpark	2.538
freestyle	2.538
fdle	2.538
kool-aid	2.538
afgetekend	2.538
fleetwood	2.538
traynor	2.538
veeleer	2.538
getz	2.538
uroloog	2.538
behrooz	2.538
defecten	2.538
insiders	2.538
seriemoorden	2.538
omkeert	2.538
besloop	2.538
mailt	2.538
overlijdens	2.538
sarkissian	2.538
chloride	2.538
darkspore	2.538
bahia	2.538
publicist	2.538
viermaal	2.538
seropositief	2.538
chasing	2.538
zonderlingen	2.538
stas	2.538
slips	2.538
proactief	2.538
niccolo	2.538
donatello	2.538
aanduiding	2.538
schaduwt	2.538
wakkert	2.538
saline	2.538
peppy	2.538
herrijzenis	2.538
pepijn	2.538
josée	2.538
chefkok	2.538
deurknoppen	2.538
kietelde	2.538
gainsley	2.538
koorden	2.538
waiker	2.538
roodjassen	2.538
elektriciteitscentrale	2.538
cmr	2.538
yussef	2.538
daemon	2.538
muteert	2.538
provoceert	2.538
hoogheden	2.538
bakers	2.538
gentherapie	2.538
genji	2.538
oostende	2.538
kapitalen	2.538
dertigduizend	2.538
lichtste	2.538
dekkingsvuur	2.538
wetsuit	2.538
sletdivx	2.538
casus	2.538
fenner	2.538
opgetuigd	2.538
aankaarten	2.538
speedo	2.538
landgoederen	2.538
overdraagbare	2.538
supermacht	2.538
berthier	2.538
cornwallis	2.538
colins	2.538
misdaadgolf	2.538
brandons	2.538
stoof	2.538
tootsie	2.538
bromfiets	2.538
honeycutt	2.538
cyper	2.538
geste	2.538
elastiekje	2.538
ondermaats	2.538
hasty	2.538
michiel	2.538
topadvocaat	2.538
kenners	2.538
experten	2.538
leyland	2.538
slauson	2.538
kolder	2.538
perignon	2.538
cohn	2.538
leeggedronken	2.538
evident	2.538
pokemon	2.538
ingeprent	2.538
bartleby	2.538
lievelingsboek	2.538
woningbouw	2.538
badgast	2.538
pedrosa	2.538
kom.	2.538
ambachtelijke	2.538
gnoom	2.538
verifieer	2.538
beginsel	2.538
barometer	2.538
wereldleider	2.538
loopplank	2.538
cic	2.538
episodes	2.538
fopspeen	2.538
foutieve	2.538
teleurgestelde	2.538
vuurgevechten	2.538
mockingbird	2.538
treintje	2.538
doodgingen	2.538
mirage	2.538
doorns	2.538
vijvers	2.538
reddingslijn	2.538
toestemmingsformulier	2.538
medicamenten	2.538
nu.	2.538
stroomtoevoer	2.538
pirouette	2.538
slowakije	2.538
schelm	2.538
ingedommeld	2.538
verslepen	2.538
ontketen	2.533
kleurde	2.533
innamen	2.533
aanvaringen	2.533
mulwray	2.533
dubbeltjes	2.533
anaheim	2.533
gevarieerde	2.533
stoorden	2.533
sk	2.533
zelfverzekerdheid	2.533
bloedziekte	2.533
eglee	2.533
varkenskop	2.533
steps	2.533
wijkagent	2.533
adnan	2.533
albin	2.533
vissersboten	2.533
qatar	2.533
a1	2.533
nevenschade	2.533
capote	2.533
mintz	2.533
bijkomstigheid	2.533
pignon	2.533
tweeëndertig	2.533
dronkelappen	2.533
persvoorlichter	2.533
folly	2.533
autorit	2.533
rogge	2.533
grootboeken	2.533
snijwerk	2.533
spec	2.533
smooth	2.533
zien.	2.533
bolan	2.533
substation	2.533
cob	2.533
ondeugden	2.533
molenaar	2.533
juichte	2.533
koelte	2.533
achtduizend	2.533
geheimgehouden	2.533
bloggers	2.533
koeltjes	2.533
verwurging	2.533
markos	2.533
brendon	2.533
groteske	2.533
coltrui	2.533
faso	2.533
gevechtsvliegtuig	2.533
voortekens	2.533
autopiloot	2.533
salman	2.533
hinton	2.533
m-5	2.533
componisten	2.533
roodvonk	2.533
flay	2.533
salinas	2.533
ravenswood	2.533
inpassen	2.533
overboekingen	2.533
multitasken	2.533
koffiemachine	2.533
molecule	2.533
scheepsmaten	2.533
pasgeborenen	2.533
lofzang	2.533
biloxi	2.533
tunstall	2.533
babakov	2.533
lycans	2.533
continuum	2.533
chablis	2.533
sit-ups	2.533
stratosfeer	2.533
bekroond	2.533
uitweiden	2.533
neusgat	2.533
haddock	2.533
ligplaats	2.533
onbekwame	2.533
verloochen	2.533
milky	2.533
gekleineerd	2.533
kredietwaardigheid	2.533
tabellen	2.533
doordachte	2.533
erwtensoep	2.533
topmensen	2.533
schoorsteenveger	2.533
briscoe	2.533
slaapwandel	2.533
brekend	2.533
ruger	2.533
rijt	2.533
cairns	2.533
minivan	2.533
daxam	2.533
doorhalen	2.533
ivor	2.533
nev	2.533
drachtig	2.533
leisure	2.533
lusteloos	2.533
antarctische	2.533
ultrasone	2.533
s.u.v.	2.533
lago	2.533
rondzwerft	2.533
herrineren	2.533
glinsterend	2.533
strooide	2.533
kookplaat	2.533
loef	2.533
namenlijst	2.533
vertroeteld	2.533
pistoolschoten	2.533
opgerolde	2.533
cec	2.533
cottonmouth	2.533
bungeejumpen	2.533
santé	2.533
rondspoken	2.533
verziek	2.533
budweiser	2.533
outlaws	2.533
duffman	2.533
relativiteit	2.533
aloë	2.533
scherbatsky	2.533
carrillo	2.533
ncic	2.533
heroverweeg	2.533
noordse	2.533
miscommunicatie	2.533
metronoom	2.533
rui	2.533
tuinkabouter	2.533
galstenen	2.533
thinking	2.533
vetes	2.533
witwast	2.533
atomic	2.533
noodbaken	2.533
verstikkende	2.533
scharminkel	2.533
logeerden	2.533
kleinman	2.533
comprende	2.533
dansgroep	2.533
sint-petersburg	2.533
fiks	2.533
hatfields	2.533
zittingen	2.533
baasjes	2.533
degeneratieve	2.533
vredesmacht	2.533
gretel	2.533
snoek	2.533
loved	2.533
vruchteloos	2.533
interactief	2.533
v3	2.533
onteert	2.533
torrence	2.533
dorpeling	2.533
lexy	2.533
fixer	2.533
neergemaaid	2.533
dagobert	2.533
gastenhuis	2.533
slimane	2.533
aannemelijker	2.533
indrukt	2.533
bumblebee	2.533
komijn	2.533
onlosmakelijk	2.533
entropie	2.533
desalvo	2.533
jankende	2.533
geschiet	2.533
bovenarm	2.533
wha	2.533
puffs	2.533
profielfoto	2.533
underdogs	2.533
beckwith	2.533
representeren	2.533
zwervend	2.533
pell	2.533
bloeddoorlopen	2.533
hoogwaardigheidsbekleders	2.533
westport	2.533
bolus	2.533
degens	2.533
stilton	2.533
veda	2.533
papers	2.533
driftkop	2.533
farrelly	2.533
zoran	2.533
uittocht	2.533
shatner	2.533
rhythm	2.533
sinagra	2.533
fast-release	2.533
vrijmaakt	2.533
myung	2.533
min.	2.533
ziedend	2.533
eerstgeboren	2.533
onderbouwd	2.533
incasseert	2.533
presidentiele	2.533
screentest	2.533
alberts	2.533
biggen	2.533
rothumeur	2.533
nene	2.533
studentjes	2.533
sanborn	2.533
verteerde	2.533
recenter	2.533
id-bewijs	2.533
gokschuld	2.533
guo	2.533
tackler	2.533
cammy	2.533
sus	2.533
yeats	2.533
figuurtjes	2.533
strengere	2.533
beeldhouwen	2.533
poppetje1969	2.533
paardenstront	2.533
lani	2.533
barmannen	2.533
galápagos	2.533
ieper	2.533
zelfstandigheid	2.533
overschaduwen	2.533
lash	2.533
treinreis	2.533
wegdek	2.533
dronen	2.533
bonuspunten	2.533
fluorescerende	2.533
grafkamer	2.533
tactical	2.533
initieer	2.533
terminologie	2.533
lineair	2.533
ww	2.533
corrigeerde	2.533
wispelturige	2.533
matte	2.533
toekeert	2.533
afwisselend	2.533
kostje	2.533
verhulde	2.533
guantánamo	2.533
fibonacci	2.533
grut	2.533
wrap	2.533
onvermoeibare	2.533
encino	2.533
eternity	2.533
rozijn	2.533
colville	2.533
piotr	2.533
reacher	2.533
borin	2.533
rampenplan	2.533
kjartan	2.533
voetschimmel	2.533
reportages	2.533
tsjaikovski	2.533
geprepareerd	2.533
whittier	2.533
rooms	2.533
kwijtgescholden	2.533
doorgetrokken	2.533
optilde	2.533
gedocumenteerde	2.533
peulenschil	2.533
superstar	2.533
proeverij	2.533
sep	2.533
oneerbaar	2.533
gegoede	2.533
rustiek	2.533
bovennatuurlijks	2.533
spandoeken	2.533
noodhulp	2.533
alarmerende	2.533
bezitter	2.533
jarretels	2.533
zijwieltjes	2.533
olijftak	2.533
opsteeg	2.533
zeeslag	2.533
mv	2.533
zandkasteel	2.533
fontana	2.533
volhield	2.533
garandeerde	2.533
gelfling	2.533
ellington	2.533
uitdoven	2.533
genezeres	2.533
maranzano	2.533
uitdokteren	2.533
barbecuesaus	2.533
calzone	2.528
heiland	2.528
m16	2.528
sublieme	2.528
reservaten	2.528
rai	2.528
wereldwonder	2.528
betwistbaar	2.528
burgerwachten	2.528
geoefende	2.528
couldn	2.528
aerosmith	2.528
inliep	2.528
bidwell	2.528
mullery	2.528
overmatige	2.528
familierecept	2.528
autobedrijf	2.528
hardwerkend	2.528
lichts	2.528
huursoldaten	2.528
jae-hyeok	2.528
kladblok	2.528
lesuur	2.528
coïtus	2.528
moederliefde	2.528
gevechtservaring	2.528
alpine	2.528
engine	2.528
sidi	2.528
gedumpte	2.528
neiman	2.528
pester	2.528
gehoornde	2.528
basisprincipes	2.528
ventriculaire	2.528
expliciete	2.528
hush	2.528
rattigan	2.528
adoptiepapieren	2.528
kwabben	2.528
sloebers	2.528
dungeon	2.528
legging	2.528
kernfusie	2.528
levertemperatuur	2.528
inspecteert	2.528
aftandse	2.528
natuurlijks	2.528
morph	2.528
concerto	2.528
doorjou	2.528
nimitz	2.528
houseman	2.528
leugenachtig	2.528
beasley	2.528
cathedral	2.528
onderzetters	2.528
gedeukt	2.528
vleeswaren	2.528
rothwell	2.528
rondgaat	2.528
crisiscentrum	2.528
brill	2.528
zuigeling	2.528
zinvols	2.528
benzeen	2.528
liquide	2.528
jab	2.528
belagen	2.528
zahir	2.528
pasgetrouwd	2.528
ischias	2.528
noodlottig	2.528
gadegeslagen	2.528
15-jarig	2.528
lichtekooi	2.528
gajij	2.528
vetvrije	2.528
gromde	2.528
graancirkels	2.528
vassar	2.528
howser	2.528
distribueren	2.528
cthulhu	2.528
verdraagzaamheid	2.528
hulpdienst	2.528
desperado	2.528
synths	2.528
dotje	2.528
nekt	2.528
maandverband	2.528
ruiger	2.528
martijn	2.528
onfatsoenlijke	2.528
premiers	2.528
hotshot	2.528
zeildoek	2.528
pompey	2.528
priemgetal	2.528
geweldloze	2.528
votans	2.528
politiepenning	2.528
beluga	2.528
linh	2.528
wasje	2.528
negenentwintig	2.528
gediscrimineerd	2.528
stuitend	2.528
mireille	2.528
gaviria	2.528
goudkoorts	2.528
baseerde	2.528
haskins	2.528
gesterkt	2.528
giggs	2.528
inborst	2.528
mismaakt	2.528
mcconaughey	2.528
melina	2.528
spiermassa	2.528
snelde	2.528
dolph	2.528
compeyson	2.528
pavlova	2.528
bodhi	2.528
ofelia	2.528
basset	2.528
elastische	2.528
dodson	2.528
vamos	2.528
foutmarge	2.528
bluray	2.528
rondgeleid	2.528
hirogen	2.528
working	2.528
cultiveren	2.528
stormachtig	2.528
yeah.	2.528
mining	2.528
badend	2.528
oshin	2.528
piedmont	2.528
colter	2.528
leidinggevend	2.528
verplaatsingen	2.528
haakt	2.528
veiligheidsmensen	2.528
stijfsel	2.528
dossiernummer	2.528
bt	2.528
bodine	2.528
petities	2.528
griezelfilm	2.528
wegraken	2.528
civil	2.528
inslikt	2.528
hemmings	2.528
orso	2.528
guero	2.528
rags	2.528
solaris	2.528
interpreteer	2.528
bayard	2.528
zilverstukken	2.528
ayanami	2.528
pelé	2.528
eyal	2.528
esquire	2.528
afroepen	2.528
startsein	2.528
verblindde	2.528
tsjechisch	2.528
massamoorden	2.528
woordkeus	2.528
jog	2.528
rijmpjes	2.528
doktersrekeningen	2.528
halsbanden	2.528
vliegeniers	2.528
springplank	2.528
lokroep	2.528
reductie	2.528
tauron	2.528
dobberen	2.528
ongeschoold	2.528
kicks	2.528
manuele	2.528
limerick	2.528
ochtendkrant	2.528
11-jarige	2.528
roder	2.528
weerga	2.528
landeigenaren	2.528
besproeid	2.528
paniekkamer	2.528
hoofdloze	2.528
gansa	2.528
oyster	2.528
mayhem	2.528
whipple	2.528
krachtens	2.528
könig	2.528
voorstelden	2.528
cruises	2.528
verschuivingen	2.528
zuurstofniveau	2.528
schoolproject	2.528
schoonheidskoningin	2.528
access	2.528
koppeltje	2.528
afstands	2.528
betraden	2.528
ongelovelijk	2.528
breidde	2.528
kuisheidsgordel	2.528
m4	2.528
bewonen	2.528
palma	2.528
buz	2.528
woeden	2.528
voorbarige	2.528
onoprecht	2.528
vada	2.528
bekwaamheden	2.528
durán	2.528
bijspringen	2.528
jarigen	2.528
aait	2.528
schootsafstand	2.528
weetjij	2.528
sans	2.528
haden	2.528
omhooggevallen	2.528
shoo	2.528
metaforische	2.528
verklede	2.528
senegal	2.528
2b	2.528
wimper	2.528
blakes	2.528
doodse	2.528
radars	2.528
picker	2.528
berkowitz	2.528
sewell	2.528
beklad	2.528
afgewacht	2.528
hematocriet	2.528
babyface	2.528
selkirk	2.528
neerging	2.528
jubilee	2.528
communicaties	2.528
woonhuis	2.528
afwacht	2.528
dramatiek	2.528
wayland	2.528
justitiële	2.528
knoopte	2.528
broeikasgassen	2.528
ophaalden	2.528
bloedneuzen	2.528
fluctuaties	2.528
schrijfwerk	2.528
verplichtte	2.528
eeuwwisseling	2.528
prutswerk	2.528
opzegtermijn	2.528
alcoholvergiftiging	2.528
verantwoorde	2.528
juárez	2.528
strijdplan	2.528
chiara	2.528
galvan	2.528
uitbesteden	2.528
schattenjacht	2.528
warehouse	2.528
bengt	2.528
zwakst	2.528
rottijd	2.528
dieptepunten	2.528
overgrote	2.528
binnengeraakt	2.528
corliss	2.528
megans	2.528
ipswich	2.528
tofste	2.528
jaargetijde	2.528
signoria	2.528
marinade	2.528
inleidende	2.528
afspringen	2.528
zuidelijker	2.528
onderzeese	2.528
shelter	2.528
jedediah	2.528
feliciteerde	2.528
bakkers	2.528
voorhees	2.528
politiescanner	2.528
bruins	2.528
thuiswedstrijd	2.523
kwijnen	2.523
jeugdinrichting	2.523
tipje	2.523
methaangas	2.523
fjord	2.523
javy	2.523
oorlogvoeren	2.523
ontliep	2.523
betaaltelefoon	2.523
schaamlippen	2.523
rao	2.523
krijsende	2.523
wijnglazen	2.523
zeiknat	2.523
mcnaughton	2.523
speak	2.523
was.	2.523
luchtzak	2.523
passief-agressief	2.523
copa	2.523
rekruteert	2.523
hongerigen	2.523
overkill	2.523
smit	2.523
koeken	2.523
costley	2.523
praatprogramma	2.523
bangelijk	2.523
baghdad	2.523
stembureau	2.523
pavarotti	2.523
zielloos	2.523
lievelingen	2.523
papier-maché	2.523
totje	2.523
pinten	2.523
solitair	2.523
souschef	2.523
duizelingen	2.523
marrakech	2.523
satine	2.523
toretto	2.523
doorgezaagd	2.523
crank	2.523
afwisselen	2.523
tcr	2.523
tomatensoep	2.523
hixton	2.523
gps-coördinaten	2.523
daimon	2.523
gerezen	2.523
hoofdverdachten	2.523
waspoeder	2.523
sour	2.523
bedonder	2.523
enceladus	2.523
renauld	2.523
both	2.523
kwaadaardigs	2.523
emfyseem	2.523
afzweren	2.523
amaya	2.523
fitte	2.523
rustpauze	2.523
connection	2.523
output	2.523
samenspant	2.523
dumpplaats	2.523
geothermische	2.523
barricadeer	2.523
baklava	2.523
tegoeden	2.523
bueller	2.523
parris	2.523
hammers	2.523
laine	2.523
lossnijden	2.523
zeppelins	2.523
wuifde	2.523
steroïde	2.523
duizelt	2.523
maritza	2.523
jakkie	2.523
impotente	2.523
stringfellow	2.523
atreyu	2.523
wikkelt	2.523
krankzinnigen	2.523
krijtje	2.523
worcester	2.523
stationair	2.523
antropologisch	2.523
lollie	2.523
corny	2.523
push-up	2.523
detectivebureau	2.523
commode	2.523
evey	2.523
oververhitting	2.523
flippers	2.523
samenhangend	2.523
wachtdienst	2.523
showman	2.523
slaande	2.523
giscard	2.523
luchtplaats	2.523
beroerder	2.523
slagpin	2.523
lanceerden	2.523
kerwin	2.523
boosdoeners	2.523
roche	2.523
maagdenvlies	2.523
hoods	2.523
ammoniumnitraat	2.523
mensachtigen	2.523
bekakte	2.523
maps	2.523
dearborn	2.523
vertederend	2.523
chatswin	2.523
toetreding	2.523
blacky	2.523
opblaaspop	2.523
dierenriem	2.523
vermaard	2.523
maclean	2.523
mechanismen	2.523
bombardeert	2.523
graslanden	2.523
allebij	2.523
mongo	2.523
happening	2.523
onderzeeer	2.523
krebs	2.523
stompzinnige	2.523
actiefilm	2.523
huisman	2.523
radja	2.523
marktonderzoek	2.523
scepsis	2.523
chocoladesaus	2.523
mor	2.523
kampeerden	2.523
belastends	2.523
malcom	2.523
dolde	2.523
krankjorum	2.523
onophoudelijke	2.523
boba	2.523
seksvideo	2.523
gepenetreerd	2.523
hiaten	2.523
repliek	2.523
benzinestations	2.523
kendricks	2.523
herschrijft	2.523
lichtvoetig	2.523
mikkel	2.523
mishima	2.523
hersenspinsel	2.523
dichts	2.523
koreatown	2.523
deuterium	2.523
boarding	2.523
beboet	2.523
hebtje	2.523
stomvervelend	2.523
twins	2.523
inspecteer	2.523
pijnig	2.523
opgraaft	2.523
belijd	2.523
dummies	2.523
pfeifer	2.523
gezichts	2.523
sprokkelen	2.523
spreeuwen	2.523
outs	2.523
after-party	2.523
inboorling	2.523
lyrisch	2.523
jena	2.523
standish	2.523
detecteert	2.523
jebediah	2.523
vliegroute	2.523
opdoffen	2.523
marburg	2.523
sjalom	2.523
kostbaarder	2.523
zuiverder	2.523
jachtgeweren	2.523
blacks	2.523
doordrammen	2.523
mundo	2.523
nye	2.523
prepareer	2.523
methodist	2.523
aandenkens	2.523
skittles	2.523
vijl	2.523
pyama	2.523
kant-en-klare	2.523
mazda	2.523
besluiteloosheid	2.523
gotische	2.523
zitzak	2.523
feathers	2.523
oudsher	2.523
megahertz	2.523
merkje	2.523
waterfront	2.523
twintigje	2.523
strijdig	2.523
hoognodig	2.523
introducties	2.523
studiefonds	2.523
weefselmonsters	2.523
stroud	2.523
koeioneren	2.523
whew	2.523
slaapmiddelen	2.523
fade	2.523
albie	2.523
difterie	2.523
beoefent	2.523
kleedden	2.523
geleidingssysteem	2.523
bijgerecht	2.523
badjassen	2.523
complexen	2.523
kleerhanger	2.523
founding	2.523
neusring	2.523
reservesleutels	2.523
reactorkern	2.523
zuren	2.523
hoepelen	2.523
dangerous	2.523
oliemaatschappijen	2.523
legpuzzel	2.523
somalische	2.523
opschrijf	2.523
beraadslagen	2.523
renpaarden	2.523
ooglid	2.523
morel	2.523
octavius	2.523
angstaanval	2.523
langdradig	2.523
mundt	2.523
mirakuru	2.523
niger	2.523
korrelig	2.523
shinobi	2.523
meegeluisterd	2.523
homestead	2.523
laci	2.523
labuitslagen	2.523
adopteert	2.523
pillsbury	2.523
afpak	2.523
onbegrensd	2.523
lar	2.523
pyramid	2.523
de-	2.523
augustin	2.523
micron	2.523
onverslaanbare	2.523
wyatts	2.523
reiskosten	2.523
wipt	2.523
verkopende	2.523
camembert	2.523
onbeschermde	2.523
jonguh	2.523
losbreken	2.523
logies	2.523
zwartjes	2.523
biljartbal	2.523
vastpinnen	2.523
buitenzijde	2.523
weggetje	2.523
hendrie	2.523
getweet	2.523
tintin	2.523
gedwee	2.523
fatwa	2.523
kleiners	2.523
fokke	2.523
strijdtoneel	2.523
trenwith	2.523
dream013	2.523
wablieft	2.523
creditcardgegevens	2.523
gevangenenkamp	2.523
liefdadige	2.523
nieuwjaarsavond	2.523
hyperactief	2.523
beschikbaarheid	2.523
nadele	2.523
albrecht	2.523
vleet	2.523
handbal	2.523
jumpers	2.523
bumpers	2.523
vrijgehouden	2.523
transplantaat	2.523
melkkoe	2.523
antilopen	2.523
staafje	2.523
oudheden	2.523
kinte	2.523
blocnote	2.523
werkman	2.523
hornigold	2.523
scalpen	2.523
artist	2.523
buizerds	2.523
rik	2.523
delroy	2.523
choqueren	2.523
species	2.523
reserveerde	2.523
lac	2.523
alwetend	2.523
onversneden	2.523
naschok	2.523
ontregelen	2.523
jammerlijke	2.523
aantoonbaar	2.518
verkwikkend	2.518
mallorca	2.518
sjaak	2.518
leeza	2.518
zijnen	2.518
hutchins	2.518
go-go	2.518
en-en	2.518
begrafenisondernemers	2.518
getuige-deskundige	2.518
liegend	2.518
aloysius	2.518
reena	2.518
kortbij	2.518
vicksburg	2.518
roeide	2.518
mcnabb	2.518
verneemt	2.518
opwind	2.518
sissen	2.518
dankte	2.518
finnen	2.518
benige	2.518
beroert	2.518
gouverneurschap	2.518
luci	2.518
microwereld	2.518
uitgestelde	2.518
halfgod	2.518
fullerton	2.518
testvlucht	2.518
brancards	2.518
bandenlichter	2.518
grijper	2.518
kustweg	2.518
milli	2.518
ghandi	2.518
grenada	2.518
grunwald	2.518
casimir	2.518
vloedgolven	2.518
chernov	2.518
4077ste	2.518
portiek	2.518
caveman	2.518
aanvallend	2.518
gnocchi	2.518
presidentsverkiezingen	2.518
donkerblauwe	2.518
gifsumak	2.518
stoney	2.518
obsidian	2.518
orks	2.518
beekman	2.518
portalen	2.518
stopverf	2.518
crewes	2.518
jefferies	2.518
uitgespreid	2.518
pelikanen	2.518
breece	2.518
janne	2.518
aramees	2.518
uitwerpen	2.518
vlechtjes	2.518
bloedwaarden	2.518
dierproeven	2.518
knabbel	2.518
toad	2.518
pe	2.518
couveuse	2.518
coker	2.518
pijpenstelen	2.518
panties	2.518
variety	2.518
vhs	2.518
akemi	2.518
sayuri	2.518
nails	2.518
spreidde	2.518
gelucht	2.518
crumb	2.518
hammerhead	2.518
terrill	2.518
benadrukte	2.518
rockers	2.518
ryerson	2.518
specialer	2.518
schaapskleren	2.518
dalrymple	2.518
roosje	2.518
geregelde	2.518
verveelden	2.518
lunchte	2.518
onstuitbare	2.518
supergaaf	2.518
verschrikt	2.518
bestuursvoorzitter	2.518
achterklep	2.518
nieuwigheid	2.518
onderaf	2.518
muggenziften	2.518
vermout	2.518
poolcirkel	2.518
klokkenluiders	2.518
toezichthouders	2.518
zonderjou	2.518
ijzerdraad	2.518
harvest	2.518
afgebakend	2.518
molto	2.518
huppelt	2.518
c.k.	2.518
bierdopje.	2.518
boko	2.518
hanging	2.518
gauss	2.518
likes	2.518
toeleggen	2.518
akbari	2.518
ontmantel	2.518
overdraag	2.518
vergooide	2.518
tanis	2.518
sarek	2.518
volkstelling	2.518
reactietijd	2.518
pitchen	2.518
seksverslaafde	2.518
hodes	2.518
ooghoek	2.518
gehuwde	2.518
balspel	2.518
ruikende	2.518
koffiebonen	2.518
timberwolves	2.518
diabetisch	2.518
vice-directeur	2.518
braaksporen	2.518
benijdt	2.518
hoofdeinde	2.518
evangelina	2.518
nicodemus	2.518
hogerhuis	2.518
screensaver	2.518
shayla	2.518
vastpakt	2.518
kalakaua	2.518
havenpolitie	2.518
suis	2.518
divan	2.518
hergebruikt	2.518
losbol	2.518
nagezocht	2.518
mimica	2.518
payson	2.518
vermomt	2.518
begingen	2.518
verkorte	2.518
zama	2.518
priemgetallen	2.518
pulpo	2.518
prosser	2.518
rennende	2.518
subversieve	2.518
halsoverkop	2.518
nachtportier	2.518
romulaans	2.518
planetoïde	2.518
teruggeslagen	2.518
vanguard	2.518
ninth	2.518
hydraulisch	2.518
gevrijwaard	2.518
voorstaan	2.518
misery	2.518
walgelijks	2.518
verkrijgt	2.518
uitgekeerd	2.518
zeurkous	2.518
caris	2.518
monika	2.518
popelt	2.518
doopnaam	2.518
ongedisciplineerd	2.518
dampende	2.518
telefoneerde	2.518
mannelijker	2.518
zuckerberg	2.518
verluid	2.518
doodnormaal	2.518
bestal	2.518
puberale	2.518
spatje	2.518
mitchells	2.518
talentloze	2.518
camus	2.518
begaven	2.518
aanspraken	2.518
vrijden	2.518
waden	2.518
ketels	2.518
jeugdliefde	2.518
commonwealth	2.518
dolletjes	2.518
krullenbol	2.518
sardinië	2.518
basin	2.518
christiaan	2.518
demonstreert	2.518
chau	2.518
jacey	2.518
linwood	2.518
pijnigt	2.518
effectbal	2.518
massacre	2.518
indochina	2.518
leergierig	2.518
bloeiend	2.518
ensceneren	2.518
gezinslid	2.518
dunbrook	2.518
zwemkleding	2.518
gilou	2.518
putjes	2.518
watjij	2.518
kansarme	2.518
scope	2.518
wemelde	2.518
pathologen	2.518
speculeer	2.518
kiara	2.518
vraagstukken	2.518
nachttrein	2.518
gets	2.518
ontwapen	2.518
sigurd	2.518
ingestorte	2.518
gepikeerd	2.518
daarbovenop	2.518
meebrachten	2.518
kenau	2.518
onverwoestbare	2.518
hasselhoff	2.518
kabir	2.518
fiore	2.518
getuigenbeschermingsprogramma	2.518
bone-setter	2.518
langslopen	2.518
slagaderlijke	2.518
ruimtesonde	2.518
nosferatu	2.518
zwanenmeer	2.518
jihadisten	2.518
meeker	2.518
tobins	2.518
fp	2.518
locos	2.518
ervandaan	2.518
ruilden	2.518
regerend	2.518
kwakzalvers	2.518
mondharmonica	2.518
granaatappel	2.518
beanie	2.518
gestempeld	2.518
werkeloze	2.518
veiligheidsteam	2.518
geknield	2.518
libre	2.518
stadions	2.518
harsen	2.518
schooldirecteur	2.518
kunstvoorwerp	2.518
tight	2.518
glendenning	2.518
wilco	2.518
uitgekiend	2.518
uitspoelen	2.518
gepofte	2.518
bevin	2.518
aki	2.518
geldstroom	2.518
eris	2.518
jeppe	2.518
patroonhulzen	2.518
gamba	2.518
stills	2.518
speldenkussen	2.518
binghamton	2.518
i.p.v.	2.518
gezwaaid	2.518
yorktown	2.518
flags	2.518
o.c.	2.518
kanton	2.518
godganse	2.518
dicaprio	2.518
mehta	2.518
flex	2.518
passes	2.518
hoogstpersoonlijk	2.518
gelijkgestemde	2.518
onevenwichtig	2.512
stowaway	2.512
uittrek	2.512
dubenko	2.512
verzuim	2.512
groothertog	2.512
doodnormale	2.512
pompons	2.512
mattias	2.512
verzegeling	2.512
uitbannen	2.512
aasde	2.512
troggen	2.512
venijnig	2.512
yukio	2.512
attaque	2.512
nemend	2.512
muziekfestival	2.512
roux	2.512
aoki	2.512
maul	2.512
beademd	2.512
hoezee	2.512
verdagen	2.512
liefdesverhalen	2.512
collageen	2.512
rijksdag	2.512
jeffs	2.512
luchtvaartmaatschappijen	2.512
rorish	2.512
satanisch	2.512
redwood	2.512
spoon	2.512
verleng	2.512
bd	2.512
schumann	2.512
rechtshulp	2.512
logeerpartij	2.512
kierkegaard	2.512
mp3-speler	2.512
mazzelpik	2.512
benedictus	2.512
bonanza	2.512
gestructureerd	2.512
spencers	2.512
grenspolitie	2.512
alvleesklierkanker	2.512
baljuw	2.512
vervalsers	2.512
pinata	2.512
levensreddende	2.512
anonymous	2.512
vlaggenmast	2.512
supersnelle	2.512
verroeste	2.512
ulf	2.512
crowd	2.512
sheldrake	2.512
geluidseffecten	2.512
biak	2.512
fraga	2.512
ribbon	2.512
kinderschoenen	2.512
michonne	2.512
consistentie	2.512
stuurknuppel	2.512
schetst	2.512
engelands	2.512
lidocaine	2.512
rechtsboven	2.512
bedrijfsplan	2.512
voeder	2.512
ceci	2.512
crawl	2.512
eeuwigdurend	2.512
theedoek	2.512
vitus	2.512
prosciutto	2.512
openlaten	2.512
mandarijns	2.512
bryony	2.512
ayla	2.512
pinochet	2.512
amane	2.512
juda	2.512
hotelbar	2.512
tenietdoen	2.512
colombo	2.512
hamed	2.512
pitbulls	2.512
doesn	2.512
lafitte	2.512
mesten	2.512
mayan	2.512
bowls	2.512
toiletruimte	2.512
onzelfzuchtige	2.512
gevloekt	2.512
fitter	2.512
dyle	2.512
gatlin	2.512
neerwaarts	2.512
verruild	2.512
diepgewortelde	2.512
sloppen	2.512
yaniv	2.512
gesurft	2.512
ondina	2.512
elitair	2.512
softitler	2.512
zebrapad	2.512
loskomt	2.512
piepschuim	2.512
videos	2.512
zelfzeker	2.512
jean-baptiste	2.512
gedoemde	2.512
uitgesmeerd	2.512
ontwrichting	2.512
azul	2.512
zijstraat	2.512
gretzky	2.512
ambulancebroeders	2.512
waterkoeler	2.512
vervingen	2.512
alsem	2.512
timber	2.512
veelzijdige	2.512
valjean	2.512
jago	2.512
zaborgar	2.512
reach	2.512
onbeleefdheid	2.512
woodman	2.512
legal	2.512
opgerookt	2.512
olie-industrie	2.512
avril	2.512
krays	2.512
stuurhut	2.512
oldham	2.512
nieman	2.512
madness	2.512
voorbijkomt	2.512
privé-detectives	2.512
neerzette	2.512
irons	2.512
buitenposten	2.512
kwelde	2.512
bedankbriefje	2.512
sms-jes	2.512
gammastralen	2.512
holde	2.512
verheerlijkt	2.512
vooringenomenheid	2.512
asylum	2.512
openlucht	2.512
overlijd	2.512
yetta	2.512
uitdeed	2.512
avm	2.512
gargano	2.512
mijo	2.512
seiji	2.512
stomende	2.512
apport	2.512
tuinhuisje	2.512
terugdenkt	2.512
kousenband	2.512
binnenskamers	2.512
dinsdagen	2.512
jin-tae	2.512
somehow	2.512
sheep	2.512
hamiltons	2.512
def	2.512
logé	2.512
schoolteam	2.512
deeltijds	2.512
kruisbeeld	2.512
maggy	2.512
boxey	2.512
onzuiver	2.512
kerstwonder	2.512
speculatief	2.512
columnist	2.512
onoverkomelijk	2.512
salgado	2.512
streling	2.512
aaneen	2.512
invallers	2.512
mylady	2.512
newell	2.512
aardling	2.512
palazzo	2.512
pauley	2.512
loopneus	2.512
stembureaus	2.512
peetdochter	2.512
core	2.512
kell	2.512
nanking	2.512
barletta	2.512
losava	2.512
structureel	2.512
meehelpt	2.512
s.h.i.e.l.d	2.512
cleave	2.512
wondje	2.512
hemellichamen	2.512
beeldvorming	2.512
sidle	2.512
indringende	2.512
skitter	2.512
dinsdagmiddag	2.512
zelfmoordterrorist	2.512
bennetts	2.512
tandenpoetsen	2.512
mediteer	2.512
kima	2.512
dooier	2.512
kaka	2.512
creasy	2.512
coeur	2.512
snowboard	2.512
hoogstaand	2.512
prefectuur	2.512
alcazar	2.512
rudo	2.512
un-lun	2.512
austerlitz	2.512
onthulden	2.512
cicely	2.512
porters	2.512
elastiekjes	2.512
sukkelaar	2.512
sars	2.512
keukenpersoneel	2.512
gewoons	2.512
autoshow	2.512
verworden	2.512
chanteur	2.512
bloedplas	2.512
kuikentje	2.512
opdroogt	2.512
drugsmisbruik	2.512
shed	2.512
gardener	2.512
jervis	2.512
stony	2.512
massavernietigingswapen	2.512
afhaalt	2.512
omvangrijke	2.512
oprichtte	2.512
gleden	2.512
frigo	2.512
raffinaderijen	2.512
carpool	2.512
bengaalse	2.512
verademing	2.512
v.s	2.512
dekzeil	2.512
geheugens	2.512
mingus	2.512
laust	2.512
holler	2.512
ietsjes	2.512
baccarat	2.512
covert	2.512
crandall	2.512
sauzen	2.512
maalstroom	2.512
overgaven	2.512
heult	2.512
bergdorf	2.512
ademende	2.512
v.i.p.	2.512
ratchet	2.512
eierschaal	2.512
ts	2.512
sigge	2.512
stuxnet	2.512
onweersbuien	2.512
homofobie	2.512
betuigt	2.512
verenigingen	2.512
fannie	2.512
provisiekast	2.512
ijsbreker	2.512
modigliani	2.512
geluksvogels	2.512
kikkervisjes	2.512
jarrah	2.512
homers	2.512
platgelegd	2.512
kanonskogels	2.512
bijeenroepen	2.512
bedroeft	2.512
groote	2.512
verliefden	2.512
mauser	2.512
voorbereidend	2.507
secondes	2.507
bouwtekeningen	2.507
broodroosters	2.507
doorgekeken	2.507
ondergaande	2.507
danica	2.507
mobsters	2.507
lianne	2.507
cabrera	2.507
amateuristische	2.507
plaatsvervangende	2.507
mitella	2.507
speck	2.507
naevia	2.507
mana	2.507
vladivostok	2.507
stormtroepen	2.507
julians	2.507
luren	2.507
lieffie	2.507
arryn	2.507
vervliegt	2.507
rubio	2.507
ornaat	2.507
proefdier	2.507
heulen	2.507
verstevigd	2.507
baelfire	2.507
koepels	2.507
worstelden	2.507
locoburgemeester	2.507
onvoltooide	2.507
fuhrman	2.507
extremen	2.507
pokertafel	2.507
geheimtaal	2.507
herhaaldelijke	2.507
roerige	2.507
mesthoop	2.507
georgio	2.507
wagstaff	2.507
omsingelt	2.507
cava	2.507
beveiligingen	2.507
hervallen	2.507
vormfout	2.507
wildfire	2.507
cronkite	2.507
katsopolis	2.507
posterijen	2.507
bezoekende	2.507
zwitser	2.507
rancher	2.507
krukje	2.507
trevors	2.507
gestreeld	2.507
koerswijziging	2.507
luchtverkeersleiding	2.507
familievriend	2.507
trainingsbroek	2.507
thoreau	2.507
forellen	2.507
vorkheftruck	2.507
sneeuwscooter	2.507
gustloff	2.507
bokste	2.507
verbeten	2.507
thuisbrengt	2.507
opruiend	2.507
ehr	2.507
schrijfblok	2.507
t.u.	2.507
kaakbeen	2.507
ratje	2.507
dominostenen	2.507
verhalenverteller	2.507
gebiedt	2.507
schreden	2.507
theezakje	2.507
oprukkende	2.507
opaten	2.507
joyriden	2.507
dragsholm	2.507
boulimia	2.507
flatbush	2.507
stearns	2.507
chemicalien	2.507
royalle	2.507
wonderdoener	2.507
palet	2.507
framework	2.507
oxytocine	2.507
mere	2.507
ongehoorzame	2.507
spijtige	2.507
asano	2.507
schootsveld	2.507
plexiglas	2.507
clements	2.507
schuchter	2.507
akeligs	2.507
wijsheden	2.507
thoracotomie	2.507
ifield	2.507
overbrengt	2.507
vaklui	2.507
politiedossier	2.507
socialiseren	2.507
silica	2.507
ikwil	2.507
communicatiecentrum	2.507
musk	2.507
zandman	2.507
courtisane	2.507
aangereikt	2.507
elektroshock	2.507
ce	2.507
on-amerikaans	2.507
elliptische	2.507
verschoppelingen	2.507
kuch	2.507
gom	2.507
jup	2.507
carré	2.507
uitwassen	2.507
gevend	2.507
pof	2.507
amantha	2.507
kamerlid	2.507
jiujitsu	2.507
chrisgj	2.507
doener	2.507
spoedcursus	2.507
yoo-hoo	2.507
gemompel	2.507
meegenieten	2.507
zagreb	2.507
stres	2.507
projectleider	2.507
grimms	2.507
leugentest	2.507
maori	2.507
apothekers	2.507
witham	2.507
poezen	2.507
glow	2.507
overgesneden	2.507
ondernemende	2.507
mond-op-mondbeademing	2.507
footballwedstrijd	2.507
toegangen	2.507
zahra	2.507
popsterren	2.507
ectoplasma	2.507
kommer	2.507
callan	2.507
asteroïdengordel	2.507
verdunnen	2.507
fluitend	2.507
piscatella	2.507
afasie	2.507
fetish	2.507
deurwaarders	2.507
seventh	2.507
opje	2.507
weapon	2.507
zitten.	2.507
mask	2.507
winterse	2.507
chisum	2.507
wachte	2.507
klotewijf	2.507
vliegtuigticket	2.507
smeedde	2.507
moordzuchtig	2.507
gedecimeerd	2.507
corvee	2.507
lichtschakelaar	2.507
kiefer	2.507
vierdeurs	2.507
picknicks	2.507
bubs	2.507
tijdzones	2.507
breker	2.507
hui	2.507
geevacueerd	2.507
interval	2.507
surrogaten	2.507
herstellingen	2.507
bionische	2.507
ruzietje	2.507
impliceerde	2.507
ijspegels	2.507
vruchtbaarheidskliniek	2.507
betreffen	2.507
doorloop	2.507
african	2.507
marry	2.507
uitstrooien	2.507
gaynor	2.507
kersenbloesem	2.507
canadian	2.507
opgerukt	2.507
teruggedrongen	2.507
bevrijders	2.507
wafelijzer	2.507
pinguins	2.507
rondrit	2.507
krijst	2.507
benadelen	2.507
bayley	2.507
wegzuigen	2.507
knellen	2.507
kiesrecht	2.507
bokszak	2.507
mediacircus	2.507
slaapwandelde	2.507
herbekijken	2.507
spetteren	2.507
ratatouille	2.507
lafferty	2.507
treble	2.507
verziekte	2.507
inbeelding	2.507
nos	2.507
mekong	2.507
sportpagina	2.507
óns	2.507
kriebelen	2.507
wereldtournee	2.507
hiss	2.507
toortsen	2.507
aftreksel	2.507
libelle	2.507
ofniet	2.507
koopvaardijschepen	2.507
heteroseksueel	2.507
dido	2.507
gesold	2.507
karo	2.507
agressiviteit	2.507
kathedralen	2.507
rioolwater	2.507
beech	2.507
tegengesproken	2.507
veerman	2.507
familiegeheim	2.507
gissingen	2.507
smaakten	2.507
slonzig	2.507
andreotti	2.507
emmit	2.507
minotaur	2.507
spastische	2.507
halfzeven	2.507
phipps	2.507
hoogstandje	2.507
rýza	2.507
bezwangerd	2.507
drankkast	2.507
handschoenkastje	2.507
scary	2.507
abydos	2.507
stereotypen	2.507
wantje	2.507
vergezelde	2.507
up-to-date	2.507
vulkaanuitbarsting	2.507
impopulair	2.507
beleefden	2.507
ogres	2.507
derivaten	2.507
gelimiteerde	2.507
o.v.j.	2.507
hoofdschot	2.507
haardos	2.507
triatlon	2.507
kersttijd	2.507
afslachtte	2.507
scone	2.507
steelers	2.507
harrogate	2.507
croutons	2.507
spijkeren	2.507
studiejaar	2.507
knobbels	2.507
konijnenpoot	2.507
few	2.507
accord	2.507
bilspleet	2.507
adelina	2.507
rebooten	2.507
lawford	2.507
volhouder	2.507
voorspellende	2.507
spoorzoeken	2.507
saltzman	2.507
mediteert	2.507
barley	2.507
schoolavond	2.507
satterfield	2.507
drugshandelaren	2.507
rucker	2.507
seefra	2.507
seed	2.507
micke	2.507
undercoveragenten	2.507
aristide	2.507
pyke	2.507
overgooien	2.507
kizzy	2.507
nanosondes	2.507
verborgene	2.507
voogdijzaak	2.507
jachtopziener	2.507
ongeschoolde	2.507
fmjeeke	2.507
ikari	2.507
corrumperen	2.507
maroon	2.507
bungee	2.507
superprestige	2.507
windrichting	2.507
höllerer	2.507
pz	2.502
worstelteam	2.502
doorgingen	2.502
lievelingskostje	2.502
filmrechten	2.502
kookprogramma	2.502
triomfantelijke	2.502
laxeermiddelen	2.502
rechthoek	2.502
vermorzelt	2.502
baadt	2.502
drugsverslaafd	2.502
kawasaki	2.502
verschoont	2.502
laborant	2.502
hangertje	2.502
galluzzo	2.502
fabricage	2.502
mogadishu	2.502
zakenleven	2.502
yasmine	2.502
bijgenaamd	2.502
babyspullen	2.502
stratford	2.502
takahiro	2.502
problem	2.502
eiseres	2.502
provoceerde	2.502
gecommandeerd	2.502
hassans	2.502
gedeald	2.502
hunk	2.502
slavenschip	2.502
feromoon	2.502
huerta	2.502
lichtbruin	2.502
rivierkreeft	2.502
brevet	2.502
sham	2.502
armworstelen	2.502
gsa	2.502
overgangsfase	2.502
sjamanen	2.502
verzorgingshuis	2.502
zeewaardig	2.502
shaker	2.502
panorama	2.502
paraffine	2.502
orcs	2.502
afhandelde	2.502
opeenvolging	2.502
uitbesteed	2.502
bassett	2.502
afneem	2.502
noord-californië	2.502
mink	2.502
pushte	2.502
welpje	2.502
rederij	2.502
gereïncarneerd	2.502
schooljuf	2.502
wetshandhavers	2.502
gedraaide	2.502
carlsen	2.502
sense	2.502
sosuke	2.502
vesper	2.502
neutronenster	2.502
toegangspunt	2.502
bedonderde	2.502
ademteug	2.502
watermerk	2.502
pogo	2.502
pres	2.502
giuliana	2.502
dobkins	2.502
zumba	2.502
herlezen	2.502
pennies	2.502
humbert	2.502
problemo	2.502
mandrake	2.502
downloads	2.502
felicitatie	2.502
jaff	2.502
burn-out	2.502
radium	2.502
verstik	2.502
petrova	2.502
omhulsels	2.502
rule	2.502
geexecuteerd	2.502
gezelschapsdame	2.502
weerslag	2.502
signaleren	2.502
gogo	2.502
draaiing	2.502
positiviteit	2.502
edelmoedigheid	2.502
stopwoord	2.502
nichterige	2.502
opsomming	2.502
waarzeggers	2.502
verhard	2.502
molens	2.502
seizoensgebonden	2.502
verwonde	2.502
observatiepost	2.502
leth	2.502
uitlachte	2.502
doodsangsten	2.502
bijzetten	2.502
koppelaarster	2.502
moordaanslagen	2.502
shelagh	2.502
professioneler	2.502
pruimensap	2.502
gere	2.502
metjullie	2.502
botfragmenten	2.502
grasshopper	2.502
rotje	2.502
krak	2.502
cailin	2.502
castleroy	2.502
martun	2.502
carabinieri	2.502
itunes	2.502
opgeworpen	2.502
geredigeerd	2.502
geconcludeerd	2.502
afgewogen	2.502
horvath	2.502
sloppy	2.502
aanwerven	2.502
onregelmatigheid	2.502
linguini	2.502
wijnproeverij	2.502
moeder-dochter	2.502
collector	2.502
storyteller	2.502
voetvolk	2.502
marce	2.502
brynn	2.502
zwierven	2.502
prager	2.502
bijou	2.502
systeemfout	2.502
elektro	2.502
18th	2.502
fanatiekeling	2.502
lincolns	2.502
matteüs	2.502
duisterste	2.502
stroomversnellingen	2.502
steinberg	2.502
oogstfeest	2.502
bewitched	2.502
paradine	2.502
engineer	2.502
geklasseerd	2.502
havers	2.502
sheehan	2.502
genietend	2.502
verbittering	2.502
fring	2.502
allerslechtste	2.502
makaken	2.502
natuurhistorisch	2.502
electronische	2.502
rondbrengen	2.502
geboend	2.502
juanito	2.502
dennenboom	2.502
rechthoekige	2.502
balzac	2.502
kimo	2.502
nogales	2.502
hargrave	2.502
maldonado	2.502
tada	2.502
wattenstaafjes	2.502
volgenden	2.502
shoshanna	2.502
germanicus	2.502
mensdom	2.502
mem	2.502
schoolreünie	2.502
toevertrouwt	2.502
aldaar	2.502
peregrine	2.502
dougs	2.502
afzichtelijke	2.502
kiplekker	2.502
elway	2.502
kittredge	2.502
onnadenkend	2.502
bagram	2.502
aspirientjes	2.502
optrommelen	2.502
hearn	2.502
stimuli	2.502
afslacht	2.502
neuraal	2.502
schildwachten	2.502
uitdijende	2.502
onderzoeksresultaten	2.502
briarcliff	2.502
teruggingen	2.502
weyland	2.502
danig	2.502
zangeressen	2.502
naargelang	2.502
verlovingsfeestje	2.502
confisqueren	2.502
hulst	2.502
neyers	2.502
mayko	2.502
honoré	2.502
bewusteloosheid	2.502
wrake	2.502
indicatoren	2.502
kor	2.502
ontsprongen	2.502
velletje	2.502
faro	2.502
fabelachtig	2.502
belegeren	2.502
welwaar	2.502
katey	2.502
belust	2.502
kameroen	2.502
nepperd	2.502
voorwoord	2.502
jeeves	2.502
manipulerende	2.502
schizofrene	2.502
comte	2.502
vetste	2.502
samenvallen	2.502
stilgezet	2.502
vuilnismannen	2.502
afgedaald	2.502
fishers	2.502
towns	2.502
spetterende	2.502
doet-ie	2.502
swindon	2.502
shopper	2.502
donkerharige	2.502
gedicteerd	2.502
toegetreden	2.502
landsbelang	2.502
kwajongens	2.502
oppompen	2.502
weghaalden	2.502
vetmesten	2.502
f-18	2.502
west-indië	2.502
abattoir	2.502
liefdesverklaring	2.502
vergrootte	2.502
gedragspatroon	2.502
atari	2.502
dienstregeling	2.502
afvalbakken	2.502
verspeel	2.502
barris	2.502
vluchtgevaarlijk	2.502
duchemin	2.502
douchte	2.502
less	2.502
artillerievuur	2.502
laesie	2.502
bevruchte	2.502
gevoeligheden	2.502
kree	2.502
tetanusprik	2.502
ceder	2.502
hiv-positief	2.502
krabs	2.502
gegiechel	2.502
lichtend	2.502
vrouwenrechten	2.502
gosling	2.502
maybourne	2.502
fellatio	2.502
musashi	2.502
onvriendelijke	2.502
mej	2.502
piz	2.502
sneeuwval	2.502
uitverkochte	2.502
dona	2.502
pijpbeurten	2.502
designs	2.502
rotsvast	2.502
marineren	2.502
sympathisant	2.502
duca	2.502
sandpiper	2.502
afbuigen	2.502
feather	2.502
haakte	2.502
afbrokkelen	2.502
opzienbarende	2.502
cormac	2.502
keukenhulp	2.502
irissen	2.502
brakebills	2.502
saaiheid	2.502
hoofdmotor	2.502
trainings	2.502
suzuran	2.502
landmeter	2.502
doorverkopen	2.502
spiro	2.502
gevechtskunst	2.502
schuttersputje	2.502
blaisdell	2.502
woordspelletjes	2.502
commissariaat	2.502
houdingen	2.502
tjes	2.502
sjootelsplak	2.502
pinglet	2.502
liefdadig	2.502
sandhamn	2.502
vlerk	2.502
aritmie	2.502
wegvluchtte	2.497
aba	2.497
ingezogen	2.497
hawaiian	2.497
hulpeloosheid	2.497
iejoor	2.497
bonneville	2.497
tyneman	2.497
ramanujan	2.497
vastketenen	2.497
vouwde	2.497
emf	2.497
trueman	2.497
burl	2.497
s02e02	2.497
hondenpark	2.497
confituur	2.497
guide	2.497
storende	2.497
eindejaars	2.497
wraakzucht	2.497
overbrenging	2.497
opnaaien	2.497
wasverzachter	2.497
afkeren	2.497
stouterd	2.497
aber	2.497
mimmi	2.497
recupereren	2.497
rotter	2.497
bemoeizieke	2.497
federales	2.497
prehistoric	2.497
regenpijp	2.497
moskeeën	2.497
geleiding	2.497
mullah	2.497
bloedigste	2.497
beschaamde	2.497
dwingende	2.497
keough	2.497
achterruit	2.497
geobsedeerde	2.497
gendarmerie	2.497
lakeshore	2.497
formulering	2.497
smoeltje	2.497
dít	2.497
verontrustends	2.497
verlengsnoer	2.497
níet	2.497
paartje	2.497
waterige	2.497
yummy	2.497
visnet	2.497
verslechterde	2.497
cardinals	2.497
piepjes	2.497
windje	2.497
mensa	2.497
swingers	2.497
zwembandjes	2.497
kismet	2.497
onovertroffen	2.497
maj	2.497
leap	2.497
newgate	2.497
vittoria	2.497
edition	2.497
borgstelling	2.497
marku	2.497
quarry	2.497
chisholm	2.497
carris	2.497
marijuana	2.497
gisterenmiddag	2.497
karaktertrekken	2.497
yvan	2.497
heiliger	2.497
fileren	2.497
scampi	2.497
comedian	2.497
verschieten	2.497
gehijg	2.497
onbetekenend	2.497
aangetekende	2.497
rustdag	2.497
daboy	2.497
uiteenzetting	2.497
brandweerlui	2.497
lifetime	2.497
balducci	2.497
kirill	2.497
spookschip	2.497
pedofilie	2.497
polaris	2.497
cottan	2.497
onvoorzien	2.497
geve	2.497
gwent	2.497
spotlights	2.497
oğuz	2.497
inloopt	2.497
gladder	2.497
westzijde	2.497
instappers	2.497
zheng	2.497
assenza	2.497
nong	2.497
penrose	2.497
rockt	2.497
maleisische	2.497
uitgelijnd	2.497
opgeklaard	2.497
groette	2.497
nerissa	2.497
woodland	2.497
hypnotische	2.497
cree	2.497
archivaris	2.497
voedselbank	2.497
carriëre	2.497
gedigitaliseerd	2.497
drogeert	2.497
ijzers	2.497
beoefen	2.497
between	2.497
hoofdpunten	2.497
inpakpapier	2.497
paspop	2.497
herinnerje	2.497
verweerde	2.497
eigengemaakte	2.497
lamotte	2.497
lunchpakket	2.497
bester	2.497
getaxeerd	2.497
bahrein	2.497
vaticaanse	2.497
twelve	2.497
challenge	2.497
gedragsproblemen	2.497
billijk	2.497
against	2.497
mogge	2.497
vaardige	2.497
croydon	2.497
maandje	2.497
lumpur	2.497
selah	2.497
bliksemschichten	2.497
mss	2.497
eugenia	2.497
colfax	2.497
cooperman	2.497
jésus	2.497
troop	2.497
wachtcommandant	2.497
bouwmaterialen	2.497
videotape	2.497
gepreek	2.497
heggen	2.497
sjans	2.497
dzjengis	2.497
flintstones	2.497
aangevochten	2.497
plichtsgevoel	2.497
uitgestald	2.497
radijs	2.497
hazelton	2.497
opéra	2.497
outback	2.497
leerzame	2.497
turnster	2.497
octave	2.497
cassiopeia	2.497
verdekt	2.497
chrysanten	2.497
ceylon	2.497
grozny	2.497
prestigieus	2.497
onvolkomenheden	2.497
philippus	2.497
kamikazes	2.497
omi	2.497
atheïsten	2.497
marcelo	2.497
lassard	2.497
verkwisting	2.497
koptelefoons	2.497
west-virginia	2.497
basgitaar	2.497
moordwapens	2.497
welnemen	2.497
m.k.	2.497
volbloeden	2.497
beaujolais	2.497
whistle	2.497
medegevangene	2.497
abruzzi	2.497
zapp	2.497
plunder	2.497
byzantium	2.497
praktiserend	2.497
biodiversiteit	2.497
speelgoedmaker	2.497
kernafval	2.497
bepalende	2.497
noorderzon	2.497
rosslyn	2.497
11th	2.497
kwaken	2.497
setting	2.497
hunger	2.497
uitdrukkelijke	2.497
verbeurd	2.497
sana	2.497
l.h.	2.497
reycraft	2.497
maaide	2.497
gelukje	2.497
tuna	2.497
calle	2.497
harwood	2.497
conti	2.497
bepaalden	2.497
gros	2.497
zeezout	2.497
redactrice	2.497
bloomfield	2.497
embry	2.497
stoommachine	2.497
blankenship	2.497
energieën	2.497
golfterrein	2.497
narcan	2.497
starfighter	2.497
bevorderlijk	2.497
biza	2.497
kantonees	2.497
jm	2.497
gekrabbel	2.497
gulch	2.497
geopperd	2.497
seksclub	2.497
aanschaf	2.497
eastwick	2.497
pampers	2.497
niette	2.497
doorleven	2.497
bloedcirculatie	2.497
naadloos	2.497
slooft	2.497
nobelprijswinnaar	2.497
kerststal	2.497
hyuk	2.497
prikkelend	2.497
lulde	2.497
papen	2.497
baxters	2.497
minas	2.497
deinzen	2.497
doorboor	2.497
afgekapt	2.497
versperren	2.497
colombiaan	2.497
maggies	2.497
rumsfeld	2.497
noodverlichting	2.497
elektrode	2.497
recreatieve	2.497
nasim	2.497
competente	2.497
metafysische	2.497
gabu	2.497
hyundai	2.497
shelmikedmu	2.497
reiger	2.497
energies	2.497
drietal	2.497
mono	2.497
mcadams	2.497
betreurenswaardige	2.497
pansy	2.497
roque	2.497
darian	2.497
baer	2.497
inhuurden	2.497
buitenkomt	2.497
wĳ	2.497
saleh	2.497
moordproces	2.497
hiij	2.497
steekwonde	2.497
tuincentrum	2.497
adela	2.497
blades	2.497
maribel	2.497
afluisterde	2.497
bazuin	2.497
vijg	2.497
aantasting	2.497
kilowatt	2.497
legerarts	2.497
zoentje	2.497
gehrig	2.497
cuervo	2.497
contacteert	2.497
selenia	2.497
begeleide	2.497
tekenles	2.497
sanna	2.497
uitbundige	2.497
overschreven	2.497
shaws	2.497
waterstofbom	2.497
tonio	2.497
katdare	2.497
glunderen	2.497
trekvogels	2.497
bureaudienst	2.497
outsider	2.497
leerproces	2.497
michèle	2.497
indicator	2.497
snauwde	2.497
nulpunt	2.497
gezamelijk	2.497
ocr	2.497
karbonaadjes	2.497
omkeerbaar	2.497
vijftigste	2.497
tros	2.497
erasmus	2.497
nul-materie	2.497
overtollig	2.497
datingsite	2.497
deuntjes	2.497
viezer	2.497
capricorn	2.497
thermisch	2.497
ladonna	2.497
vicap	2.497
nachtschade	2.497
riot	2.497
julllie	2.497
attest	2.497
toneelschool	2.497
pop-up	2.497
legacy	2.497
mathayus	2.497
distributeurs	2.497
minbar	2.497
amaia	2.497
goetz	2.497
aangrijpende	2.491
omslaat	2.491
novelle	2.491
richtingaanwijzer	2.491
bestuurskamer	2.491
drenkeling	2.491
verrees	2.491
idealistische	2.491
althea	2.491
pinkje	2.491
kroaten	2.491
akela	2.491
bijwoont	2.491
minderwaardige	2.491
constructief	2.491
schoolgebouw	2.491
gezagsgetrouwe	2.491
vijftiger	2.491
jopie123	2.491
amputaties	2.491
aflatende	2.491
accounting	2.491
falklands	2.491
stigmata	2.491
karas	2.491
kapoor	2.491
ingeplant	2.491
wilg	2.491
skouras	2.491
byrde	2.491
mahatma	2.491
scheppers	2.491
ervanuit	2.491
asad	2.491
marciano	2.491
payn	2.491
boekenworm	2.491
kogellagers	2.491
seraphim	2.491
ingewikkelds	2.491
rugmassage	2.491
geldgebrek	2.491
triviaal	2.491
mitterrand	2.491
kampioene	2.491
reddingscapsule	2.491
inspecteerde	2.491
varkensbaai	2.491
ciudad	2.491
spitsbergen	2.491
laetitia	2.491
heftruck	2.491
mannenstem	2.491
recreatieruimte	2.491
lachebekje	2.491
getoverd	2.491
ladderwagen	2.491
voortrekken	2.491
magruder	2.491
lightspeed	2.491
huidtransplantatie	2.491
overdenk	2.491
sportkleding	2.491
carthago	2.491
slaapverwekkend	2.491
onvrede	2.491
gillingham	2.491
schoolspullen	2.491
ouzo	2.491
verjaardagsgeschenk	2.491
enchanté	2.491
vinson	2.491
kleinfelter	2.491
wenkt	2.491
goin	2.491
soon	2.491
zoop	2.491
mensenheugenis	2.491
asuka	2.491
opweg	2.491
copley	2.491
neuker	2.491
noon	2.491
panic	2.491
raise	2.491
ouderejaars	2.491
presidents	2.491
waandenkbeelden	2.491
wegende	2.491
scheidslijn	2.491
vuistslag	2.491
bijvak	2.491
saint-marie	2.491
faalangst	2.491
intomen	2.491
hannahs	2.491
laagst	2.491
daar.	2.491
jool	2.491
schuldeiser	2.491
kredieten	2.491
herzog	2.491
rikke	2.491
kunstschaatsen	2.491
horende	2.491
reten	2.491
bloedmaan	2.491
gretige	2.491
poezie	2.491
fanning	2.491
helge	2.491
witje	2.491
spanden	2.491
kán	2.491
pyongyang	2.491
garageverkoop	2.491
waggelen	2.491
minderbedeelden	2.491
attraction	2.491
flodder	2.491
ammehoela	2.491
omtoveren	2.491
pronkstuk	2.491
onbehouwen	2.491
combi	2.491
shiring	2.491
directiekamer	2.491
krulspelden	2.491
fitzwilliam	2.491
lagaan	2.491
jongens.	2.491
maleficent	2.491
reality-tv	2.491
apenkop	2.491
bitcoins	2.491
killjoy	2.491
kinderbijslag	2.491
variété	2.491
baloo	2.491
noordelijker	2.491
verpleegd	2.491
kwark	2.491
mottershead	2.491
ruziet	2.491
dionne	2.491
doodbloedde	2.491
gitty	2.491
kittridge	2.491
suliban	2.491
propos	2.491
geolied	2.491
banco	2.491
wat-wat	2.491
forceert	2.491
geneefse	2.491
oncontroleerbare	2.491
munroe	2.491
commandoschip	2.491
avec	2.491
sneeën	2.491
entomoloog	2.491
mediterrane	2.491
jean-marie	2.491
dierenrechten	2.491
weggeef	2.491
projectje	2.491
onderlip	2.491
ongeziene	2.491
stokbrood	2.491
adria	2.491
rantsoenering	2.491
kettingzagen	2.491
rayborn	2.491
beroeren	2.491
hospikken	2.491
deposito	2.491
brokjes	2.491
oversekste	2.491
feestelijkheden	2.491
fei-hong	2.491
levensloop	2.491
moord-zelfmoord	2.491
hemelvaart	2.491
glamoureuze	2.491
symbiose	2.491
waagden	2.491
giuliani	2.491
slaapkamerdeur	2.491
amico	2.491
virtuoos	2.491
marechaussee	2.491
cravat	2.491
malaya	2.491
traagheid	2.491
katholicisme	2.491
stansfield	2.491
cong	2.491
missdanny12	2.491
gekooid	2.491
zestiger	2.491
schaakstukken	2.491
dries	2.491
frittata	2.491
schilfers	2.491
aangroeien	2.491
wanhoopsdaad	2.491
cham	2.491
nirrti	2.491
halden	2.491
cardiomyopathie	2.491
groovy	2.491
maatpakken	2.491
jeu	2.491
therapiesessie	2.491
gespat	2.491
lavender	2.491
krell	2.491
bekakt	2.491
ricaan	2.491
neee	2.491
framboos	2.491
experimenteerden	2.491
familiestuk	2.491
oudbakken	2.491
lnteressant	2.491
onderzoekster	2.491
wipte	2.491
padde	2.491
kinderfeestje	2.491
omhaal	2.491
gaz	2.491
verkleedpartij	2.491
lanceercodes	2.491
zeepaardjes	2.491
slavenhandelaar	2.491
drommen	2.491
herstellend	2.491
verbrijzelt	2.491
acheron	2.491
cyr	2.491
he-man	2.491
takumi	2.491
landrover	2.491
kaiju	2.491
krieken	2.491
harpo	2.491
utopie	2.491
zelfhulp	2.491
scande	2.491
werkomstandigheden	2.491
vijfenvijftig	2.491
zoetstof	2.491
raadselen	2.491
workout	2.491
marktprijs	2.491
pontus	2.491
afzagen	2.491
baudelaire	2.491
weggesneden	2.491
dumpplek	2.491
interessantere	2.491
assistentes	2.491
vrolijks	2.491
stoller	2.491
bordenwasser	2.491
mejia	2.491
sojabonen	2.491
gepiest	2.491
manchetten	2.491
varner	2.491
nello	2.491
bosbes	2.491
glazenwasser	2.491
bemoeilijken	2.491
vechtmachine	2.491
wedloop	2.491
paradigma	2.491
macro	2.491
ritmische	2.491
gondo	2.491
hydro	2.491
biochemicus	2.491
dread	2.491
muiters	2.491
troostend	2.491
sapjes	2.491
goedgelovige	2.491
dralen	2.491
bijgehaald	2.491
berghof	2.491
toxisch	2.491
voorspeller	2.491
knoopt	2.491
webpagina	2.491
ontbindt	2.491
eens.	2.491
zwaarte	2.491
rijkere	2.491
720p	2.491
firewood	2.491
bourguignon	2.491
esthetische	2.491
smeerkaas	2.491
cannonball	2.491
shanks	2.491
autoritaire	2.491
gespreksstof	2.491
oorpijn	2.491
g.i	2.491
gekieteld	2.491
pfc	2.491
loras	2.491
jozua	2.491
overhandiging	2.491
riskanter	2.491
tremlett	2.491
telefoongids	2.491
fascineerde	2.491
aye-aye	2.491
koolzuur	2.491
oat	2.491
punisher	2.491
dearman	2.491
smallhausen	2.491
started	2.491
bolwerken	2.491
elling	2.491
damesafdeling	2.491
clientèle	2.491
dessler	2.491
brew	2.491
spiga	2.491
afgestoft	2.491
mobiliseer	2.491
gollum	2.491
aardolie	2.491
dussel	2.491
luistervink	2.491
zonneklaar	2.491
fluisterden	2.491
initiële	2.491
besneeuwde	2.491
demille	2.491
a4	2.491
character	2.491
donohue	2.491
decatur	2.491
zwaaiden	2.491
kerouac	2.491
luciana	2.491
velez	2.491
taks	2.491
farnese	2.491
beschikten	2.491
stilinski	2.486
maaier	2.486
henan	2.486
dichtdoe	2.486
tv-zender	2.486
rondcirkelen	2.486
gekoesterde	2.486
ijzersterke	2.486
until	2.486
bevelvoerend	2.486
gemeenschapscentrum	2.486
dondersteen	2.486
hybrid	2.486
snowbell	2.486
lessing	2.486
totziens	2.486
principal	2.486
kutten	2.486
rechtshandige	2.486
afzakken	2.486
opschepperij	2.486
spaghettivreters	2.486
erfdeel	2.486
kubussen	2.486
overdekte	2.486
uitknippen	2.486
heropent	2.486
eater	2.486
halter	2.486
vechtjas	2.486
belovend	2.486
sassenach	2.486
onderzetter	2.486
vamp	2.486
produktie	2.486
g20	2.486
muhammed	2.486
strandde	2.486
ongemerkte	2.486
strafpunten	2.486
kantoorwerk	2.486
afwimpelen	2.486
pokerspeler	2.486
dagon	2.486
m1	2.486
weggeslopen	2.486
afgedroogd	2.486
shaman	2.486
fifty	2.486
kwijnt	2.486
ambition	2.486
uitoefening	2.486
tiert	2.486
ingepraat	2.486
overzijde	2.486
krister	2.486
inpikte	2.486
condoleance	2.486
opvegen	2.486
galabal	2.486
ransel	2.486
broekriem	2.486
bestuurdersstoel	2.486
hiller	2.486
genovia	2.486
fonkelende	2.486
kovar	2.486
brandgevaar	2.486
hidden	2.486
fronst	2.486
reebok	2.486
michi	2.486
australia	2.486
ontwikkelingslanden	2.486
sterfte	2.486
natal	2.486
overheersend	2.486
nozzoli	2.486
azteekse	2.486
persconferenties	2.486
loring	2.486
onverklaarde	2.486
flies	2.486
adelle	2.486
linnengoed	2.486
subway	2.486
samenbracht	2.486
vertelen	2.486
tri	2.486
blonk	2.486
emolia	2.486
durend	2.486
omkleed	2.486
beertjes	2.486
languit	2.486
verspeelde	2.486
knuffelig	2.486
samy	2.486
vervroegen	2.486
huwt	2.486
naarjou	2.486
rinkelde	2.486
ontsproten	2.486
rolodex	2.486
uitgeleefd	2.486
christoffel	2.486
uitzettingsbevel	2.486
muurtje	2.486
desastreus	2.486
inlichtte	2.486
kwijtgespeeld	2.486
canaan	2.486
slowmotion	2.486
scheuring	2.486
experimenteer	2.486
liberation	2.486
toegangswegen	2.486
binnenoor	2.486
greenway	2.486
milieuactivisten	2.486
cantwell	2.486
countryclub	2.486
scenarioschrijver	2.486
pei	2.486
dood.	2.486
marja	2.486
ayres	2.486
onuitputtelijke	2.486
sobel	2.486
mohan	2.486
alti	2.486
rondgestuurd	2.486
stinkdieren	2.486
doodsbange	2.486
waterstam	2.486
herrees	2.486
zouten	2.486
narcissus	2.486
stilgar	2.486
kripke	2.486
revalidatiecentrum	2.486
kerstmissen	2.486
stadspolitie	2.486
jachthonden	2.486
diafragma	2.486
medley	2.486
onmetelijk	2.486
opruiende	2.486
narcolepsie	2.486
ezri	2.486
m.r.i.	2.486
supermens	2.486
honeywell	2.486
incredible	2.486
geassisteerd	2.486
tegenpool	2.486
alcoholpromillage	2.486
aardbewoner	2.486
zi	2.486
ut	2.486
seger	2.486
lll	2.486
eldritch	2.486
monoliet	2.486
nra	2.486
onderzoeksbureau	2.486
carmody	2.486
mama-san	2.486
rijstrook	2.486
moedeloos	2.486
hutkoffer	2.486
zuid-florida	2.486
vredesmissie	2.486
chutney	2.486
dennenappels	2.486
het-het	2.486
provocerende	2.486
greenfield	2.486
aminata	2.486
anasazi	2.486
soze	2.486
bekeert	2.486
protocols	2.486
wicket	2.486
michelin	2.486
loan	2.486
carpathia	2.486
breathe	2.486
teruggevochten	2.486
quinoa	2.486
politieverslag	2.486
sextant	2.486
marky	2.486
ontheiligen	2.486
geesteszieke	2.486
dieppe	2.486
ficus	2.486
kijkende	2.486
snuiters	2.486
regenjassen	2.486
thurgood	2.486
tattoe	2.486
smithson	2.486
warmbloedig	2.486
verdroeg	2.486
raye	2.486
ontstellend	2.486
samengespannen	2.486
raki	2.486
lissie	2.486
vinken	2.486
éénmalig	2.486
fluitsignaal	2.486
regentijd	2.486
stompje	2.486
g-boys	2.486
inpluggen	2.486
rochel	2.486
utica	2.486
skins	2.486
fellini	2.486
departementen	2.486
landru	2.486
spasmen	2.486
deran	2.486
coating	2.486
aanbeveelt	2.486
gecatalogiseerd	2.486
klager	2.486
kerstverhaal	2.486
teert	2.486
couric	2.486
tennisschoenen	2.486
lurch	2.486
xiv	2.486
meereen	2.486
plastics	2.486
trouwpartij	2.486
gedraagd	2.486
radijsjes	2.486
stembus	2.486
corticale	2.486
grafiet	2.486
ophitsen	2.486
seaborn	2.486
tarin	2.486
verlammend	2.486
wrattenzwijn	2.486
niño	2.486
zelfmoordaanslag	2.486
huismoeder	2.486
jantel	2.486
tasmanië	2.486
marauders	2.486
vakkundigheid	2.486
ijzerwaren	2.486
gauthier	2.486
dui	2.486
vegetatieve	2.486
ferdy	2.486
bethel	2.486
weersta	2.486
openbaarde	2.486
onervarenheid	2.486
popov	2.486
oud-collega	2.486
zondigt	2.486
noord-frankrijk	2.486
twijg	2.486
tascioni	2.486
gorô	2.486
opgekropt	2.486
herring	2.486
leugentjes	2.486
hijskraan	2.486
genomineerde	2.486
shakaar	2.486
sébastien	2.486
cortland	2.486
projecteer	2.486
betovert	2.486
duizendpoten	2.486
tait	2.486
prijsklasse	2.486
khal	2.486
mesjogge	2.486
dobermann	2.486
biologieles	2.486
plichtsgetrouw	2.486
implementeren	2.486
zijweg	2.486
feld	2.486
indio	2.486
zeilden	2.486
vlog	2.486
iain	2.486
gedachtelezer	2.486
opvolg	2.486
brabbelen	2.486
fysiologisch	2.486
schoonhouden	2.486
brennen	2.486
floppy	2.486
toegerust	2.486
bork	2.486
herlaad	2.486
gesnoeid	2.486
owls	2.486
terugvecht	2.486
chaka	2.486
rechttrekken	2.486
collecteren	2.486
atkinson	2.486
gebeft	2.486
opstopping	2.486
zijspan	2.486
spijsverteringskanaal	2.486
gezekerd	2.486
sitwell	2.486
ontkleed	2.486
harddrive	2.486
sekten	2.486
pee-wee	2.486
wasmachines	2.486
morn	2.486
nietzscheaanse	2.486
kampeerplek	2.486
nenita	2.486
aanraakten	2.486
ongelukkigen	2.486
bent.	2.486
mainwaring	2.486
stolen	2.486
amadeus	2.486
beveiligingsbeambte	2.486
kerstbonus	2.486
hysterectomie	2.486
foyet	2.486
rikketik	2.486
ruimden	2.486
onderzoekje	2.486
terminals	2.486
flauwval	2.486
mosconi	2.486
zetrov	2.486
strain	2.486
bonham	2.486
veldflessen	2.486
desoto	2.486
ondergingen	2.486
stribbel	2.486
eendagsvlieg	2.486
sensualiteit	2.486
onbegaanbaar	2.486
ophanden	2.486
geborduurd	2.486
aanrukken	2.486
stewards	2.486
martinsson	2.486
leadzanger	2.486
poindexter	2.486
belegger	2.486
antipsychotica	2.486
tates	2.486
oxnard	2.486
desdemona	2.486
proteine	2.486
ruitenwisser	2.486
gehaaid	2.486
medemensen	2.486
strafbank	2.486
hydraulica	2.486
licenties	2.486
landdieren	2.486
kellen	2.486
heu	2.486
huwelijkstherapie	2.486
greyson	2.486
onnozelaars	2.486
beïnvloeding	2.486
seances	2.480
manheim	2.480
destructie	2.480
quinjet	2.480
holistische	2.480
achtergrondverhaal	2.480
nattigheid	2.480
rayon	2.480
skelter	2.480
bracegirdle	2.480
gedrevenheid	2.480
ties	2.480
maanlander	2.480
verloste	2.480
verfijnder	2.480
agua	2.480
taru	2.480
2x	2.480
bevoorradingsschip	2.480
vergaarde	2.480
stepford	2.480
zakendiner	2.480
reve	2.480
levensredder	2.480
natacha	2.480
uitvergroot	2.480
onderaannemer	2.480
ralston	2.480
bescheuren	2.480
stuckey	2.480
clockwork	2.480
turen	2.480
cleve	2.480
lachtte	2.480
gelag	2.480
spastisch	2.480
phu	2.480
onoplosbaar	2.480
naquadria	2.480
freck	2.480
broncode	2.480
35-jarige	2.480
magellan	2.480
harrigan	2.480
natuurwet	2.480
varia	2.480
dochteronderneming	2.480
gasreus	2.480
verfilmd	2.480
bende-eenheid	2.480
deaf	2.480
massaproductie	2.480
woodall	2.480
devotie	2.480
woodcock	2.480
midori	2.480
substantieel	2.480
omkoopbaar	2.480
uitgeknipt	2.480
hetzelf	2.480
supermodellen	2.480
ruff	2.480
kaastaart	2.480
pv	2.480
onattent	2.480
motorcross	2.480
anymore	2.480
halftien	2.480
persberichten	2.480
opperarmbeen	2.480
visvoer	2.480
gardenia	2.480
liftte	2.480
snul	2.480
rafiel	2.480
battaglia	2.480
zeekoe	2.480
alarmknop	2.480
pistols	2.480
corvus	2.480
achterhoud	2.480
liefdadigheidsevenement	2.480
afsprak	2.480
dodemansknop	2.480
grenscontrole	2.480
verhuizer	2.480
grommende	2.480
kommetje	2.480
implodeert	2.480
amfetamines	2.480
hinkley	2.480
radiobericht	2.480
enigst	2.480
amberson	2.480
verrasten	2.480
gamma-kwadrant	2.480
yuppie	2.480
dumplings	2.480
danner	2.480
aanbeland	2.480
palmolie	2.480
danson	2.480
verstomd	2.480
representeert	2.480
flosdraad	2.480
macduff	2.480
onontdekt	2.480
streak	2.480
bronski	2.480
rotbui	2.480
genept	2.480
hiero	2.480
mckeen	2.480
windbuil	2.480
